model,family,task,split,arch,k,acc,tokens,config
0.5B,arc,arc-0000,calib,single,1,0.0,143.0,
0.5B,arc,arc-0000,calib,vote,4,0.0,487.0,vote_k4
0.5B,arc,arc-0000,calib,oracle,4,0.0,487.0,oracle_k4
0.5B,arc,arc-0000,calib,judge,4,0.0,767.5,judge_k4
0.5B,arc,arc-0000,calib,vote,8,0.0,938.0,vote_k8
0.5B,arc,arc-0000,calib,oracle,8,0.0,938.0,oracle_k8
0.5B,arc,arc-0000,calib,judge,8,0.0,1344.0,judge_k8
0.5B,arc,arc-0000,calib,seq,1,0.0,143.0,seq_r1
0.5B,arc,arc-0000,calib,seq,2,0.0,374.0,seq_r2
0.5B,arc,arc-0000,calib,seq,3,0.0,555.0,seq_r3
0.5B,arc,arc-0000,calib,seq,4,0.0,776.0,seq_r4
0.5B,arc,arc-0000,calib,long,2,0.0,454.0,long_m2
0.5B,arc,arc-0000,calib,long,4,0.0,454.0,long_m4
0.5B,arc,arc-0000,calib,debate,6,0.0,1194.0,debate_a3r2
0.5B,arc,arc-0001,calib,single,1,1.0,57.0,
0.5B,arc,arc-0001,calib,vote,4,1.0,238.0,vote_k4
0.5B,arc,arc-0001,calib,oracle,4,1.0,238.0,oracle_k4
0.5B,arc,arc-0001,calib,judge,4,1.0,366.0,judge_k4
0.5B,arc,arc-0001,calib,vote,8,1.0,483.0,vote_k8
0.5B,arc,arc-0001,calib,oracle,8,1.0,483.0,oracle_k8
0.5B,arc,arc-0001,calib,judge,8,1.0,662.0,judge_k8
0.5B,arc,arc-0001,calib,seq,1,1.0,57.0,seq_r1
0.5B,arc,arc-0001,calib,seq,2,1.0,149.0,seq_r2
0.5B,arc,arc-0001,calib,seq,3,1.0,240.0,seq_r3
0.5B,arc,arc-0001,calib,seq,4,1.0,331.0,seq_r4
0.5B,arc,arc-0001,calib,long,2,1.0,89.0,long_m2
0.5B,arc,arc-0001,calib,long,4,1.0,89.0,long_m4
0.5B,arc,arc-0001,calib,debate,6,1.0,463.0,debate_a3r2
0.5B,arc,arc-0002,calib,single,1,1.0,84.0,
0.5B,arc,arc-0002,calib,vote,4,1.0,336.0,vote_k4
0.5B,arc,arc-0002,calib,oracle,4,1.0,336.0,oracle_k4
0.5B,arc,arc-0002,calib,judge,4,1.0,489.0,judge_k4
0.5B,arc,arc-0002,calib,vote,8,1.0,735.0,vote_k8
0.5B,arc,arc-0002,calib,oracle,8,1.0,735.0,oracle_k8
0.5B,arc,arc-0002,calib,judge,8,1.0,999.0,judge_k8
0.5B,arc,arc-0002,calib,seq,1,1.0,84.0,seq_r1
0.5B,arc,arc-0002,calib,seq,2,1.0,210.0,seq_r2
0.5B,arc,arc-0002,calib,seq,3,1.0,332.0,seq_r3
0.5B,arc,arc-0002,calib,seq,4,0.0,541.0,seq_r4
0.5B,arc,arc-0002,calib,long,2,1.0,298.0,long_m2
0.5B,arc,arc-0002,calib,long,4,1.0,298.0,long_m4
0.5B,arc,arc-0002,calib,debate,6,1.0,638.0,debate_a3r2
0.5B,arc,arc-0003,calib,single,1,1.0,212.0,
0.5B,arc,arc-0003,calib,vote,4,1.0,471.5,vote_k4
0.5B,arc,arc-0003,calib,oracle,4,1.0,471.5,oracle_k4
0.5B,arc,arc-0003,calib,judge,4,1.0,777.5,judge_k4
0.5B,arc,arc-0003,calib,vote,8,1.0,861.0,vote_k8
0.5B,arc,arc-0003,calib,oracle,8,1.0,861.0,oracle_k8
0.5B,arc,arc-0003,calib,judge,8,1.0,1291.0,judge_k8
0.5B,arc,arc-0003,calib,seq,1,1.0,212.0,seq_r1
0.5B,arc,arc-0003,calib,seq,2,1.0,462.0,seq_r2
0.5B,arc,arc-0003,calib,seq,3,1.0,637.0,seq_r3
0.5B,arc,arc-0003,calib,seq,4,1.0,812.0,seq_r4
0.5B,arc,arc-0003,calib,long,2,1.0,336.0,long_m2
0.5B,arc,arc-0003,calib,long,4,1.0,336.0,long_m4
0.5B,arc,arc-0003,calib,debate,6,1.0,910.0,debate_a3r2
0.5B,arc,arc-0004,calib,single,1,0.0,167.0,
0.5B,arc,arc-0004,calib,vote,4,1.0,618.0,vote_k4
0.5B,arc,arc-0004,calib,oracle,4,1.0,618.0,oracle_k4
0.5B,arc,arc-0004,calib,judge,4,0.5,943.0,judge_k4
0.5B,arc,arc-0004,calib,vote,8,1.0,1280.0,vote_k8
0.5B,arc,arc-0004,calib,oracle,8,1.0,1280.0,oracle_k8
0.5B,arc,arc-0004,calib,judge,8,0.0,1826.0,judge_k8
0.5B,arc,arc-0004,calib,seq,1,0.0,167.0,seq_r1
0.5B,arc,arc-0004,calib,seq,2,0.0,368.0,seq_r2
0.5B,arc,arc-0004,calib,seq,3,0.0,520.0,seq_r3
0.5B,arc,arc-0004,calib,seq,4,1.0,672.0,seq_r4
0.5B,arc,arc-0004,calib,long,2,0.0,450.0,long_m2
0.5B,arc,arc-0004,calib,long,4,0.0,450.0,long_m4
0.5B,arc,arc-0004,calib,debate,6,1.0,1169.0,debate_a3r2
0.5B,arc,arc-0005,calib,single,1,1.0,87.0,
0.5B,arc,arc-0005,calib,vote,4,1.0,393.5,vote_k4
0.5B,arc,arc-0005,calib,oracle,4,1.0,393.5,oracle_k4
0.5B,arc,arc-0005,calib,judge,4,1.0,598.0,judge_k4
0.5B,arc,arc-0005,calib,vote,8,1.0,787.0,vote_k8
0.5B,arc,arc-0005,calib,oracle,8,1.0,787.0,oracle_k8
0.5B,arc,arc-0005,calib,judge,8,1.0,1089.0,judge_k8
0.5B,arc,arc-0005,calib,seq,1,1.0,87.0,seq_r1
0.5B,arc,arc-0005,calib,seq,2,1.0,207.0,seq_r2
0.5B,arc,arc-0005,calib,seq,3,1.0,404.0,seq_r3
0.5B,arc,arc-0005,calib,seq,4,1.0,600.0,seq_r4
0.5B,arc,arc-0005,calib,long,2,0.0,368.0,long_m2
0.5B,arc,arc-0005,calib,long,4,0.0,368.0,long_m4
0.5B,arc,arc-0005,calib,debate,6,1.0,669.0,debate_a3r2
0.5B,arc,arc-0006,calib,single,1,1.0,56.0,
0.5B,arc,arc-0006,calib,vote,4,1.0,235.5,vote_k4
0.5B,arc,arc-0006,calib,oracle,4,1.0,235.5,oracle_k4
0.5B,arc,arc-0006,calib,judge,4,1.0,361.5,judge_k4
0.5B,arc,arc-0006,calib,vote,8,1.0,470.0,vote_k8
0.5B,arc,arc-0006,calib,oracle,8,1.0,470.0,oracle_k8
0.5B,arc,arc-0006,calib,judge,8,1.0,638.0,judge_k8
0.5B,arc,arc-0006,calib,seq,1,1.0,56.0,seq_r1
0.5B,arc,arc-0006,calib,seq,2,1.0,147.0,seq_r2
0.5B,arc,arc-0006,calib,seq,3,1.0,238.0,seq_r3
0.5B,arc,arc-0006,calib,seq,4,1.0,329.0,seq_r4
0.5B,arc,arc-0006,calib,long,2,1.0,89.0,long_m2
0.5B,arc,arc-0006,calib,long,4,1.0,89.0,long_m4
0.5B,arc,arc-0006,calib,debate,6,0.0,454.0,debate_a3r2
0.5B,arc,arc-0007,calib,single,1,1.0,114.0,
0.5B,arc,arc-0007,calib,vote,4,1.0,612.5,vote_k4
0.5B,arc,arc-0007,calib,oracle,4,1.0,612.5,oracle_k4
0.5B,arc,arc-0007,calib,judge,4,1.0,958.0,judge_k4
0.5B,arc,arc-0007,calib,vote,8,1.0,1290.0,vote_k8
0.5B,arc,arc-0007,calib,oracle,8,1.0,1290.0,oracle_k8
0.5B,arc,arc-0007,calib,judge,8,1.0,1913.0,judge_k8
0.5B,arc,arc-0007,calib,seq,1,1.0,114.0,seq_r1
0.5B,arc,arc-0007,calib,seq,2,1.0,369.0,seq_r2
0.5B,arc,arc-0007,calib,seq,3,1.0,624.0,seq_r3
0.5B,arc,arc-0007,calib,seq,4,1.0,782.0,seq_r4
0.5B,arc,arc-0007,calib,long,2,1.0,424.0,long_m2
0.5B,arc,arc-0007,calib,long,4,1.0,424.0,long_m4
0.5B,arc,arc-0007,calib,debate,6,1.0,1146.0,debate_a3r2
0.5B,arc,arc-0008,calib,single,1,0.0,118.0,
0.5B,arc,arc-0008,calib,vote,4,0.0,433.0,vote_k4
0.5B,arc,arc-0008,calib,oracle,4,0.5,433.0,oracle_k4
0.5B,arc,arc-0008,calib,judge,4,0.5,646.5,judge_k4
0.5B,arc,arc-0008,calib,vote,8,0.0,851.0,vote_k8
0.5B,arc,arc-0008,calib,oracle,8,1.0,851.0,oracle_k8
0.5B,arc,arc-0008,calib,judge,8,0.0,1134.0,judge_k8
0.5B,arc,arc-0008,calib,seq,1,0.0,118.0,seq_r1
0.5B,arc,arc-0008,calib,seq,2,0.0,269.0,seq_r2
0.5B,arc,arc-0008,calib,seq,3,0.0,396.0,seq_r3
0.5B,arc,arc-0008,calib,seq,4,0.0,523.0,seq_r4
0.5B,arc,arc-0008,calib,long,2,0.0,377.0,long_m2
0.5B,arc,arc-0008,calib,long,4,0.0,377.0,long_m4
0.5B,arc,arc-0008,calib,debate,6,0.0,798.0,debate_a3r2
0.5B,arc,arc-0009,calib,single,1,0.0,83.0,
0.5B,arc,arc-0009,calib,vote,4,1.0,362.0,vote_k4
0.5B,arc,arc-0009,calib,oracle,4,1.0,362.0,oracle_k4
0.5B,arc,arc-0009,calib,judge,4,1.0,556.0,judge_k4
0.5B,arc,arc-0009,calib,vote,8,1.0,728.0,vote_k8
0.5B,arc,arc-0009,calib,oracle,8,1.0,728.0,oracle_k8
0.5B,arc,arc-0009,calib,judge,8,0.0,1007.0,judge_k8
0.5B,arc,arc-0009,calib,seq,1,0.0,83.0,seq_r1
0.5B,arc,arc-0009,calib,seq,2,0.0,201.0,seq_r2
0.5B,arc,arc-0009,calib,seq,3,0.0,378.0,seq_r3
0.5B,arc,arc-0009,calib,seq,4,0.0,554.0,seq_r4
0.5B,arc,arc-0009,calib,long,2,1.0,373.0,long_m2
0.5B,arc,arc-0009,calib,long,4,1.0,373.0,long_m4
0.5B,arc,arc-0009,calib,debate,6,0.0,650.0,debate_a3r2
0.5B,arc,arc-0010,calib,single,1,1.0,116.0,
0.5B,arc,arc-0010,calib,vote,4,0.5,507.5,vote_k4
0.5B,arc,arc-0010,calib,oracle,4,1.0,507.5,oracle_k4
0.5B,arc,arc-0010,calib,judge,4,0.0,760.0,judge_k4
0.5B,arc,arc-0010,calib,vote,8,0.0,1399.0,vote_k8
0.5B,arc,arc-0010,calib,oracle,8,1.0,1399.0,oracle_k8
0.5B,arc,arc-0010,calib,judge,8,1.0,2045.0,judge_k8
0.5B,arc,arc-0010,calib,seq,1,1.0,116.0,seq_r1
0.5B,arc,arc-0010,calib,seq,2,1.0,386.0,seq_r2
0.5B,arc,arc-0010,calib,seq,3,1.0,656.0,seq_r3
0.5B,arc,arc-0010,calib,seq,4,1.0,818.0,seq_r4
0.5B,arc,arc-0010,calib,long,2,0.0,198.0,long_m2
0.5B,arc,arc-0010,calib,long,4,0.0,198.0,long_m4
0.5B,arc,arc-0010,calib,debate,6,0.0,1204.0,debate_a3r2
0.5B,arc,arc-0011,calib,single,1,0.0,413.0,
0.5B,arc,arc-0011,calib,vote,4,0.0,1399.0,vote_k4
0.5B,arc,arc-0011,calib,oracle,4,0.5,1399.0,oracle_k4
0.5B,arc,arc-0011,calib,judge,4,0.5,2200.0,judge_k4
0.5B,arc,arc-0011,calib,vote,8,0.0,3051.0,vote_k8
0.5B,arc,arc-0011,calib,oracle,8,1.0,3051.0,oracle_k8
0.5B,arc,arc-0011,calib,judge,8,0.0,4717.0,judge_k8
0.5B,arc,arc-0011,calib,seq,1,0.0,413.0,seq_r1
0.5B,arc,arc-0011,calib,seq,2,0.0,1114.0,seq_r2
0.5B,arc,arc-0011,calib,seq,3,0.0,1814.0,seq_r3
0.5B,arc,arc-0011,calib,seq,4,0.0,2317.0,seq_r4
0.5B,arc,arc-0011,calib,long,2,0.0,653.0,long_m2
0.5B,arc,arc-0011,calib,long,4,0.0,653.0,long_m4
0.5B,arc,arc-0011,calib,debate,6,0.0,2070.0,debate_a3r2
0.5B,arc,arc-0012,calib,single,1,0.0,91.0,
0.5B,arc,arc-0012,calib,vote,4,0.5,419.0,vote_k4
0.5B,arc,arc-0012,calib,oracle,4,1.0,419.0,oracle_k4
0.5B,arc,arc-0012,calib,judge,4,1.0,639.5,judge_k4
0.5B,arc,arc-0012,calib,vote,8,0.0,883.0,vote_k8
0.5B,arc,arc-0012,calib,oracle,8,1.0,883.0,oracle_k8
0.5B,arc,arc-0012,calib,judge,8,0.0,1256.0,judge_k8
0.5B,arc,arc-0012,calib,seq,1,0.0,91.0,seq_r1
0.5B,arc,arc-0012,calib,seq,2,0.0,230.0,seq_r2
0.5B,arc,arc-0012,calib,seq,3,0.0,364.0,seq_r3
0.5B,arc,arc-0012,calib,seq,4,0.0,486.0,seq_r4
0.5B,arc,arc-0012,calib,long,2,0.0,352.0,long_m2
0.5B,arc,arc-0012,calib,long,4,0.0,352.0,long_m4
0.5B,arc,arc-0012,calib,debate,6,0.0,788.0,debate_a3r2
0.5B,arc,arc-0013,calib,single,1,0.0,65.0,
0.5B,arc,arc-0013,calib,vote,4,0.0,404.5,vote_k4
0.5B,arc,arc-0013,calib,oracle,4,0.5,404.5,oracle_k4
0.5B,arc,arc-0013,calib,judge,4,0.0,641.0,judge_k4
0.5B,arc,arc-0013,calib,vote,8,0.0,789.0,vote_k8
0.5B,arc,arc-0013,calib,oracle,8,1.0,789.0,oracle_k8
0.5B,arc,arc-0013,calib,judge,8,0.0,1151.0,judge_k8
0.5B,arc,arc-0013,calib,seq,1,0.0,65.0,seq_r1
0.5B,arc,arc-0013,calib,seq,2,1.0,212.0,seq_r2
0.5B,arc,arc-0013,calib,seq,3,1.0,358.0,seq_r3
0.5B,arc,arc-0013,calib,seq,4,0.0,555.0,seq_r4
0.5B,arc,arc-0013,calib,long,2,0.0,98.0,long_m2
0.5B,arc,arc-0013,calib,long,4,0.0,98.0,long_m4
0.5B,arc,arc-0013,calib,debate,6,0.0,568.0,debate_a3r2
0.5B,arc,arc-0014,calib,single,1,0.0,83.0,
0.5B,arc,arc-0014,calib,vote,4,0.0,436.0,vote_k4
0.5B,arc,arc-0014,calib,oracle,4,0.0,436.0,oracle_k4
0.5B,arc,arc-0014,calib,judge,4,0.0,690.0,judge_k4
0.5B,arc,arc-0014,calib,vote,8,0.0,891.0,vote_k8
0.5B,arc,arc-0014,calib,oracle,8,0.0,891.0,oracle_k8
0.5B,arc,arc-0014,calib,judge,8,0.0,1307.0,judge_k8
0.5B,arc,arc-0014,calib,seq,1,0.0,83.0,seq_r1
0.5B,arc,arc-0014,calib,seq,2,0.0,204.0,seq_r2
0.5B,arc,arc-0014,calib,seq,3,0.0,325.0,seq_r3
0.5B,arc,arc-0014,calib,seq,4,0.0,446.0,seq_r4
0.5B,arc,arc-0014,calib,long,2,1.0,349.0,long_m2
0.5B,arc,arc-0014,calib,long,4,1.0,349.0,long_m4
0.5B,arc,arc-0014,calib,debate,6,0.0,889.0,debate_a3r2
0.5B,arc,arc-0015,calib,single,1,1.0,82.0,
0.5B,arc,arc-0015,calib,vote,4,1.0,360.0,vote_k4
0.5B,arc,arc-0015,calib,oracle,4,1.0,360.0,oracle_k4
0.5B,arc,arc-0015,calib,judge,4,0.5,538.5,judge_k4
0.5B,arc,arc-0015,calib,vote,8,1.0,723.0,vote_k8
0.5B,arc,arc-0015,calib,oracle,8,1.0,723.0,oracle_k8
0.5B,arc,arc-0015,calib,judge,8,1.0,975.0,judge_k8
0.5B,arc,arc-0015,calib,seq,1,1.0,82.0,seq_r1
0.5B,arc,arc-0015,calib,seq,2,1.0,284.0,seq_r2
0.5B,arc,arc-0015,calib,seq,3,1.0,486.0,seq_r3
0.5B,arc,arc-0015,calib,seq,4,1.0,603.0,seq_r4
0.5B,arc,arc-0015,calib,long,2,1.0,212.0,long_m2
0.5B,arc,arc-0015,calib,long,4,1.0,212.0,long_m4
0.5B,arc,arc-0015,calib,debate,6,1.0,617.0,debate_a3r2
0.5B,arc,arc-0016,calib,single,1,0.0,147.0,
0.5B,arc,arc-0016,calib,vote,4,0.0,608.5,vote_k4
0.5B,arc,arc-0016,calib,oracle,4,0.0,608.5,oracle_k4
0.5B,arc,arc-0016,calib,judge,4,0.0,1028.0,judge_k4
0.5B,arc,arc-0016,calib,vote,8,0.0,1101.0,vote_k8
0.5B,arc,arc-0016,calib,oracle,8,0.0,1101.0,oracle_k8
0.5B,arc,arc-0016,calib,judge,8,0.0,1697.0,judge_k8
0.5B,arc,arc-0016,calib,seq,1,0.0,147.0,seq_r1
0.5B,arc,arc-0016,calib,seq,2,0.0,327.0,seq_r2
0.5B,arc,arc-0016,calib,seq,3,0.0,445.0,seq_r3
0.5B,arc,arc-0016,calib,seq,4,0.0,621.0,seq_r4
0.5B,arc,arc-0016,calib,long,2,0.0,116.0,long_m2
0.5B,arc,arc-0016,calib,long,4,0.0,116.0,long_m4
0.5B,arc,arc-0016,calib,debate,6,0.0,1046.0,debate_a3r2
0.5B,arc,arc-0017,calib,single,1,0.0,136.0,
0.5B,arc,arc-0017,calib,vote,4,0.0,425.5,vote_k4
0.5B,arc,arc-0017,calib,oracle,4,0.5,425.5,oracle_k4
0.5B,arc,arc-0017,calib,judge,4,0.0,697.5,judge_k4
0.5B,arc,arc-0017,calib,vote,8,0.0,799.0,vote_k8
0.5B,arc,arc-0017,calib,oracle,8,1.0,799.0,oracle_k8
0.5B,arc,arc-0017,calib,judge,8,0.0,1194.0,judge_k8
0.5B,arc,arc-0017,calib,seq,1,0.0,136.0,seq_r1
0.5B,arc,arc-0017,calib,seq,2,0.0,306.0,seq_r2
0.5B,arc,arc-0017,calib,seq,3,1.0,411.0,seq_r3
0.5B,arc,arc-0017,calib,seq,4,1.0,516.0,seq_r4
0.5B,arc,arc-0017,calib,long,2,0.0,385.0,long_m2
0.5B,arc,arc-0017,calib,long,4,0.0,385.0,long_m4
0.5B,arc,arc-0017,calib,debate,6,0.0,742.0,debate_a3r2
0.5B,arc,arc-0018,calib,single,1,0.0,164.0,
0.5B,arc,arc-0018,calib,vote,4,0.0,659.5,vote_k4
0.5B,arc,arc-0018,calib,oracle,4,1.0,659.5,oracle_k4
0.5B,arc,arc-0018,calib,judge,4,0.0,1088.0,judge_k4
0.5B,arc,arc-0018,calib,vote,8,0.0,1271.0,vote_k8
0.5B,arc,arc-0018,calib,oracle,8,1.0,1271.0,oracle_k8
0.5B,arc,arc-0018,calib,judge,8,0.0,1959.0,judge_k8
0.5B,arc,arc-0018,calib,seq,1,0.0,164.0,seq_r1
0.5B,arc,arc-0018,calib,seq,2,0.0,361.0,seq_r2
0.5B,arc,arc-0018,calib,seq,3,0.0,490.0,seq_r3
0.5B,arc,arc-0018,calib,seq,4,0.0,619.0,seq_r4
0.5B,arc,arc-0018,calib,long,2,0.0,386.0,long_m2
0.5B,arc,arc-0018,calib,long,4,0.0,386.0,long_m4
0.5B,arc,arc-0018,calib,debate,6,0.0,1329.0,debate_a3r2
0.5B,arc,arc-0019,calib,single,1,0.0,345.0,
0.5B,arc,arc-0019,calib,vote,4,0.0,949.5,vote_k4
0.5B,arc,arc-0019,calib,oracle,4,1.0,949.5,oracle_k4
0.5B,arc,arc-0019,calib,judge,4,0.5,1515.5,judge_k4
0.5B,arc,arc-0019,calib,vote,8,1.0,1549.0,vote_k8
0.5B,arc,arc-0019,calib,oracle,8,1.0,1549.0,oracle_k8
0.5B,arc,arc-0019,calib,judge,8,0.0,2313.0,judge_k8
0.5B,arc,arc-0019,calib,seq,1,0.0,345.0,seq_r1
0.5B,arc,arc-0019,calib,seq,2,0.0,715.0,seq_r2
0.5B,arc,arc-0019,calib,seq,3,0.0,851.0,seq_r3
0.5B,arc,arc-0019,calib,seq,4,0.0,987.0,seq_r4
0.5B,arc,arc-0019,calib,long,2,1.0,432.0,long_m2
0.5B,arc,arc-0019,calib,long,4,1.0,432.0,long_m4
0.5B,arc,arc-0019,calib,debate,6,1.0,1456.0,debate_a3r2
0.5B,arc,arc-0020,calib,single,1,0.0,78.0,
0.5B,arc,arc-0020,calib,vote,4,0.0,312.0,vote_k4
0.5B,arc,arc-0020,calib,oracle,4,0.0,312.0,oracle_k4
0.5B,arc,arc-0020,calib,judge,4,0.0,449.0,judge_k4
0.5B,arc,arc-0020,calib,vote,8,0.0,624.0,vote_k8
0.5B,arc,arc-0020,calib,oracle,8,0.0,624.0,oracle_k8
0.5B,arc,arc-0020,calib,judge,8,0.0,793.0,judge_k8
0.5B,arc,arc-0020,calib,seq,1,0.0,78.0,seq_r1
0.5B,arc,arc-0020,calib,seq,2,0.0,191.0,seq_r2
0.5B,arc,arc-0020,calib,seq,3,0.0,304.0,seq_r3
0.5B,arc,arc-0020,calib,seq,4,0.0,470.0,seq_r4
0.5B,arc,arc-0020,calib,long,2,0.0,111.0,long_m2
0.5B,arc,arc-0020,calib,long,4,0.0,111.0,long_m4
0.5B,arc,arc-0020,calib,debate,6,0.0,584.0,debate_a3r2
0.5B,arc,arc-0021,calib,single,1,0.0,160.0,
0.5B,arc,arc-0021,calib,vote,4,0.0,425.0,vote_k4
0.5B,arc,arc-0021,calib,oracle,4,0.0,425.0,oracle_k4
0.5B,arc,arc-0021,calib,judge,4,0.0,689.0,judge_k4
0.5B,arc,arc-0021,calib,vote,8,0.0,769.0,vote_k8
0.5B,arc,arc-0021,calib,oracle,8,0.0,769.0,oracle_k8
0.5B,arc,arc-0021,calib,judge,8,0.0,1116.0,judge_k8
0.5B,arc,arc-0021,calib,seq,1,0.0,160.0,seq_r1
0.5B,arc,arc-0021,calib,seq,2,0.0,384.0,seq_r2
0.5B,arc,arc-0021,calib,seq,3,0.0,520.0,seq_r3
0.5B,arc,arc-0021,calib,seq,4,0.0,739.0,seq_r4
0.5B,arc,arc-0021,calib,long,2,0.0,106.0,long_m2
0.5B,arc,arc-0021,calib,long,4,0.0,106.0,long_m4
0.5B,arc,arc-0021,calib,debate,6,0.0,819.0,debate_a3r2
0.5B,arc,arc-0022,calib,single,1,1.0,82.0,
0.5B,arc,arc-0022,calib,vote,4,1.0,332.0,vote_k4
0.5B,arc,arc-0022,calib,oracle,4,1.0,332.0,oracle_k4
0.5B,arc,arc-0022,calib,judge,4,1.0,475.5,judge_k4
0.5B,arc,arc-0022,calib,vote,8,1.0,664.0,vote_k8
0.5B,arc,arc-0022,calib,oracle,8,1.0,664.0,oracle_k8
0.5B,arc,arc-0022,calib,judge,8,1.0,843.0,judge_k8
0.5B,arc,arc-0022,calib,seq,1,1.0,82.0,seq_r1
0.5B,arc,arc-0022,calib,seq,2,1.0,198.0,seq_r2
0.5B,arc,arc-0022,calib,seq,3,1.0,314.0,seq_r3
0.5B,arc,arc-0022,calib,seq,4,1.0,468.0,seq_r4
0.5B,arc,arc-0022,calib,long,2,1.0,114.0,long_m2
0.5B,arc,arc-0022,calib,long,4,1.0,114.0,long_m4
0.5B,arc,arc-0022,calib,debate,6,1.0,607.0,debate_a3r2
0.5B,arc,arc-0023,calib,single,1,1.0,120.0,
0.5B,arc,arc-0023,calib,vote,4,1.0,480.0,vote_k4
0.5B,arc,arc-0023,calib,oracle,4,1.0,480.0,oracle_k4
0.5B,arc,arc-0023,calib,judge,4,1.0,688.0,judge_k4
0.5B,arc,arc-0023,calib,vote,8,1.0,960.0,vote_k8
0.5B,arc,arc-0023,calib,oracle,8,1.0,960.0,oracle_k8
0.5B,arc,arc-0023,calib,judge,8,1.0,1228.0,judge_k8
0.5B,arc,arc-0023,calib,seq,1,1.0,120.0,seq_r1
0.5B,arc,arc-0023,calib,seq,2,1.0,281.0,seq_r2
0.5B,arc,arc-0023,calib,seq,3,1.0,477.0,seq_r3
0.5B,arc,arc-0023,calib,seq,4,1.0,665.0,seq_r4
0.5B,arc,arc-0023,calib,long,2,0.0,347.0,long_m2
0.5B,arc,arc-0023,calib,long,4,0.0,347.0,long_m4
0.5B,arc,arc-0023,calib,debate,6,1.0,863.0,debate_a3r2
0.5B,arc,arc-0024,calib,single,1,1.0,77.0,
0.5B,arc,arc-0024,calib,vote,4,1.0,732.5,vote_k4
0.5B,arc,arc-0024,calib,oracle,4,1.0,732.5,oracle_k4
0.5B,arc,arc-0024,calib,judge,4,0.5,1212.5,judge_k4
0.5B,arc,arc-0024,calib,vote,8,1.0,1259.0,vote_k8
0.5B,arc,arc-0024,calib,oracle,8,1.0,1259.0,oracle_k8
0.5B,arc,arc-0024,calib,judge,8,0.0,1952.0,judge_k8
0.5B,arc,arc-0024,calib,seq,1,1.0,77.0,seq_r1
0.5B,arc,arc-0024,calib,seq,2,1.0,189.0,seq_r2
0.5B,arc,arc-0024,calib,seq,3,1.0,301.0,seq_r3
0.5B,arc,arc-0024,calib,seq,4,1.0,413.0,seq_r4
0.5B,arc,arc-0024,calib,long,2,1.0,289.0,long_m2
0.5B,arc,arc-0024,calib,long,4,1.0,289.0,long_m4
0.5B,arc,arc-0024,calib,debate,6,1.0,1016.0,debate_a3r2
0.5B,arc,arc-0025,calib,single,1,1.0,59.0,
0.5B,arc,arc-0025,calib,vote,4,1.0,236.0,vote_k4
0.5B,arc,arc-0025,calib,oracle,4,1.0,236.0,oracle_k4
0.5B,arc,arc-0025,calib,judge,4,1.0,352.0,judge_k4
0.5B,arc,arc-0025,calib,vote,8,1.0,471.0,vote_k8
0.5B,arc,arc-0025,calib,oracle,8,1.0,471.0,oracle_k8
0.5B,arc,arc-0025,calib,judge,8,1.0,619.0,judge_k8
0.5B,arc,arc-0025,calib,seq,1,1.0,59.0,seq_r1
0.5B,arc,arc-0025,calib,seq,2,1.0,152.0,seq_r2
0.5B,arc,arc-0025,calib,seq,3,1.0,244.0,seq_r3
0.5B,arc,arc-0025,calib,seq,4,1.0,380.0,seq_r4
0.5B,arc,arc-0025,calib,long,2,1.0,90.0,long_m2
0.5B,arc,arc-0025,calib,long,4,1.0,90.0,long_m4
0.5B,arc,arc-0025,calib,debate,6,1.0,466.0,debate_a3r2
0.5B,arc,arc-0026,calib,single,1,0.0,163.0,
0.5B,arc,arc-0026,calib,vote,4,0.5,634.5,vote_k4
0.5B,arc,arc-0026,calib,oracle,4,1.0,634.5,oracle_k4
0.5B,arc,arc-0026,calib,judge,4,1.0,967.0,judge_k4
0.5B,arc,arc-0026,calib,vote,8,0.0,1297.0,vote_k8
0.5B,arc,arc-0026,calib,oracle,8,1.0,1297.0,oracle_k8
0.5B,arc,arc-0026,calib,judge,8,0.0,1844.0,judge_k8
0.5B,arc,arc-0026,calib,seq,1,0.0,163.0,seq_r1
0.5B,arc,arc-0026,calib,seq,2,1.0,359.0,seq_r2
0.5B,arc,arc-0026,calib,seq,3,1.0,512.0,seq_r3
0.5B,arc,arc-0026,calib,seq,4,1.0,665.0,seq_r4
0.5B,arc,arc-0026,calib,long,2,1.0,464.0,long_m2
0.5B,arc,arc-0026,calib,long,4,1.0,464.0,long_m4
0.5B,arc,arc-0026,calib,debate,6,1.0,1158.0,debate_a3r2
0.5B,arc,arc-0027,calib,single,1,1.0,132.0,
0.5B,arc,arc-0027,calib,vote,4,1.0,479.5,vote_k4
0.5B,arc,arc-0027,calib,oracle,4,1.0,479.5,oracle_k4
0.5B,arc,arc-0027,calib,judge,4,0.5,777.5,judge_k4
0.5B,arc,arc-0027,calib,vote,8,0.0,938.0,vote_k8
0.5B,arc,arc-0027,calib,oracle,8,1.0,938.0,oracle_k8
0.5B,arc,arc-0027,calib,judge,8,1.0,1413.0,judge_k8
0.5B,arc,arc-0027,calib,seq,1,1.0,132.0,seq_r1
0.5B,arc,arc-0027,calib,seq,2,1.0,305.0,seq_r2
0.5B,arc,arc-0027,calib,seq,3,1.0,417.0,seq_r3
0.5B,arc,arc-0027,calib,seq,4,1.0,524.0,seq_r4
0.5B,arc,arc-0027,calib,long,2,1.0,376.0,long_m2
0.5B,arc,arc-0027,calib,long,4,1.0,376.0,long_m4
0.5B,arc,arc-0027,calib,debate,6,1.0,741.0,debate_a3r2
0.5B,arc,arc-0028,calib,single,1,1.0,110.0,
0.5B,arc,arc-0028,calib,vote,4,1.0,379.5,vote_k4
0.5B,arc,arc-0028,calib,oracle,4,1.0,379.5,oracle_k4
0.5B,arc,arc-0028,calib,judge,4,1.0,603.5,judge_k4
0.5B,arc,arc-0028,calib,vote,8,1.0,787.0,vote_k8
0.5B,arc,arc-0028,calib,oracle,8,1.0,787.0,oracle_k8
0.5B,arc,arc-0028,calib,judge,8,1.0,1164.0,judge_k8
0.5B,arc,arc-0028,calib,seq,1,1.0,110.0,seq_r1
0.5B,arc,arc-0028,calib,seq,2,1.0,254.0,seq_r2
0.5B,arc,arc-0028,calib,seq,3,1.0,360.0,seq_r3
0.5B,arc,arc-0028,calib,seq,4,1.0,692.0,seq_r4
0.5B,arc,arc-0028,calib,long,2,1.0,315.0,long_m2
0.5B,arc,arc-0028,calib,long,4,1.0,315.0,long_m4
0.5B,arc,arc-0028,calib,debate,6,1.0,782.0,debate_a3r2
0.5B,arc,arc-0029,calib,single,1,0.0,124.0,
0.5B,arc,arc-0029,calib,vote,4,0.5,487.5,vote_k4
0.5B,arc,arc-0029,calib,oracle,4,0.5,487.5,oracle_k4
0.5B,arc,arc-0029,calib,judge,4,0.0,840.0,judge_k4
0.5B,arc,arc-0029,calib,vote,8,0.0,918.0,vote_k8
0.5B,arc,arc-0029,calib,oracle,8,1.0,918.0,oracle_k8
0.5B,arc,arc-0029,calib,judge,8,0.0,1473.0,judge_k8
0.5B,arc,arc-0029,calib,seq,1,0.0,124.0,seq_r1
0.5B,arc,arc-0029,calib,seq,2,0.0,281.0,seq_r2
0.5B,arc,arc-0029,calib,seq,3,0.0,457.0,seq_r3
0.5B,arc,arc-0029,calib,seq,4,1.0,632.0,seq_r4
0.5B,arc,arc-0029,calib,long,2,0.0,314.0,long_m2
0.5B,arc,arc-0029,calib,long,4,0.0,314.0,long_m4
0.5B,arc,arc-0029,calib,debate,6,0.0,840.0,debate_a3r2
0.5B,arc,arc-0030,test,single,1,1.0,156.0,
0.5B,arc,arc-0030,test,vote,4,0.0,544.0,vote_k4
0.5B,arc,arc-0030,test,oracle,4,1.0,544.0,oracle_k4
0.5B,arc,arc-0030,test,judge,4,0.0,889.5,judge_k4
0.5B,arc,arc-0030,test,vote,8,1.0,1176.0,vote_k8
0.5B,arc,arc-0030,test,oracle,8,1.0,1176.0,oracle_k8
0.5B,arc,arc-0030,test,judge,8,1.0,1852.0,judge_k8
0.5B,arc,arc-0030,test,seq,1,1.0,156.0,seq_r1
0.5B,arc,arc-0030,test,seq,2,1.0,347.0,seq_r2
0.5B,arc,arc-0030,test,seq,3,0.0,460.0,seq_r3
0.5B,arc,arc-0030,test,seq,4,0.0,571.0,seq_r4
0.5B,arc,arc-0030,test,long,2,1.0,109.0,long_m2
0.5B,arc,arc-0030,test,long,4,1.0,109.0,long_m4
0.5B,arc,arc-0030,test,debate,6,0.0,1111.0,debate_a3r2
0.5B,arc,arc-0031,test,single,1,1.0,88.0,
0.5B,arc,arc-0031,test,vote,4,1.0,386.5,vote_k4
0.5B,arc,arc-0031,test,oracle,4,1.0,386.5,oracle_k4
0.5B,arc,arc-0031,test,judge,4,1.0,594.0,judge_k4
0.5B,arc,arc-0031,test,vote,8,1.0,791.0,vote_k8
0.5B,arc,arc-0031,test,oracle,8,1.0,791.0,oracle_k8
0.5B,arc,arc-0031,test,judge,8,1.0,1106.0,judge_k8
0.5B,arc,arc-0031,test,seq,1,1.0,88.0,seq_r1
0.5B,arc,arc-0031,test,seq,2,1.0,222.0,seq_r2
0.5B,arc,arc-0031,test,seq,3,1.0,426.0,seq_r3
0.5B,arc,arc-0031,test,seq,4,1.0,617.0,seq_r4
0.5B,arc,arc-0031,test,long,2,1.0,479.0,long_m2
0.5B,arc,arc-0031,test,long,4,1.0,479.0,long_m4
0.5B,arc,arc-0031,test,debate,6,1.0,734.0,debate_a3r2
0.5B,arc,arc-0032,test,single,1,1.0,162.0,
0.5B,arc,arc-0032,test,vote,4,0.0,461.0,vote_k4
0.5B,arc,arc-0032,test,oracle,4,1.0,461.0,oracle_k4
0.5B,arc,arc-0032,test,judge,4,0.0,706.5,judge_k4
0.5B,arc,arc-0032,test,vote,8,0.0,858.0,vote_k8
0.5B,arc,arc-0032,test,oracle,8,1.0,858.0,oracle_k8
0.5B,arc,arc-0032,test,judge,8,1.0,1169.0,judge_k8
0.5B,arc,arc-0032,test,seq,1,1.0,162.0,seq_r1
0.5B,arc,arc-0032,test,seq,2,1.0,368.0,seq_r2
0.5B,arc,arc-0032,test,seq,3,1.0,513.0,seq_r3
0.5B,arc,arc-0032,test,seq,4,1.0,658.0,seq_r4
0.5B,arc,arc-0032,test,long,2,1.0,481.0,long_m2
0.5B,arc,arc-0032,test,long,4,1.0,481.0,long_m4
0.5B,arc,arc-0032,test,debate,6,0.0,913.0,debate_a3r2
0.5B,arc,arc-0033,test,single,1,1.0,74.0,
0.5B,arc,arc-0033,test,vote,4,0.5,359.0,vote_k4
0.5B,arc,arc-0033,test,oracle,4,1.0,359.0,oracle_k4
0.5B,arc,arc-0033,test,judge,4,0.5,554.0,judge_k4
0.5B,arc,arc-0033,test,vote,8,1.0,781.0,vote_k8
0.5B,arc,arc-0033,test,oracle,8,1.0,781.0,oracle_k8
0.5B,arc,arc-0033,test,judge,8,1.0,1132.0,judge_k8
0.5B,arc,arc-0033,test,seq,1,1.0,74.0,seq_r1
0.5B,arc,arc-0033,test,seq,2,1.0,183.0,seq_r2
0.5B,arc,arc-0033,test,seq,3,1.0,360.0,seq_r3
0.5B,arc,arc-0033,test,seq,4,1.0,536.0,seq_r4
0.5B,arc,arc-0033,test,long,2,1.0,454.0,long_m2
0.5B,arc,arc-0033,test,long,4,1.0,454.0,long_m4
0.5B,arc,arc-0033,test,debate,6,1.0,751.0,debate_a3r2
0.5B,arc,arc-0034,test,single,1,0.0,72.0,
0.5B,arc,arc-0034,test,vote,4,0.0,283.0,vote_k4
0.5B,arc,arc-0034,test,oracle,4,0.5,283.0,oracle_k4
0.5B,arc,arc-0034,test,judge,4,0.0,424.0,judge_k4
0.5B,arc,arc-0034,test,vote,8,0.0,564.0,vote_k8
0.5B,arc,arc-0034,test,oracle,8,1.0,564.0,oracle_k8
0.5B,arc,arc-0034,test,judge,8,0.0,746.0,judge_k8
0.5B,arc,arc-0034,test,seq,1,0.0,72.0,seq_r1
0.5B,arc,arc-0034,test,seq,2,0.0,226.0,seq_r2
0.5B,arc,arc-0034,test,seq,3,0.0,380.0,seq_r3
0.5B,arc,arc-0034,test,seq,4,0.0,548.0,seq_r4
0.5B,arc,arc-0034,test,long,2,1.0,159.0,long_m2
0.5B,arc,arc-0034,test,long,4,1.0,159.0,long_m4
0.5B,arc,arc-0034,test,debate,6,0.0,547.0,debate_a3r2
0.5B,arc,arc-0035,test,single,1,1.0,83.0,
0.5B,arc,arc-0035,test,vote,4,1.0,386.5,vote_k4
0.5B,arc,arc-0035,test,oracle,4,1.0,386.5,oracle_k4
0.5B,arc,arc-0035,test,judge,4,1.0,581.5,judge_k4
0.5B,arc,arc-0035,test,vote,8,1.0,768.0,vote_k8
0.5B,arc,arc-0035,test,oracle,8,1.0,768.0,oracle_k8
0.5B,arc,arc-0035,test,judge,8,1.0,1044.0,judge_k8
0.5B,arc,arc-0035,test,seq,1,1.0,83.0,seq_r1
0.5B,arc,arc-0035,test,seq,2,1.0,219.0,seq_r2
0.5B,arc,arc-0035,test,seq,3,1.0,354.0,seq_r3
0.5B,arc,arc-0035,test,seq,4,1.0,658.0,seq_r4
0.5B,arc,arc-0035,test,long,2,1.0,304.0,long_m2
0.5B,arc,arc-0035,test,long,4,1.0,304.0,long_m4
0.5B,arc,arc-0035,test,debate,6,1.0,634.0,debate_a3r2
0.5B,arc,arc-0036,test,single,1,0.0,94.0,
0.5B,arc,arc-0036,test,vote,4,0.0,410.5,vote_k4
0.5B,arc,arc-0036,test,oracle,4,1.0,410.5,oracle_k4
0.5B,arc,arc-0036,test,judge,4,0.5,617.5,judge_k4
0.5B,arc,arc-0036,test,vote,8,0.0,814.0,vote_k8
0.5B,arc,arc-0036,test,oracle,8,1.0,814.0,oracle_k8
0.5B,arc,arc-0036,test,judge,8,0.0,1107.0,judge_k8
0.5B,arc,arc-0036,test,seq,1,0.0,94.0,seq_r1
0.5B,arc,arc-0036,test,seq,2,0.0,235.0,seq_r2
0.5B,arc,arc-0036,test,seq,3,0.0,376.0,seq_r3
0.5B,arc,arc-0036,test,seq,4,0.0,512.0,seq_r4
0.5B,arc,arc-0036,test,long,2,0.0,127.0,long_m2
0.5B,arc,arc-0036,test,long,4,0.0,127.0,long_m4
0.5B,arc,arc-0036,test,debate,6,0.0,668.0,debate_a3r2
0.5B,arc,arc-0037,test,single,1,1.0,182.0,
0.5B,arc,arc-0037,test,vote,4,0.0,609.5,vote_k4
0.5B,arc,arc-0037,test,oracle,4,1.0,609.5,oracle_k4
0.5B,arc,arc-0037,test,judge,4,0.0,912.0,judge_k4
0.5B,arc,arc-0037,test,vote,8,1.0,1212.0,vote_k8
0.5B,arc,arc-0037,test,oracle,8,1.0,1212.0,oracle_k8
0.5B,arc,arc-0037,test,judge,8,1.0,1663.0,judge_k8
0.5B,arc,arc-0037,test,seq,1,1.0,182.0,seq_r1
0.5B,arc,arc-0037,test,seq,2,1.0,458.0,seq_r2
0.5B,arc,arc-0037,test,seq,3,1.0,734.0,seq_r3
0.5B,arc,arc-0037,test,seq,4,1.0,949.0,seq_r4
0.5B,arc,arc-0037,test,long,2,0.0,571.0,long_m2
0.5B,arc,arc-0037,test,long,4,0.0,571.0,long_m4
0.5B,arc,arc-0037,test,debate,6,1.0,1048.0,debate_a3r2
0.5B,arc,arc-0038,test,single,1,0.0,100.0,
0.5B,arc,arc-0038,test,vote,4,0.0,535.0,vote_k4
0.5B,arc,arc-0038,test,oracle,4,0.0,535.0,oracle_k4
0.5B,arc,arc-0038,test,judge,4,0.0,827.0,judge_k4
0.5B,arc,arc-0038,test,vote,8,0.0,1048.0,vote_k8
0.5B,arc,arc-0038,test,oracle,8,0.0,1048.0,oracle_k8
0.5B,arc,arc-0038,test,judge,8,0.0,1483.0,judge_k8
0.5B,arc,arc-0038,test,seq,1,0.0,100.0,seq_r1
0.5B,arc,arc-0038,test,seq,2,1.0,290.0,seq_r2
0.5B,arc,arc-0038,test,seq,3,1.0,480.0,seq_r3
0.5B,arc,arc-0038,test,seq,4,0.0,673.0,seq_r4
0.5B,arc,arc-0038,test,long,2,0.0,133.0,long_m2
0.5B,arc,arc-0038,test,long,4,0.0,133.0,long_m4
0.5B,arc,arc-0038,test,debate,6,0.0,913.0,debate_a3r2
0.5B,arc,arc-0039,test,single,1,0.0,141.0,
0.5B,arc,arc-0039,test,vote,4,0.0,411.5,vote_k4
0.5B,arc,arc-0039,test,oracle,4,0.0,411.5,oracle_k4
0.5B,arc,arc-0039,test,judge,4,0.0,616.5,judge_k4
0.5B,arc,arc-0039,test,vote,8,0.0,1089.0,vote_k8
0.5B,arc,arc-0039,test,oracle,8,0.0,1089.0,oracle_k8
0.5B,arc,arc-0039,test,judge,8,0.0,1533.0,judge_k8
0.5B,arc,arc-0039,test,seq,1,0.0,141.0,seq_r1
0.5B,arc,arc-0039,test,seq,2,0.0,394.0,seq_r2
0.5B,arc,arc-0039,test,seq,3,0.0,598.0,seq_r3
0.5B,arc,arc-0039,test,seq,4,0.0,789.0,seq_r4
0.5B,arc,arc-0039,test,long,2,0.0,291.0,long_m2
0.5B,arc,arc-0039,test,long,4,0.0,291.0,long_m4
0.5B,arc,arc-0039,test,debate,6,0.0,1007.0,debate_a3r2
0.5B,arc,arc-0040,test,single,1,1.0,94.0,
0.5B,arc,arc-0040,test,vote,4,1.0,854.0,vote_k4
0.5B,arc,arc-0040,test,oracle,4,1.0,854.0,oracle_k4
0.5B,arc,arc-0040,test,judge,4,0.5,1374.0,judge_k4
0.5B,arc,arc-0040,test,vote,8,1.0,1645.0,vote_k8
0.5B,arc,arc-0040,test,oracle,8,1.0,1645.0,oracle_k8
0.5B,arc,arc-0040,test,judge,8,1.0,2574.0,judge_k8
0.5B,arc,arc-0040,test,seq,1,1.0,94.0,seq_r1
0.5B,arc,arc-0040,test,seq,2,0.0,252.0,seq_r2
0.5B,arc,arc-0040,test,seq,3,0.0,410.0,seq_r3
0.5B,arc,arc-0040,test,seq,4,0.0,547.0,seq_r4
0.5B,arc,arc-0040,test,long,2,1.0,434.0,long_m2
0.5B,arc,arc-0040,test,long,4,1.0,434.0,long_m4
0.5B,arc,arc-0040,test,debate,6,1.0,1166.0,debate_a3r2
0.5B,arc,arc-0041,test,single,1,1.0,95.0,
0.5B,arc,arc-0041,test,vote,4,1.0,358.0,vote_k4
0.5B,arc,arc-0041,test,oracle,4,1.0,358.0,oracle_k4
0.5B,arc,arc-0041,test,judge,4,1.0,570.0,judge_k4
0.5B,arc,arc-0041,test,vote,8,1.0,777.0,vote_k8
0.5B,arc,arc-0041,test,oracle,8,1.0,777.0,oracle_k8
0.5B,arc,arc-0041,test,judge,8,1.0,1165.0,judge_k8
0.5B,arc,arc-0041,test,seq,1,1.0,95.0,seq_r1
0.5B,arc,arc-0041,test,seq,2,1.0,224.0,seq_r2
0.5B,arc,arc-0041,test,seq,3,0.0,327.0,seq_r3
0.5B,arc,arc-0041,test,seq,4,0.0,498.0,seq_r4
0.5B,arc,arc-0041,test,long,2,1.0,344.0,long_m2
0.5B,arc,arc-0041,test,long,4,1.0,344.0,long_m4
0.5B,arc,arc-0041,test,debate,6,1.0,607.0,debate_a3r2
0.5B,arc,arc-0042,test,single,1,1.0,251.0,
0.5B,arc,arc-0042,test,vote,4,1.0,752.0,vote_k4
0.5B,arc,arc-0042,test,oracle,4,1.0,752.0,oracle_k4
0.5B,arc,arc-0042,test,judge,4,0.5,1173.0,judge_k4
0.5B,arc,arc-0042,test,vote,8,0.0,1464.0,vote_k8
0.5B,arc,arc-0042,test,oracle,8,1.0,1464.0,oracle_k8
0.5B,arc,arc-0042,test,judge,8,1.0,2097.0,judge_k8
0.5B,arc,arc-0042,test,seq,1,1.0,251.0,seq_r1
0.5B,arc,arc-0042,test,seq,2,1.0,547.0,seq_r2
0.5B,arc,arc-0042,test,seq,3,1.0,808.0,seq_r3
0.5B,arc,arc-0042,test,seq,4,1.0,1069.0,seq_r4
0.5B,arc,arc-0042,test,long,2,1.0,267.0,long_m2
0.5B,arc,arc-0042,test,long,4,1.0,267.0,long_m4
0.5B,arc,arc-0042,test,debate,6,0.0,1430.0,debate_a3r2
0.5B,arc,arc-0043,test,single,1,1.0,86.0,
0.5B,arc,arc-0043,test,vote,4,1.0,339.0,vote_k4
0.5B,arc,arc-0043,test,oracle,4,1.0,339.0,oracle_k4
0.5B,arc,arc-0043,test,judge,4,1.0,500.5,judge_k4
0.5B,arc,arc-0043,test,vote,8,1.0,668.0,vote_k8
0.5B,arc,arc-0043,test,oracle,8,1.0,668.0,oracle_k8
0.5B,arc,arc-0043,test,judge,8,1.0,868.0,judge_k8
0.5B,arc,arc-0043,test,seq,1,1.0,86.0,seq_r1
0.5B,arc,arc-0043,test,seq,2,1.0,205.0,seq_r2
0.5B,arc,arc-0043,test,seq,3,0.0,318.0,seq_r3
0.5B,arc,arc-0043,test,seq,4,1.0,521.0,seq_r4
0.5B,arc,arc-0043,test,long,2,1.0,111.0,long_m2
0.5B,arc,arc-0043,test,long,4,1.0,111.0,long_m4
0.5B,arc,arc-0043,test,debate,6,1.0,642.0,debate_a3r2
0.5B,arc,arc-0044,test,single,1,0.0,136.0,
0.5B,arc,arc-0044,test,vote,4,0.0,634.0,vote_k4
0.5B,arc,arc-0044,test,oracle,4,0.0,634.0,oracle_k4
0.5B,arc,arc-0044,test,judge,4,0.0,948.5,judge_k4
0.5B,arc,arc-0044,test,vote,8,0.0,1240.0,vote_k8
0.5B,arc,arc-0044,test,oracle,8,0.0,1240.0,oracle_k8
0.5B,arc,arc-0044,test,judge,8,0.0,1690.0,judge_k8
0.5B,arc,arc-0044,test,seq,1,0.0,136.0,seq_r1
0.5B,arc,arc-0044,test,seq,2,0.0,318.0,seq_r2
0.5B,arc,arc-0044,test,seq,3,0.0,742.0,seq_r3
0.5B,arc,arc-0044,test,seq,4,0.0,1148.0,seq_r4
0.5B,arc,arc-0044,test,long,2,0.0,157.0,long_m2
0.5B,arc,arc-0044,test,long,4,0.0,157.0,long_m4
0.5B,arc,arc-0044,test,debate,6,0.0,1192.0,debate_a3r2
0.5B,arc,arc-0045,test,single,1,0.0,136.0,
0.5B,arc,arc-0045,test,vote,4,0.0,592.0,vote_k4
0.5B,arc,arc-0045,test,oracle,4,0.0,592.0,oracle_k4
0.5B,arc,arc-0045,test,judge,4,0.0,975.0,judge_k4
0.5B,arc,arc-0045,test,vote,8,0.0,1090.0,vote_k8
0.5B,arc,arc-0045,test,oracle,8,0.0,1090.0,oracle_k8
0.5B,arc,arc-0045,test,judge,8,0.0,1634.0,judge_k8
0.5B,arc,arc-0045,test,seq,1,0.0,136.0,seq_r1
0.5B,arc,arc-0045,test,seq,2,0.0,305.0,seq_r2
0.5B,arc,arc-0045,test,seq,3,0.0,429.0,seq_r3
0.5B,arc,arc-0045,test,seq,4,0.0,553.0,seq_r4
0.5B,arc,arc-0045,test,long,2,0.0,122.0,long_m2
0.5B,arc,arc-0045,test,long,4,0.0,122.0,long_m4
0.5B,arc,arc-0045,test,debate,6,0.0,1024.0,debate_a3r2
0.5B,arc,arc-0046,test,single,1,1.0,141.0,
0.5B,arc,arc-0046,test,vote,4,0.5,582.5,vote_k4
0.5B,arc,arc-0046,test,oracle,4,1.0,582.5,oracle_k4
0.5B,arc,arc-0046,test,judge,4,0.5,933.5,judge_k4
0.5B,arc,arc-0046,test,vote,8,1.0,1122.0,vote_k8
0.5B,arc,arc-0046,test,oracle,8,1.0,1122.0,oracle_k8
0.5B,arc,arc-0046,test,judge,8,1.0,1659.0,judge_k8
0.5B,arc,arc-0046,test,seq,1,1.0,141.0,seq_r1
0.5B,arc,arc-0046,test,seq,2,1.0,319.0,seq_r2
0.5B,arc,arc-0046,test,seq,3,1.0,456.0,seq_r3
0.5B,arc,arc-0046,test,seq,4,1.0,593.0,seq_r4
0.5B,arc,arc-0046,test,long,2,0.0,439.0,long_m2
0.5B,arc,arc-0046,test,long,4,0.0,439.0,long_m4
0.5B,arc,arc-0046,test,debate,6,0.0,1263.0,debate_a3r2
0.5B,arc,arc-0047,test,single,1,0.0,196.0,
0.5B,arc,arc-0047,test,vote,4,0.0,610.0,vote_k4
0.5B,arc,arc-0047,test,oracle,4,0.5,610.0,oracle_k4
0.5B,arc,arc-0047,test,judge,4,0.5,997.0,judge_k4
0.5B,arc,arc-0047,test,vote,8,0.0,1063.0,vote_k8
0.5B,arc,arc-0047,test,oracle,8,1.0,1063.0,oracle_k8
0.5B,arc,arc-0047,test,judge,8,0.0,1531.0,judge_k8
0.5B,arc,arc-0047,test,seq,1,0.0,196.0,seq_r1
0.5B,arc,arc-0047,test,seq,2,0.0,425.0,seq_r2
0.5B,arc,arc-0047,test,seq,3,0.0,556.0,seq_r3
0.5B,arc,arc-0047,test,seq,4,0.0,687.0,seq_r4
0.5B,arc,arc-0047,test,long,2,1.0,229.0,long_m2
0.5B,arc,arc-0047,test,long,4,1.0,229.0,long_m4
0.5B,arc,arc-0047,test,debate,6,0.0,1164.0,debate_a3r2
0.5B,arc,arc-0048,test,single,1,0.0,152.0,
0.5B,arc,arc-0048,test,vote,4,0.0,607.0,vote_k4
0.5B,arc,arc-0048,test,oracle,4,0.0,607.0,oracle_k4
0.5B,arc,arc-0048,test,judge,4,0.0,978.5,judge_k4
0.5B,arc,arc-0048,test,vote,8,0.0,1227.0,vote_k8
0.5B,arc,arc-0048,test,oracle,8,0.0,1227.0,oracle_k8
0.5B,arc,arc-0048,test,judge,8,0.0,1859.0,judge_k8
0.5B,arc,arc-0048,test,seq,1,0.0,152.0,seq_r1
0.5B,arc,arc-0048,test,seq,2,0.0,338.0,seq_r2
0.5B,arc,arc-0048,test,seq,3,0.0,470.0,seq_r3
0.5B,arc,arc-0048,test,seq,4,0.0,679.0,seq_r4
0.5B,arc,arc-0048,test,long,2,0.0,250.0,long_m2
0.5B,arc,arc-0048,test,long,4,0.0,250.0,long_m4
0.5B,arc,arc-0048,test,debate,6,0.0,1148.0,debate_a3r2
0.5B,arc,arc-0049,test,single,1,0.0,268.0,
0.5B,arc,arc-0049,test,vote,4,1.0,552.5,vote_k4
0.5B,arc,arc-0049,test,oracle,4,1.0,552.5,oracle_k4
0.5B,arc,arc-0049,test,judge,4,0.5,913.5,judge_k4
0.5B,arc,arc-0049,test,vote,8,1.0,1181.0,vote_k8
0.5B,arc,arc-0049,test,oracle,8,1.0,1181.0,oracle_k8
0.5B,arc,arc-0049,test,judge,8,0.0,1812.0,judge_k8
0.5B,arc,arc-0049,test,seq,1,0.0,268.0,seq_r1
0.5B,arc,arc-0049,test,seq,2,0.0,571.0,seq_r2
0.5B,arc,arc-0049,test,seq,3,0.0,673.0,seq_r3
0.5B,arc,arc-0049,test,seq,4,0.0,775.0,seq_r4
0.5B,arc,arc-0049,test,long,2,0.0,419.0,long_m2
0.5B,arc,arc-0049,test,long,4,0.0,419.0,long_m4
0.5B,arc,arc-0049,test,debate,6,1.0,1430.0,debate_a3r2
0.5B,arc,arc-0050,test,single,1,1.0,231.0,
0.5B,arc,arc-0050,test,vote,4,0.5,917.0,vote_k4
0.5B,arc,arc-0050,test,oracle,4,1.0,917.0,oracle_k4
0.5B,arc,arc-0050,test,judge,4,0.5,1434.0,judge_k4
0.5B,arc,arc-0050,test,vote,8,1.0,1837.0,vote_k8
0.5B,arc,arc-0050,test,oracle,8,1.0,1837.0,oracle_k8
0.5B,arc,arc-0050,test,judge,8,1.0,2690.0,judge_k8
0.5B,arc,arc-0050,test,seq,1,1.0,231.0,seq_r1
0.5B,arc,arc-0050,test,seq,2,0.0,495.0,seq_r2
0.5B,arc,arc-0050,test,seq,3,0.0,774.0,seq_r3
0.5B,arc,arc-0050,test,seq,4,0.0,1052.0,seq_r4
0.5B,arc,arc-0050,test,long,2,0.0,398.0,long_m2
0.5B,arc,arc-0050,test,long,4,0.0,398.0,long_m4
0.5B,arc,arc-0050,test,debate,6,0.0,1998.0,debate_a3r2
0.5B,arc,arc-0051,test,single,1,0.0,276.0,
0.5B,arc,arc-0051,test,vote,4,1.0,1137.5,vote_k4
0.5B,arc,arc-0051,test,oracle,4,1.0,1137.5,oracle_k4
0.5B,arc,arc-0051,test,judge,4,0.5,1997.5,judge_k4
0.5B,arc,arc-0051,test,vote,8,1.0,2365.0,vote_k8
0.5B,arc,arc-0051,test,oracle,8,1.0,2365.0,oracle_k8
0.5B,arc,arc-0051,test,judge,8,0.0,4016.0,judge_k8
0.5B,arc,arc-0051,test,seq,1,0.0,276.0,seq_r1
0.5B,arc,arc-0051,test,seq,2,0.0,599.0,seq_r2
0.5B,arc,arc-0051,test,seq,3,0.0,901.0,seq_r3
0.5B,arc,arc-0051,test,seq,4,0.0,1384.0,seq_r4
0.5B,arc,arc-0051,test,long,2,1.0,339.0,long_m2
0.5B,arc,arc-0051,test,long,4,1.0,339.0,long_m4
0.5B,arc,arc-0051,test,debate,6,0.0,2255.0,debate_a3r2
0.5B,arc,arc-0052,test,single,1,0.0,60.0,
0.5B,arc,arc-0052,test,vote,4,0.0,242.0,vote_k4
0.5B,arc,arc-0052,test,oracle,4,0.0,242.0,oracle_k4
0.5B,arc,arc-0052,test,judge,4,0.0,361.0,judge_k4
0.5B,arc,arc-0052,test,vote,8,0.0,486.0,vote_k8
0.5B,arc,arc-0052,test,oracle,8,0.0,486.0,oracle_k8
0.5B,arc,arc-0052,test,judge,8,0.0,639.0,judge_k8
0.5B,arc,arc-0052,test,seq,1,0.0,60.0,seq_r1
0.5B,arc,arc-0052,test,seq,2,0.0,154.0,seq_r2
0.5B,arc,arc-0052,test,seq,3,0.0,248.0,seq_r3
0.5B,arc,arc-0052,test,seq,4,0.0,342.0,seq_r4
0.5B,arc,arc-0052,test,long,2,0.0,92.0,long_m2
0.5B,arc,arc-0052,test,long,4,0.0,92.0,long_m4
0.5B,arc,arc-0052,test,debate,6,0.0,487.0,debate_a3r2
0.5B,arc,arc-0053,test,single,1,0.0,246.0,
0.5B,arc,arc-0053,test,vote,4,1.0,866.5,vote_k4
0.5B,arc,arc-0053,test,oracle,4,1.0,866.5,oracle_k4
0.5B,arc,arc-0053,test,judge,4,0.5,1394.0,judge_k4
0.5B,arc,arc-0053,test,vote,8,1.0,1792.0,vote_k8
0.5B,arc,arc-0053,test,oracle,8,1.0,1792.0,oracle_k8
0.5B,arc,arc-0053,test,judge,8,0.0,2685.0,judge_k8
0.5B,arc,arc-0053,test,seq,1,0.0,246.0,seq_r1
0.5B,arc,arc-0053,test,seq,2,1.0,546.0,seq_r2
0.5B,arc,arc-0053,test,seq,3,1.0,728.0,seq_r3
0.5B,arc,arc-0053,test,seq,4,1.0,998.0,seq_r4
0.5B,arc,arc-0053,test,long,2,1.0,542.0,long_m2
0.5B,arc,arc-0053,test,long,4,1.0,542.0,long_m4
0.5B,arc,arc-0053,test,debate,6,1.0,1867.0,debate_a3r2
0.5B,arc,arc-0054,test,single,1,0.0,136.0,
0.5B,arc,arc-0054,test,vote,4,1.0,435.0,vote_k4
0.5B,arc,arc-0054,test,oracle,4,1.0,435.0,oracle_k4
0.5B,arc,arc-0054,test,judge,4,0.5,718.0,judge_k4
0.5B,arc,arc-0054,test,vote,8,1.0,892.0,vote_k8
0.5B,arc,arc-0054,test,oracle,8,1.0,892.0,oracle_k8
0.5B,arc,arc-0054,test,judge,8,0.0,1385.0,judge_k8
0.5B,arc,arc-0054,test,seq,1,0.0,136.0,seq_r1
0.5B,arc,arc-0054,test,seq,2,0.0,305.0,seq_r2
0.5B,arc,arc-0054,test,seq,3,0.0,449.0,seq_r3
0.5B,arc,arc-0054,test,seq,4,0.0,592.0,seq_r4
0.5B,arc,arc-0054,test,long,2,1.0,302.0,long_m2
0.5B,arc,arc-0054,test,long,4,1.0,302.0,long_m4
0.5B,arc,arc-0054,test,debate,6,1.0,967.0,debate_a3r2
0.5B,arc,arc-0055,test,single,1,0.0,61.0,
0.5B,arc,arc-0055,test,vote,4,0.0,245.0,vote_k4
0.5B,arc,arc-0055,test,oracle,4,0.0,245.0,oracle_k4
0.5B,arc,arc-0055,test,judge,4,0.0,368.0,judge_k4
0.5B,arc,arc-0055,test,vote,8,0.0,510.0,vote_k8
0.5B,arc,arc-0055,test,oracle,8,0.0,510.0,oracle_k8
0.5B,arc,arc-0055,test,judge,8,0.0,685.0,judge_k8
0.5B,arc,arc-0055,test,seq,1,0.0,61.0,seq_r1
0.5B,arc,arc-0055,test,seq,2,0.0,157.0,seq_r2
0.5B,arc,arc-0055,test,seq,3,0.0,253.0,seq_r3
0.5B,arc,arc-0055,test,seq,4,0.0,349.0,seq_r4
0.5B,arc,arc-0055,test,long,2,0.0,281.0,long_m2
0.5B,arc,arc-0055,test,long,4,0.0,281.0,long_m4
0.5B,arc,arc-0055,test,debate,6,0.0,544.0,debate_a3r2
0.5B,arc,arc-0056,test,single,1,1.0,91.0,
0.5B,arc,arc-0056,test,vote,4,0.5,363.0,vote_k4
0.5B,arc,arc-0056,test,oracle,4,1.0,363.0,oracle_k4
0.5B,arc,arc-0056,test,judge,4,0.0,536.5,judge_k4
0.5B,arc,arc-0056,test,vote,8,0.0,771.0,vote_k8
0.5B,arc,arc-0056,test,oracle,8,1.0,771.0,oracle_k8
0.5B,arc,arc-0056,test,judge,8,1.0,1042.0,judge_k8
0.5B,arc,arc-0056,test,seq,1,1.0,91.0,seq_r1
0.5B,arc,arc-0056,test,seq,2,1.0,224.0,seq_r2
0.5B,arc,arc-0056,test,seq,3,1.0,359.0,seq_r3
0.5B,arc,arc-0056,test,seq,4,1.0,496.0,seq_r4
0.5B,arc,arc-0056,test,long,2,0.0,194.0,long_m2
0.5B,arc,arc-0056,test,long,4,0.0,194.0,long_m4
0.5B,arc,arc-0056,test,debate,6,1.0,836.0,debate_a3r2
0.5B,arc,arc-0057,test,single,1,0.0,185.0,
0.5B,arc,arc-0057,test,vote,4,1.0,707.5,vote_k4
0.5B,arc,arc-0057,test,oracle,4,1.0,707.5,oracle_k4
0.5B,arc,arc-0057,test,judge,4,1.0,1140.5,judge_k4
0.5B,arc,arc-0057,test,vote,8,1.0,1602.0,vote_k8
0.5B,arc,arc-0057,test,oracle,8,1.0,1602.0,oracle_k8
0.5B,arc,arc-0057,test,judge,8,0.0,2395.0,judge_k8
0.5B,arc,arc-0057,test,seq,1,0.0,185.0,seq_r1
0.5B,arc,arc-0057,test,seq,2,0.0,418.0,seq_r2
0.5B,arc,arc-0057,test,seq,3,0.0,829.0,seq_r3
0.5B,arc,arc-0057,test,seq,4,0.0,1240.0,seq_r4
0.5B,arc,arc-0057,test,long,2,1.0,241.0,long_m2
0.5B,arc,arc-0057,test,long,4,1.0,241.0,long_m4
0.5B,arc,arc-0057,test,debate,6,0.0,1368.0,debate_a3r2
0.5B,arc,arc-0058,test,single,1,1.0,121.0,
0.5B,arc,arc-0058,test,vote,4,1.0,383.0,vote_k4
0.5B,arc,arc-0058,test,oracle,4,1.0,383.0,oracle_k4
0.5B,arc,arc-0058,test,judge,4,1.0,616.5,judge_k4
0.5B,arc,arc-0058,test,vote,8,1.0,719.0,vote_k8
0.5B,arc,arc-0058,test,oracle,8,1.0,719.0,oracle_k8
0.5B,arc,arc-0058,test,judge,8,1.0,1044.0,judge_k8
0.5B,arc,arc-0058,test,seq,1,1.0,121.0,seq_r1
0.5B,arc,arc-0058,test,seq,2,1.0,282.0,seq_r2
0.5B,arc,arc-0058,test,seq,3,1.0,398.0,seq_r3
0.5B,arc,arc-0058,test,seq,4,1.0,706.0,seq_r4
0.5B,arc,arc-0058,test,long,2,0.0,101.0,long_m2
0.5B,arc,arc-0058,test,long,4,0.0,101.0,long_m4
0.5B,arc,arc-0058,test,debate,6,1.0,717.0,debate_a3r2
0.5B,arc,arc-0059,test,single,1,0.0,133.0,
0.5B,arc,arc-0059,test,vote,4,0.5,453.5,vote_k4
0.5B,arc,arc-0059,test,oracle,4,1.0,453.5,oracle_k4
0.5B,arc,arc-0059,test,judge,4,1.0,703.0,judge_k4
0.5B,arc,arc-0059,test,vote,8,0.0,911.0,vote_k8
0.5B,arc,arc-0059,test,oracle,8,1.0,911.0,oracle_k8
0.5B,arc,arc-0059,test,judge,8,0.0,1294.0,judge_k8
0.5B,arc,arc-0059,test,seq,1,0.0,133.0,seq_r1
0.5B,arc,arc-0059,test,seq,2,1.0,314.0,seq_r2
0.5B,arc,arc-0059,test,seq,3,1.0,454.0,seq_r3
0.5B,arc,arc-0059,test,seq,4,1.0,722.0,seq_r4
0.5B,arc,arc-0059,test,long,2,1.0,335.0,long_m2
0.5B,arc,arc-0059,test,long,4,1.0,335.0,long_m4
0.5B,arc,arc-0059,test,debate,6,1.0,945.0,debate_a3r2
0.5B,arc,arc-0060,test,single,1,1.0,73.0,
0.5B,arc,arc-0060,test,vote,4,0.0,316.0,vote_k4
0.5B,arc,arc-0060,test,oracle,4,1.0,316.0,oracle_k4
0.5B,arc,arc-0060,test,judge,4,0.0,471.0,judge_k4
0.5B,arc,arc-0060,test,vote,8,0.0,718.0,vote_k8
0.5B,arc,arc-0060,test,oracle,8,1.0,718.0,oracle_k8
0.5B,arc,arc-0060,test,judge,8,1.0,1012.0,judge_k8
0.5B,arc,arc-0060,test,seq,1,1.0,73.0,seq_r1
0.5B,arc,arc-0060,test,seq,2,1.0,181.0,seq_r2
0.5B,arc,arc-0060,test,seq,3,1.0,323.0,seq_r3
0.5B,arc,arc-0060,test,seq,4,1.0,464.0,seq_r4
0.5B,arc,arc-0060,test,long,2,0.0,339.0,long_m2
0.5B,arc,arc-0060,test,long,4,0.0,339.0,long_m4
0.5B,arc,arc-0060,test,debate,6,0.0,681.0,debate_a3r2
0.5B,arc,arc-0061,test,single,1,0.0,202.0,
0.5B,arc,arc-0061,test,vote,4,1.0,734.0,vote_k4
0.5B,arc,arc-0061,test,oracle,4,1.0,734.0,oracle_k4
0.5B,arc,arc-0061,test,judge,4,1.0,1189.0,judge_k4
0.5B,arc,arc-0061,test,vote,8,1.0,1395.0,vote_k8
0.5B,arc,arc-0061,test,oracle,8,1.0,1395.0,oracle_k8
0.5B,arc,arc-0061,test,judge,8,0.0,2079.0,judge_k8
0.5B,arc,arc-0061,test,seq,1,0.0,202.0,seq_r1
0.5B,arc,arc-0061,test,seq,2,1.0,453.0,seq_r2
0.5B,arc,arc-0061,test,seq,3,1.0,617.0,seq_r3
0.5B,arc,arc-0061,test,seq,4,1.0,766.0,seq_r4
0.5B,arc,arc-0061,test,long,2,1.0,219.0,long_m2
0.5B,arc,arc-0061,test,long,4,1.0,219.0,long_m4
0.5B,arc,arc-0061,test,debate,6,1.0,1423.0,debate_a3r2
0.5B,arc,arc-0062,test,single,1,0.0,67.0,
0.5B,arc,arc-0062,test,vote,4,0.5,268.0,vote_k4
0.5B,arc,arc-0062,test,oracle,4,1.0,268.0,oracle_k4
0.5B,arc,arc-0062,test,judge,4,0.5,394.0,judge_k4
0.5B,arc,arc-0062,test,vote,8,1.0,536.0,vote_k8
0.5B,arc,arc-0062,test,oracle,8,1.0,536.0,oracle_k8
0.5B,arc,arc-0062,test,judge,8,0.0,694.0,judge_k8
0.5B,arc,arc-0062,test,seq,1,0.0,67.0,seq_r1
0.5B,arc,arc-0062,test,seq,2,0.0,241.0,seq_r2
0.5B,arc,arc-0062,test,seq,3,0.0,415.0,seq_r3
0.5B,arc,arc-0062,test,seq,4,0.0,594.0,seq_r4
0.5B,arc,arc-0062,test,long,2,1.0,100.0,long_m2
0.5B,arc,arc-0062,test,long,4,1.0,100.0,long_m4
0.5B,arc,arc-0062,test,debate,6,0.0,522.0,debate_a3r2
0.5B,arc,arc-0063,test,single,1,0.0,159.0,
0.5B,arc,arc-0063,test,vote,4,0.0,590.0,vote_k4
0.5B,arc,arc-0063,test,oracle,4,0.5,590.0,oracle_k4
0.5B,arc,arc-0063,test,judge,4,0.5,863.0,judge_k4
0.5B,arc,arc-0063,test,vote,8,0.0,1250.0,vote_k8
0.5B,arc,arc-0063,test,oracle,8,1.0,1250.0,oracle_k8
0.5B,arc,arc-0063,test,judge,8,0.0,1716.0,judge_k8
0.5B,arc,arc-0063,test,seq,1,0.0,159.0,seq_r1
0.5B,arc,arc-0063,test,seq,2,0.0,386.0,seq_r2
0.5B,arc,arc-0063,test,seq,3,0.0,578.0,seq_r3
0.5B,arc,arc-0063,test,seq,4,0.0,736.0,seq_r4
0.5B,arc,arc-0063,test,long,2,0.0,444.0,long_m2
0.5B,arc,arc-0063,test,long,4,0.0,444.0,long_m4
0.5B,arc,arc-0063,test,debate,6,0.0,1213.0,debate_a3r2
0.5B,arc,arc-0064,test,single,1,0.0,141.0,
0.5B,arc,arc-0064,test,vote,4,0.0,378.0,vote_k4
0.5B,arc,arc-0064,test,oracle,4,0.0,378.0,oracle_k4
0.5B,arc,arc-0064,test,judge,4,0.0,612.0,judge_k4
0.5B,arc,arc-0064,test,vote,8,0.0,743.0,vote_k8
0.5B,arc,arc-0064,test,oracle,8,0.0,743.0,oracle_k8
0.5B,arc,arc-0064,test,judge,8,0.0,1102.0,judge_k8
0.5B,arc,arc-0064,test,seq,1,0.0,141.0,seq_r1
0.5B,arc,arc-0064,test,seq,2,0.0,316.0,seq_r2
0.5B,arc,arc-0064,test,seq,3,0.0,490.0,seq_r3
0.5B,arc,arc-0064,test,seq,4,0.0,663.0,seq_r4
0.5B,arc,arc-0064,test,long,2,0.0,348.0,long_m2
0.5B,arc,arc-0064,test,long,4,0.0,348.0,long_m4
0.5B,arc,arc-0064,test,debate,6,0.0,923.0,debate_a3r2
0.5B,arc,arc-0065,test,single,1,0.0,156.0,
0.5B,arc,arc-0065,test,vote,4,0.0,417.5,vote_k4
0.5B,arc,arc-0065,test,oracle,4,0.5,417.5,oracle_k4
0.5B,arc,arc-0065,test,judge,4,0.5,639.0,judge_k4
0.5B,arc,arc-0065,test,vote,8,0.0,763.0,vote_k8
0.5B,arc,arc-0065,test,oracle,8,1.0,763.0,oracle_k8
0.5B,arc,arc-0065,test,judge,8,0.0,1025.0,judge_k8
0.5B,arc,arc-0065,test,seq,1,0.0,156.0,seq_r1
0.5B,arc,arc-0065,test,seq,2,0.0,417.0,seq_r2
0.5B,arc,arc-0065,test,seq,3,0.0,606.0,seq_r3
0.5B,arc,arc-0065,test,seq,4,0.0,777.0,seq_r4
0.5B,arc,arc-0065,test,long,2,0.0,374.0,long_m2
0.5B,arc,arc-0065,test,long,4,0.0,374.0,long_m4
0.5B,arc,arc-0065,test,debate,6,0.0,835.0,debate_a3r2
0.5B,arc,arc-0066,test,single,1,0.0,167.0,
0.5B,arc,arc-0066,test,vote,4,0.0,604.0,vote_k4
0.5B,arc,arc-0066,test,oracle,4,0.0,604.0,oracle_k4
0.5B,arc,arc-0066,test,judge,4,0.0,947.0,judge_k4
0.5B,arc,arc-0066,test,vote,8,0.0,1229.0,vote_k8
0.5B,arc,arc-0066,test,oracle,8,0.0,1229.0,oracle_k8
0.5B,arc,arc-0066,test,judge,8,0.0,1802.0,judge_k8
0.5B,arc,arc-0066,test,seq,1,0.0,167.0,seq_r1
0.5B,arc,arc-0066,test,seq,2,0.0,368.0,seq_r2
0.5B,arc,arc-0066,test,seq,3,1.0,510.0,seq_r3
0.5B,arc,arc-0066,test,seq,4,1.0,652.0,seq_r4
0.5B,arc,arc-0066,test,long,2,1.0,140.0,long_m2
0.5B,arc,arc-0066,test,long,4,1.0,140.0,long_m4
0.5B,arc,arc-0066,test,debate,6,0.0,1297.0,debate_a3r2
0.5B,arc,arc-0067,test,single,1,0.0,79.0,
0.5B,arc,arc-0067,test,vote,4,0.5,297.5,vote_k4
0.5B,arc,arc-0067,test,oracle,4,1.0,297.5,oracle_k4
0.5B,arc,arc-0067,test,judge,4,0.5,465.5,judge_k4
0.5B,arc,arc-0067,test,vote,8,0.0,585.0,vote_k8
0.5B,arc,arc-0067,test,oracle,8,1.0,585.0,oracle_k8
0.5B,arc,arc-0067,test,judge,8,0.0,825.0,judge_k8
0.5B,arc,arc-0067,test,seq,1,0.0,79.0,seq_r1
0.5B,arc,arc-0067,test,seq,2,1.0,192.0,seq_r2
0.5B,arc,arc-0067,test,seq,3,1.0,293.0,seq_r3
0.5B,arc,arc-0067,test,seq,4,1.0,427.0,seq_r4
0.5B,arc,arc-0067,test,long,2,1.0,446.0,long_m2
0.5B,arc,arc-0067,test,long,4,1.0,446.0,long_m4
0.5B,arc,arc-0067,test,debate,6,1.0,608.0,debate_a3r2
0.5B,arc,arc-0068,test,single,1,1.0,75.0,
0.5B,arc,arc-0068,test,vote,4,1.0,300.0,vote_k4
0.5B,arc,arc-0068,test,oracle,4,1.0,300.0,oracle_k4
0.5B,arc,arc-0068,test,judge,4,1.0,447.0,judge_k4
0.5B,arc,arc-0068,test,vote,8,1.0,600.0,vote_k8
0.5B,arc,arc-0068,test,oracle,8,1.0,600.0,oracle_k8
0.5B,arc,arc-0068,test,judge,8,1.0,791.0,judge_k8
0.5B,arc,arc-0068,test,seq,1,1.0,75.0,seq_r1
0.5B,arc,arc-0068,test,seq,2,1.0,191.0,seq_r2
0.5B,arc,arc-0068,test,seq,3,1.0,308.0,seq_r3
0.5B,arc,arc-0068,test,seq,4,1.0,420.0,seq_r4
0.5B,arc,arc-0068,test,long,2,1.0,191.0,long_m2
0.5B,arc,arc-0068,test,long,4,1.0,191.0,long_m4
0.5B,arc,arc-0068,test,debate,6,1.0,567.0,debate_a3r2
0.5B,arc,arc-0069,test,single,1,1.0,409.0,
0.5B,arc,arc-0069,test,vote,4,1.0,1150.0,vote_k4
0.5B,arc,arc-0069,test,oracle,4,1.0,1150.0,oracle_k4
0.5B,arc,arc-0069,test,judge,4,0.5,1744.0,judge_k4
0.5B,arc,arc-0069,test,vote,8,1.0,2116.0,vote_k8
0.5B,arc,arc-0069,test,oracle,8,1.0,2116.0,oracle_k8
0.5B,arc,arc-0069,test,judge,8,1.0,3049.0,judge_k8
0.5B,arc,arc-0069,test,seq,1,1.0,409.0,seq_r1
0.5B,arc,arc-0069,test,seq,2,1.0,858.0,seq_r2
0.5B,arc,arc-0069,test,seq,3,1.0,1156.0,seq_r3
0.5B,arc,arc-0069,test,seq,4,1.0,1491.0,seq_r4
0.5B,arc,arc-0069,test,long,2,0.0,471.0,long_m2
0.5B,arc,arc-0069,test,long,4,0.0,471.0,long_m4
0.5B,arc,arc-0069,test,debate,6,1.0,1815.0,debate_a3r2
0.5B,arc,arc-0070,test,single,1,0.0,121.0,
0.5B,arc,arc-0070,test,vote,4,0.0,801.5,vote_k4
0.5B,arc,arc-0070,test,oracle,4,0.5,801.5,oracle_k4
0.5B,arc,arc-0070,test,judge,4,0.0,1202.5,judge_k4
0.5B,arc,arc-0070,test,vote,8,0.0,1369.0,vote_k8
0.5B,arc,arc-0070,test,oracle,8,1.0,1369.0,oracle_k8
0.5B,arc,arc-0070,test,judge,8,0.0,1894.0,judge_k8
0.5B,arc,arc-0070,test,seq,1,0.0,121.0,seq_r1
0.5B,arc,arc-0070,test,seq,2,0.0,286.0,seq_r2
0.5B,arc,arc-0070,test,seq,3,0.0,451.0,seq_r3
0.5B,arc,arc-0070,test,seq,4,0.0,607.0,seq_r4
0.5B,arc,arc-0070,test,long,2,0.0,310.0,long_m2
0.5B,arc,arc-0070,test,long,4,0.0,310.0,long_m4
0.5B,arc,arc-0070,test,debate,6,0.0,1281.0,debate_a3r2
0.5B,arc,arc-0071,test,single,1,1.0,148.0,
0.5B,arc,arc-0071,test,vote,4,0.5,713.5,vote_k4
0.5B,arc,arc-0071,test,oracle,4,1.0,713.5,oracle_k4
0.5B,arc,arc-0071,test,judge,4,0.5,1040.0,judge_k4
0.5B,arc,arc-0071,test,vote,8,1.0,1505.0,vote_k8
0.5B,arc,arc-0071,test,oracle,8,1.0,1505.0,oracle_k8
0.5B,arc,arc-0071,test,judge,8,1.0,2061.0,judge_k8
0.5B,arc,arc-0071,test,seq,1,1.0,148.0,seq_r1
0.5B,arc,arc-0071,test,seq,2,1.0,330.0,seq_r2
0.5B,arc,arc-0071,test,seq,3,1.0,512.0,seq_r3
0.5B,arc,arc-0071,test,seq,4,1.0,694.0,seq_r4
0.5B,arc,arc-0071,test,long,2,0.0,438.0,long_m2
0.5B,arc,arc-0071,test,long,4,0.0,438.0,long_m4
0.5B,arc,arc-0071,test,debate,6,0.0,1237.0,debate_a3r2
0.5B,arc,arc-0072,test,single,1,0.0,85.0,
0.5B,arc,arc-0072,test,vote,4,0.0,378.5,vote_k4
0.5B,arc,arc-0072,test,oracle,4,0.5,378.5,oracle_k4
0.5B,arc,arc-0072,test,judge,4,0.0,575.0,judge_k4
0.5B,arc,arc-0072,test,vote,8,0.0,788.0,vote_k8
0.5B,arc,arc-0072,test,oracle,8,1.0,788.0,oracle_k8
0.5B,arc,arc-0072,test,judge,8,0.0,1106.0,judge_k8
0.5B,arc,arc-0072,test,seq,1,0.0,85.0,seq_r1
0.5B,arc,arc-0072,test,seq,2,0.0,295.0,seq_r2
0.5B,arc,arc-0072,test,seq,3,0.0,497.0,seq_r3
0.5B,arc,arc-0072,test,seq,4,0.0,658.0,seq_r4
0.5B,arc,arc-0072,test,long,2,1.0,196.0,long_m2
0.5B,arc,arc-0072,test,long,4,1.0,196.0,long_m4
0.5B,arc,arc-0072,test,debate,6,0.0,702.0,debate_a3r2
0.5B,arc,arc-0073,test,single,1,1.0,91.0,
0.5B,arc,arc-0073,test,vote,4,0.5,508.0,vote_k4
0.5B,arc,arc-0073,test,oracle,4,1.0,508.0,oracle_k4
0.5B,arc,arc-0073,test,judge,4,0.5,768.5,judge_k4
0.5B,arc,arc-0073,test,vote,8,0.0,1055.0,vote_k8
0.5B,arc,arc-0073,test,oracle,8,1.0,1055.0,oracle_k8
0.5B,arc,arc-0073,test,judge,8,1.0,1502.0,judge_k8
0.5B,arc,arc-0073,test,seq,1,1.0,91.0,seq_r1
0.5B,arc,arc-0073,test,seq,2,1.0,216.0,seq_r2
0.5B,arc,arc-0073,test,seq,3,1.0,333.0,seq_r3
0.5B,arc,arc-0073,test,seq,4,1.0,514.0,seq_r4
0.5B,arc,arc-0073,test,long,2,0.0,368.0,long_m2
0.5B,arc,arc-0073,test,long,4,0.0,368.0,long_m4
0.5B,arc,arc-0073,test,debate,6,0.0,682.0,debate_a3r2
0.5B,arc,arc-0074,test,single,1,0.0,90.0,
0.5B,arc,arc-0074,test,vote,4,0.0,418.0,vote_k4
0.5B,arc,arc-0074,test,oracle,4,0.0,418.0,oracle_k4
0.5B,arc,arc-0074,test,judge,4,0.0,635.5,judge_k4
0.5B,arc,arc-0074,test,vote,8,0.0,879.0,vote_k8
0.5B,arc,arc-0074,test,oracle,8,0.0,879.0,oracle_k8
0.5B,arc,arc-0074,test,judge,8,0.0,1239.0,judge_k8
0.5B,arc,arc-0074,test,seq,1,0.0,90.0,seq_r1
0.5B,arc,arc-0074,test,seq,2,0.0,218.0,seq_r2
0.5B,arc,arc-0074,test,seq,3,0.0,346.0,seq_r3
0.5B,arc,arc-0074,test,seq,4,0.0,474.0,seq_r4
0.5B,arc,arc-0074,test,long,2,1.0,385.0,long_m2
0.5B,arc,arc-0074,test,long,4,1.0,385.0,long_m4
0.5B,arc,arc-0074,test,debate,6,0.0,661.0,debate_a3r2
0.5B,arc,arc-0075,test,single,1,1.0,70.0,
0.5B,arc,arc-0075,test,vote,4,1.0,276.0,vote_k4
0.5B,arc,arc-0075,test,oracle,4,1.0,276.0,oracle_k4
0.5B,arc,arc-0075,test,judge,4,1.0,415.0,judge_k4
0.5B,arc,arc-0075,test,vote,8,1.0,640.0,vote_k8
0.5B,arc,arc-0075,test,oracle,8,1.0,640.0,oracle_k8
0.5B,arc,arc-0075,test,judge,8,1.0,908.0,judge_k8
0.5B,arc,arc-0075,test,seq,1,1.0,70.0,seq_r1
0.5B,arc,arc-0075,test,seq,2,1.0,179.0,seq_r2
0.5B,arc,arc-0075,test,seq,3,1.0,288.0,seq_r3
0.5B,arc,arc-0075,test,seq,4,1.0,438.0,seq_r4
0.5B,arc,arc-0075,test,long,2,1.0,99.0,long_m2
0.5B,arc,arc-0075,test,long,4,1.0,99.0,long_m4
0.5B,arc,arc-0075,test,debate,6,1.0,818.0,debate_a3r2
0.5B,arc,arc-0076,test,single,1,1.0,170.0,
0.5B,arc,arc-0076,test,vote,4,1.0,523.0,vote_k4
0.5B,arc,arc-0076,test,oracle,4,1.0,523.0,oracle_k4
0.5B,arc,arc-0076,test,judge,4,0.5,829.0,judge_k4
0.5B,arc,arc-0076,test,vote,8,1.0,1009.0,vote_k8
0.5B,arc,arc-0076,test,oracle,8,1.0,1009.0,oracle_k8
0.5B,arc,arc-0076,test,judge,8,1.0,1458.0,judge_k8
0.5B,arc,arc-0076,test,seq,1,1.0,170.0,seq_r1
0.5B,arc,arc-0076,test,seq,2,1.0,382.0,seq_r2
0.5B,arc,arc-0076,test,seq,3,1.0,607.0,seq_r3
0.5B,arc,arc-0076,test,seq,4,1.0,832.0,seq_r4
0.5B,arc,arc-0076,test,long,2,0.0,124.0,long_m2
0.5B,arc,arc-0076,test,long,4,0.0,124.0,long_m4
0.5B,arc,arc-0076,test,debate,6,1.0,918.0,debate_a3r2
0.5B,arc,arc-0077,test,single,1,0.0,140.0,
0.5B,arc,arc-0077,test,vote,4,1.0,672.5,vote_k4
0.5B,arc,arc-0077,test,oracle,4,1.0,672.5,oracle_k4
0.5B,arc,arc-0077,test,judge,4,0.5,1056.5,judge_k4
0.5B,arc,arc-0077,test,vote,8,1.0,1337.0,vote_k8
0.5B,arc,arc-0077,test,oracle,8,1.0,1337.0,oracle_k8
0.5B,arc,arc-0077,test,judge,8,0.0,1935.0,judge_k8
0.5B,arc,arc-0077,test,seq,1,0.0,140.0,seq_r1
0.5B,arc,arc-0077,test,seq,2,0.0,321.0,seq_r2
0.5B,arc,arc-0077,test,seq,3,1.0,492.0,seq_r3
0.5B,arc,arc-0077,test,seq,4,1.0,681.0,seq_r4
0.5B,arc,arc-0077,test,long,2,1.0,224.0,long_m2
0.5B,arc,arc-0077,test,long,4,1.0,224.0,long_m4
0.5B,arc,arc-0077,test,debate,6,1.0,1082.0,debate_a3r2
0.5B,arc,arc-0078,test,single,1,0.0,146.0,
0.5B,arc,arc-0078,test,vote,4,0.0,631.5,vote_k4
0.5B,arc,arc-0078,test,oracle,4,0.5,631.5,oracle_k4
0.5B,arc,arc-0078,test,judge,4,0.0,950.5,judge_k4
0.5B,arc,arc-0078,test,vote,8,0.0,1433.0,vote_k8
0.5B,arc,arc-0078,test,oracle,8,1.0,1433.0,oracle_k8
0.5B,arc,arc-0078,test,judge,8,0.0,1972.0,judge_k8
0.5B,arc,arc-0078,test,seq,1,0.0,146.0,seq_r1
0.5B,arc,arc-0078,test,seq,2,0.0,326.0,seq_r2
0.5B,arc,arc-0078,test,seq,3,0.0,483.0,seq_r3
0.5B,arc,arc-0078,test,seq,4,0.0,640.0,seq_r4
0.5B,arc,arc-0078,test,long,2,0.0,457.0,long_m2
0.5B,arc,arc-0078,test,long,4,0.0,457.0,long_m4
0.5B,arc,arc-0078,test,debate,6,0.0,1557.0,debate_a3r2
0.5B,arc,arc-0079,test,single,1,0.0,184.0,
0.5B,arc,arc-0079,test,vote,4,0.0,592.0,vote_k4
0.5B,arc,arc-0079,test,oracle,4,0.0,592.0,oracle_k4
0.5B,arc,arc-0079,test,judge,4,0.0,956.0,judge_k4
0.5B,arc,arc-0079,test,vote,8,0.0,1078.0,vote_k8
0.5B,arc,arc-0079,test,oracle,8,0.0,1078.0,oracle_k8
0.5B,arc,arc-0079,test,judge,8,0.0,1594.0,judge_k8
0.5B,arc,arc-0079,test,seq,1,0.0,184.0,seq_r1
0.5B,arc,arc-0079,test,seq,2,0.0,402.0,seq_r2
0.5B,arc,arc-0079,test,seq,3,0.0,519.0,seq_r3
0.5B,arc,arc-0079,test,seq,4,0.0,644.0,seq_r4
0.5B,arc,arc-0079,test,long,2,1.0,548.0,long_m2
0.5B,arc,arc-0079,test,long,4,1.0,548.0,long_m4
0.5B,arc,arc-0079,test,debate,6,0.0,1050.0,debate_a3r2
0.5B,arc,arc-0080,test,single,1,0.0,60.0,
0.5B,arc,arc-0080,test,vote,4,0.0,328.5,vote_k4
0.5B,arc,arc-0080,test,oracle,4,0.5,328.5,oracle_k4
0.5B,arc,arc-0080,test,judge,4,0.0,534.0,judge_k4
0.5B,arc,arc-0080,test,vote,8,0.0,708.0,vote_k8
0.5B,arc,arc-0080,test,oracle,8,1.0,708.0,oracle_k8
0.5B,arc,arc-0080,test,judge,8,0.0,1082.0,judge_k8
0.5B,arc,arc-0080,test,seq,1,0.0,60.0,seq_r1
0.5B,arc,arc-0080,test,seq,2,0.0,155.0,seq_r2
0.5B,arc,arc-0080,test,seq,3,0.0,250.0,seq_r3
0.5B,arc,arc-0080,test,seq,4,0.0,345.0,seq_r4
0.5B,arc,arc-0080,test,long,2,0.0,93.0,long_m2
0.5B,arc,arc-0080,test,long,4,0.0,93.0,long_m4
0.5B,arc,arc-0080,test,debate,6,0.0,735.0,debate_a3r2
0.5B,arc,arc-0081,test,single,1,0.0,159.0,
0.5B,arc,arc-0081,test,vote,4,1.0,645.5,vote_k4
0.5B,arc,arc-0081,test,oracle,4,1.0,645.5,oracle_k4
0.5B,arc,arc-0081,test,judge,4,1.0,1044.0,judge_k4
0.5B,arc,arc-0081,test,vote,8,1.0,1237.0,vote_k8
0.5B,arc,arc-0081,test,oracle,8,1.0,1237.0,oracle_k8
0.5B,arc,arc-0081,test,judge,8,0.0,1843.0,judge_k8
0.5B,arc,arc-0081,test,seq,1,0.0,159.0,seq_r1
0.5B,arc,arc-0081,test,seq,2,0.0,351.0,seq_r2
0.5B,arc,arc-0081,test,seq,3,1.0,487.0,seq_r3
0.5B,arc,arc-0081,test,seq,4,1.0,685.0,seq_r4
0.5B,arc,arc-0081,test,long,2,1.0,334.0,long_m2
0.5B,arc,arc-0081,test,long,4,1.0,334.0,long_m4
0.5B,arc,arc-0081,test,debate,6,1.0,1422.0,debate_a3r2
0.5B,arc,arc-0082,test,single,1,1.0,179.0,
0.5B,arc,arc-0082,test,vote,4,1.0,810.5,vote_k4
0.5B,arc,arc-0082,test,oracle,4,1.0,810.5,oracle_k4
0.5B,arc,arc-0082,test,judge,4,1.0,1259.5,judge_k4
0.5B,arc,arc-0082,test,vote,8,1.0,1452.0,vote_k8
0.5B,arc,arc-0082,test,oracle,8,1.0,1452.0,oracle_k8
0.5B,arc,arc-0082,test,judge,8,1.0,2098.0,judge_k8
0.5B,arc,arc-0082,test,seq,1,1.0,179.0,seq_r1
0.5B,arc,arc-0082,test,seq,2,0.0,391.0,seq_r2
0.5B,arc,arc-0082,test,seq,3,0.0,542.0,seq_r3
0.5B,arc,arc-0082,test,seq,4,0.0,693.0,seq_r4
0.5B,arc,arc-0082,test,long,2,1.0,149.0,long_m2
0.5B,arc,arc-0082,test,long,4,1.0,149.0,long_m4
0.5B,arc,arc-0082,test,debate,6,1.0,1525.0,debate_a3r2
0.5B,arc,arc-0083,test,single,1,1.0,129.0,
0.5B,arc,arc-0083,test,vote,4,0.5,494.0,vote_k4
0.5B,arc,arc-0083,test,oracle,4,1.0,494.0,oracle_k4
0.5B,arc,arc-0083,test,judge,4,0.5,756.0,judge_k4
0.5B,arc,arc-0083,test,vote,8,1.0,927.0,vote_k8
0.5B,arc,arc-0083,test,oracle,8,1.0,927.0,oracle_k8
0.5B,arc,arc-0083,test,judge,8,1.0,1269.0,judge_k8
0.5B,arc,arc-0083,test,seq,1,1.0,129.0,seq_r1
0.5B,arc,arc-0083,test,seq,2,1.0,301.0,seq_r2
0.5B,arc,arc-0083,test,seq,3,1.0,450.0,seq_r3
0.5B,arc,arc-0083,test,seq,4,1.0,599.0,seq_r4
0.5B,arc,arc-0083,test,long,2,1.0,382.0,long_m2
0.5B,arc,arc-0083,test,long,4,1.0,382.0,long_m4
0.5B,arc,arc-0083,test,debate,6,1.0,875.0,debate_a3r2
0.5B,arc,arc-0084,test,single,1,0.0,85.0,
0.5B,arc,arc-0084,test,vote,4,0.0,620.5,vote_k4
0.5B,arc,arc-0084,test,oracle,4,0.5,620.5,oracle_k4
0.5B,arc,arc-0084,test,judge,4,0.5,1031.0,judge_k4
0.5B,arc,arc-0084,test,vote,8,0.0,1155.0,vote_k8
0.5B,arc,arc-0084,test,oracle,8,1.0,1155.0,oracle_k8
0.5B,arc,arc-0084,test,judge,8,0.0,1784.0,judge_k8
0.5B,arc,arc-0084,test,seq,1,0.0,85.0,seq_r1
0.5B,arc,arc-0084,test,seq,2,0.0,203.0,seq_r2
0.5B,arc,arc-0084,test,seq,3,0.0,316.0,seq_r3
0.5B,arc,arc-0084,test,seq,4,0.0,429.0,seq_r4
0.5B,arc,arc-0084,test,long,2,0.0,388.0,long_m2
0.5B,arc,arc-0084,test,long,4,0.0,388.0,long_m4
0.5B,arc,arc-0084,test,debate,6,0.0,952.0,debate_a3r2
0.5B,arc,arc-0085,test,single,1,1.0,165.0,
0.5B,arc,arc-0085,test,vote,4,0.5,520.5,vote_k4
0.5B,arc,arc-0085,test,oracle,4,1.0,520.5,oracle_k4
0.5B,arc,arc-0085,test,judge,4,0.0,797.0,judge_k4
0.5B,arc,arc-0085,test,vote,8,1.0,1073.0,vote_k8
0.5B,arc,arc-0085,test,oracle,8,1.0,1073.0,oracle_k8
0.5B,arc,arc-0085,test,judge,8,1.0,1522.0,judge_k8
0.5B,arc,arc-0085,test,seq,1,1.0,165.0,seq_r1
0.5B,arc,arc-0085,test,seq,2,1.0,372.0,seq_r2
0.5B,arc,arc-0085,test,seq,3,1.0,610.0,seq_r3
0.5B,arc,arc-0085,test,seq,4,0.0,849.0,seq_r4
0.5B,arc,arc-0085,test,long,2,0.0,376.0,long_m2
0.5B,arc,arc-0085,test,long,4,0.0,376.0,long_m4
0.5B,arc,arc-0085,test,debate,6,0.0,1037.0,debate_a3r2
0.5B,arc,arc-0086,test,single,1,0.0,74.0,
0.5B,arc,arc-0086,test,vote,4,0.0,391.0,vote_k4
0.5B,arc,arc-0086,test,oracle,4,0.5,391.0,oracle_k4
0.5B,arc,arc-0086,test,judge,4,0.0,617.5,judge_k4
0.5B,arc,arc-0086,test,vote,8,0.0,716.0,vote_k8
0.5B,arc,arc-0086,test,oracle,8,1.0,716.0,oracle_k8
0.5B,arc,arc-0086,test,judge,8,0.0,1003.0,judge_k8
0.5B,arc,arc-0086,test,seq,1,0.0,74.0,seq_r1
0.5B,arc,arc-0086,test,seq,2,0.0,183.0,seq_r2
0.5B,arc,arc-0086,test,seq,3,0.0,292.0,seq_r3
0.5B,arc,arc-0086,test,seq,4,0.0,416.0,seq_r4
0.5B,arc,arc-0086,test,long,2,1.0,107.0,long_m2
0.5B,arc,arc-0086,test,long,4,1.0,107.0,long_m4
0.5B,arc,arc-0086,test,debate,6,0.0,768.0,debate_a3r2
0.5B,arc,arc-0087,test,single,1,0.0,133.0,
0.5B,arc,arc-0087,test,vote,4,0.0,805.5,vote_k4
0.5B,arc,arc-0087,test,oracle,4,1.0,805.5,oracle_k4
0.5B,arc,arc-0087,test,judge,4,0.5,1304.0,judge_k4
0.5B,arc,arc-0087,test,vote,8,0.0,1792.0,vote_k8
0.5B,arc,arc-0087,test,oracle,8,1.0,1792.0,oracle_k8
0.5B,arc,arc-0087,test,judge,8,0.0,2728.0,judge_k8
0.5B,arc,arc-0087,test,seq,1,0.0,133.0,seq_r1
0.5B,arc,arc-0087,test,seq,2,0.0,300.0,seq_r2
0.5B,arc,arc-0087,test,seq,3,0.0,433.0,seq_r3
0.5B,arc,arc-0087,test,seq,4,1.0,566.0,seq_r4
0.5B,arc,arc-0087,test,long,2,0.0,493.0,long_m2
0.5B,arc,arc-0087,test,long,4,0.0,493.0,long_m4
0.5B,arc,arc-0087,test,debate,6,0.0,1322.0,debate_a3r2
0.5B,arc,arc-0088,test,single,1,0.0,142.0,
0.5B,arc,arc-0088,test,vote,4,0.0,650.5,vote_k4
0.5B,arc,arc-0088,test,oracle,4,0.0,650.5,oracle_k4
0.5B,arc,arc-0088,test,judge,4,0.0,978.5,judge_k4
0.5B,arc,arc-0088,test,vote,8,0.0,1266.0,vote_k8
0.5B,arc,arc-0088,test,oracle,8,0.0,1266.0,oracle_k8
0.5B,arc,arc-0088,test,judge,8,0.0,1719.0,judge_k8
0.5B,arc,arc-0088,test,seq,1,0.0,142.0,seq_r1
0.5B,arc,arc-0088,test,seq,2,0.0,488.0,seq_r2
0.5B,arc,arc-0088,test,seq,3,0.0,891.0,seq_r3
0.5B,arc,arc-0088,test,seq,4,0.0,1194.0,seq_r4
0.5B,arc,arc-0088,test,long,2,0.0,405.0,long_m2
0.5B,arc,arc-0088,test,long,4,0.0,405.0,long_m4
0.5B,arc,arc-0088,test,debate,6,0.0,1104.0,debate_a3r2
0.5B,arc,arc-0089,test,single,1,0.0,293.0,
0.5B,arc,arc-0089,test,vote,4,0.0,990.0,vote_k4
0.5B,arc,arc-0089,test,oracle,4,0.5,990.0,oracle_k4
0.5B,arc,arc-0089,test,judge,4,0.0,1588.5,judge_k4
0.5B,arc,arc-0089,test,vote,8,0.0,2258.0,vote_k8
0.5B,arc,arc-0089,test,oracle,8,1.0,2258.0,oracle_k8
0.5B,arc,arc-0089,test,judge,8,0.0,3371.0,judge_k8
0.5B,arc,arc-0089,test,seq,1,0.0,293.0,seq_r1
0.5B,arc,arc-0089,test,seq,2,0.0,620.0,seq_r2
0.5B,arc,arc-0089,test,seq,3,0.0,778.0,seq_r3
0.5B,arc,arc-0089,test,seq,4,0.0,936.0,seq_r4
0.5B,arc,arc-0089,test,long,2,0.0,221.0,long_m2
0.5B,arc,arc-0089,test,long,4,0.0,221.0,long_m4
0.5B,arc,arc-0089,test,debate,6,0.0,1865.0,debate_a3r2
0.5B,csp,csp-0000,calib,single,1,0.0,386.0,
0.5B,csp,csp-0000,calib,vote,4,0.0,1544.0,vote_k4
0.5B,csp,csp-0000,calib,prog,4,0.0,1544.0,prog_k4
0.5B,csp,csp-0000,calib,oracle,4,0.0,1544.0,oracle_k4
0.5B,csp,csp-0000,calib,judge,4,0.0,2629.0,judge_k4
0.5B,csp,csp-0000,calib,vote,8,0.0,3088.0,vote_k8
0.5B,csp,csp-0000,calib,prog,8,0.0,3088.0,prog_k8
0.5B,csp,csp-0000,calib,oracle,8,0.0,3088.0,oracle_k8
0.5B,csp,csp-0000,calib,judge,8,0.0,5196.0,judge_k8
0.5B,csp,csp-0000,calib,seq,1,0.0,386.0,seq_r1
0.5B,csp,csp-0000,calib,seq,2,0.0,1122.0,seq_r2
0.5B,csp,csp-0000,calib,seq,3,0.0,1543.0,seq_r3
0.5B,csp,csp-0000,calib,seq,4,0.0,1965.0,seq_r4
0.5B,csp,csp-0000,calib,long,2,1.0,692.0,long_m2
0.5B,csp,csp-0000,calib,long,4,1.0,692.0,long_m4
0.5B,csp,csp-0000,calib,debate,6,0.0,2480.0,debate_a3r2
0.5B,csp,csp-0001,calib,single,1,0.0,386.0,
0.5B,csp,csp-0001,calib,vote,4,0.0,1355.5,vote_k4
0.5B,csp,csp-0001,calib,prog,4,0.0,1355.5,prog_k4
0.5B,csp,csp-0001,calib,oracle,4,0.0,1355.5,oracle_k4
0.5B,csp,csp-0001,calib,judge,4,0.0,2340.5,judge_k4
0.5B,csp,csp-0001,calib,vote,8,0.0,2711.0,vote_k8
0.5B,csp,csp-0001,calib,prog,8,0.0,2711.0,prog_k8
0.5B,csp,csp-0001,calib,oracle,8,0.0,2711.0,oracle_k8
0.5B,csp,csp-0001,calib,judge,8,0.0,4544.0,judge_k8
0.5B,csp,csp-0001,calib,seq,1,0.0,386.0,seq_r1
0.5B,csp,csp-0001,calib,seq,2,0.0,1121.0,seq_r2
0.5B,csp,csp-0001,calib,seq,3,0.0,1858.0,seq_r3
0.5B,csp,csp-0001,calib,seq,4,1.0,2595.0,seq_r4
0.5B,csp,csp-0001,calib,long,2,0.0,738.0,long_m2
0.5B,csp,csp-0001,calib,long,4,0.0,832.0,long_m4
0.5B,csp,csp-0001,calib,debate,6,0.0,2506.0,debate_a3r2
0.5B,csp,csp-0002,calib,single,1,0.0,386.0,
0.5B,csp,csp-0002,calib,vote,4,0.0,1544.0,vote_k4
0.5B,csp,csp-0002,calib,prog,4,0.0,1544.0,prog_k4
0.5B,csp,csp-0002,calib,oracle,4,0.0,1544.0,oracle_k4
0.5B,csp,csp-0002,calib,judge,4,0.0,2577.5,judge_k4
0.5B,csp,csp-0002,calib,vote,8,0.0,3088.0,vote_k8
0.5B,csp,csp-0002,calib,prog,8,0.0,3088.0,prog_k8
0.5B,csp,csp-0002,calib,oracle,8,0.0,3088.0,oracle_k8
0.5B,csp,csp-0002,calib,judge,8,0.0,5091.0,judge_k8
0.5B,csp,csp-0002,calib,seq,1,0.0,386.0,seq_r1
0.5B,csp,csp-0002,calib,seq,2,0.0,1122.0,seq_r2
0.5B,csp,csp-0002,calib,seq,3,0.0,1857.0,seq_r3
0.5B,csp,csp-0002,calib,seq,4,0.0,2593.0,seq_r4
0.5B,csp,csp-0002,calib,long,2,0.0,738.0,long_m2
0.5B,csp,csp-0002,calib,long,4,1.0,838.0,long_m4
0.5B,csp,csp-0002,calib,debate,6,0.0,3064.0,debate_a3r2
0.5B,csp,csp-0003,calib,single,1,0.0,387.0,
0.5B,csp,csp-0003,calib,vote,4,0.0,1548.0,vote_k4
0.5B,csp,csp-0003,calib,prog,4,0.0,1548.0,prog_k4
0.5B,csp,csp-0003,calib,oracle,4,0.0,1548.0,oracle_k4
0.5B,csp,csp-0003,calib,judge,4,0.0,2651.5,judge_k4
0.5B,csp,csp-0003,calib,vote,8,0.0,3096.0,vote_k8
0.5B,csp,csp-0003,calib,prog,8,0.0,3096.0,prog_k8
0.5B,csp,csp-0003,calib,oracle,8,0.0,3096.0,oracle_k8
0.5B,csp,csp-0003,calib,judge,8,0.0,5216.0,judge_k8
0.5B,csp,csp-0003,calib,seq,1,0.0,387.0,seq_r1
0.5B,csp,csp-0003,calib,seq,2,0.0,1124.0,seq_r2
0.5B,csp,csp-0003,calib,seq,3,0.0,1861.0,seq_r3
0.5B,csp,csp-0003,calib,seq,4,0.0,2336.0,seq_r4
0.5B,csp,csp-0003,calib,long,2,1.0,739.0,long_m2
0.5B,csp,csp-0003,calib,long,4,0.0,721.0,long_m4
0.5B,csp,csp-0003,calib,debate,6,0.0,2471.0,debate_a3r2
0.5B,csp,csp-0004,calib,single,1,0.0,387.0,
0.5B,csp,csp-0004,calib,vote,4,0.0,1548.0,vote_k4
0.5B,csp,csp-0004,calib,prog,4,0.0,1548.0,prog_k4
0.5B,csp,csp-0004,calib,oracle,4,0.0,1548.0,oracle_k4
0.5B,csp,csp-0004,calib,judge,4,0.0,2548.0,judge_k4
0.5B,csp,csp-0004,calib,vote,8,0.0,3096.0,vote_k8
0.5B,csp,csp-0004,calib,prog,8,0.0,3096.0,prog_k8
0.5B,csp,csp-0004,calib,oracle,8,0.0,3096.0,oracle_k8
0.5B,csp,csp-0004,calib,judge,8,0.0,5038.0,judge_k8
0.5B,csp,csp-0004,calib,seq,1,0.0,387.0,seq_r1
0.5B,csp,csp-0004,calib,seq,2,0.0,812.0,seq_r2
0.5B,csp,csp-0004,calib,seq,3,0.0,1237.0,seq_r3
0.5B,csp,csp-0004,calib,seq,4,0.0,1974.0,seq_r4
0.5B,csp,csp-0004,calib,long,2,0.0,739.0,long_m2
0.5B,csp,csp-0004,calib,long,4,0.0,714.0,long_m4
0.5B,csp,csp-0004,calib,debate,6,0.0,2717.0,debate_a3r2
0.5B,csp,csp-0005,calib,single,1,0.0,386.0,
0.5B,csp,csp-0005,calib,vote,4,0.0,1544.0,vote_k4
0.5B,csp,csp-0005,calib,prog,4,0.0,1544.0,prog_k4
0.5B,csp,csp-0005,calib,oracle,4,0.0,1544.0,oracle_k4
0.5B,csp,csp-0005,calib,judge,4,0.0,2707.0,judge_k4
0.5B,csp,csp-0005,calib,vote,8,0.0,3088.0,vote_k8
0.5B,csp,csp-0005,calib,prog,8,0.0,3088.0,prog_k8
0.5B,csp,csp-0005,calib,oracle,8,0.0,3088.0,oracle_k8
0.5B,csp,csp-0005,calib,judge,8,0.0,5291.0,judge_k8
0.5B,csp,csp-0005,calib,seq,1,0.0,386.0,seq_r1
0.5B,csp,csp-0005,calib,seq,2,0.0,1122.0,seq_r2
0.5B,csp,csp-0005,calib,seq,3,0.0,1859.0,seq_r3
0.5B,csp,csp-0005,calib,seq,4,0.0,2596.0,seq_r4
0.5B,csp,csp-0005,calib,long,2,1.0,503.0,long_m2
0.5B,csp,csp-0005,calib,long,4,1.0,503.0,long_m4
0.5B,csp,csp-0005,calib,debate,6,0.0,3126.0,debate_a3r2
0.5B,csp,csp-0006,calib,single,1,1.0,320.0,
0.5B,csp,csp-0006,calib,vote,4,1.0,1254.5,vote_k4
0.5B,csp,csp-0006,calib,prog,4,1.0,1254.5,prog_k4
0.5B,csp,csp-0006,calib,oracle,4,1.0,1254.5,oracle_k4
0.5B,csp,csp-0006,calib,judge,4,1.0,2235.0,judge_k4
0.5B,csp,csp-0006,calib,vote,8,1.0,2487.0,vote_k8
0.5B,csp,csp-0006,calib,prog,8,1.0,2487.0,prog_k8
0.5B,csp,csp-0006,calib,oracle,8,1.0,2487.0,oracle_k8
0.5B,csp,csp-0006,calib,judge,8,1.0,4306.0,judge_k8
0.5B,csp,csp-0006,calib,seq,1,1.0,320.0,seq_r1
0.5B,csp,csp-0006,calib,seq,2,1.0,924.0,seq_r2
0.5B,csp,csp-0006,calib,seq,3,1.0,1279.0,seq_r3
0.5B,csp,csp-0006,calib,seq,4,0.0,1701.0,seq_r4
0.5B,csp,csp-0006,calib,long,2,1.0,398.0,long_m2
0.5B,csp,csp-0006,calib,long,4,1.0,398.0,long_m4
0.5B,csp,csp-0006,calib,debate,6,1.0,2232.0,debate_a3r2
0.5B,csp,csp-0007,calib,single,1,0.0,386.0,
0.5B,csp,csp-0007,calib,vote,4,1.0,1391.0,vote_k4
0.5B,csp,csp-0007,calib,prog,4,1.0,1391.0,prog_k4
0.5B,csp,csp-0007,calib,oracle,4,1.0,1391.0,oracle_k4
0.5B,csp,csp-0007,calib,judge,4,1.0,2405.5,judge_k4
0.5B,csp,csp-0007,calib,vote,8,1.0,2775.0,vote_k8
0.5B,csp,csp-0007,calib,prog,8,1.0,2775.0,prog_k8
0.5B,csp,csp-0007,calib,oracle,8,1.0,2775.0,oracle_k8
0.5B,csp,csp-0007,calib,judge,8,0.0,4728.0,judge_k8
0.5B,csp,csp-0007,calib,seq,1,0.0,386.0,seq_r1
0.5B,csp,csp-0007,calib,seq,2,0.0,904.0,seq_r2
0.5B,csp,csp-0007,calib,seq,3,0.0,1105.0,seq_r3
0.5B,csp,csp-0007,calib,seq,4,0.0,1334.0,seq_r4
0.5B,csp,csp-0007,calib,long,2,1.0,731.0,long_m2
0.5B,csp,csp-0007,calib,long,4,1.0,731.0,long_m4
0.5B,csp,csp-0007,calib,debate,6,0.0,2057.0,debate_a3r2
0.5B,csp,csp-0008,calib,single,1,0.0,387.0,
0.5B,csp,csp-0008,calib,vote,4,0.0,1548.0,vote_k4
0.5B,csp,csp-0008,calib,prog,4,0.0,1548.0,prog_k4
0.5B,csp,csp-0008,calib,oracle,4,0.0,1548.0,oracle_k4
0.5B,csp,csp-0008,calib,judge,4,0.0,2666.0,judge_k4
0.5B,csp,csp-0008,calib,vote,8,0.0,3096.0,vote_k8
0.5B,csp,csp-0008,calib,prog,8,0.0,3096.0,prog_k8
0.5B,csp,csp-0008,calib,oracle,8,0.0,3096.0,oracle_k8
0.5B,csp,csp-0008,calib,judge,8,0.0,5230.0,judge_k8
0.5B,csp,csp-0008,calib,seq,1,0.0,387.0,seq_r1
0.5B,csp,csp-0008,calib,seq,2,0.0,1125.0,seq_r2
0.5B,csp,csp-0008,calib,seq,3,0.0,1863.0,seq_r3
0.5B,csp,csp-0008,calib,seq,4,0.0,2601.0,seq_r4
0.5B,csp,csp-0008,calib,long,2,0.0,570.0,long_m2
0.5B,csp,csp-0008,calib,long,4,0.0,646.0,long_m4
0.5B,csp,csp-0008,calib,debate,6,0.0,2737.0,debate_a3r2
0.5B,csp,csp-0009,calib,single,1,0.0,386.0,
0.5B,csp,csp-0009,calib,vote,4,0.0,1544.0,vote_k4
0.5B,csp,csp-0009,calib,prog,4,0.0,1544.0,prog_k4
0.5B,csp,csp-0009,calib,oracle,4,0.0,1544.0,oracle_k4
0.5B,csp,csp-0009,calib,judge,4,0.0,2686.0,judge_k4
0.5B,csp,csp-0009,calib,vote,8,0.0,3088.0,vote_k8
0.5B,csp,csp-0009,calib,prog,8,0.0,3088.0,prog_k8
0.5B,csp,csp-0009,calib,oracle,8,0.0,3088.0,oracle_k8
0.5B,csp,csp-0009,calib,judge,8,0.0,5269.0,judge_k8
0.5B,csp,csp-0009,calib,seq,1,0.0,386.0,seq_r1
0.5B,csp,csp-0009,calib,seq,2,0.0,808.0,seq_r2
0.5B,csp,csp-0009,calib,seq,3,0.0,1231.0,seq_r3
0.5B,csp,csp-0009,calib,seq,4,0.0,1967.0,seq_r4
0.5B,csp,csp-0009,calib,long,2,0.0,686.0,long_m2
0.5B,csp,csp-0009,calib,long,4,0.0,686.0,long_m4
0.5B,csp,csp-0009,calib,debate,6,0.0,2561.0,debate_a3r2
0.5B,csp,csp-0010,calib,single,1,0.0,386.0,
0.5B,csp,csp-0010,calib,vote,4,0.0,1544.0,vote_k4
0.5B,csp,csp-0010,calib,prog,4,0.0,1544.0,prog_k4
0.5B,csp,csp-0010,calib,oracle,4,0.0,1544.0,oracle_k4
0.5B,csp,csp-0010,calib,judge,4,0.0,2654.5,judge_k4
0.5B,csp,csp-0010,calib,vote,8,0.0,3088.0,vote_k8
0.5B,csp,csp-0010,calib,prog,8,0.0,3088.0,prog_k8
0.5B,csp,csp-0010,calib,oracle,8,0.0,3088.0,oracle_k8
0.5B,csp,csp-0010,calib,judge,8,0.0,5219.0,judge_k8
0.5B,csp,csp-0010,calib,seq,1,0.0,386.0,seq_r1
0.5B,csp,csp-0010,calib,seq,2,0.0,1123.0,seq_r2
0.5B,csp,csp-0010,calib,seq,3,0.0,1544.0,seq_r3
0.5B,csp,csp-0010,calib,seq,4,0.0,1966.0,seq_r4
0.5B,csp,csp-0010,calib,long,2,1.0,690.0,long_m2
0.5B,csp,csp-0010,calib,long,4,1.0,690.0,long_m4
0.5B,csp,csp-0010,calib,debate,6,0.0,2502.0,debate_a3r2
0.5B,csp,csp-0011,calib,single,1,0.0,386.0,
0.5B,csp,csp-0011,calib,vote,4,0.0,1544.0,vote_k4
0.5B,csp,csp-0011,calib,prog,4,0.0,1544.0,prog_k4
0.5B,csp,csp-0011,calib,oracle,4,0.0,1544.0,oracle_k4
0.5B,csp,csp-0011,calib,judge,4,0.0,2686.5,judge_k4
0.5B,csp,csp-0011,calib,vote,8,0.0,3088.0,vote_k8
0.5B,csp,csp-0011,calib,prog,8,0.0,3088.0,prog_k8
0.5B,csp,csp-0011,calib,oracle,8,0.0,3088.0,oracle_k8
0.5B,csp,csp-0011,calib,judge,8,0.0,5162.0,judge_k8
0.5B,csp,csp-0011,calib,seq,1,0.0,386.0,seq_r1
0.5B,csp,csp-0011,calib,seq,2,0.0,1123.0,seq_r2
0.5B,csp,csp-0011,calib,seq,3,0.0,1859.0,seq_r3
0.5B,csp,csp-0011,calib,seq,4,0.0,2342.0,seq_r4
0.5B,csp,csp-0011,calib,long,2,0.0,738.0,long_m2
0.5B,csp,csp-0011,calib,long,4,0.0,837.0,long_m4
0.5B,csp,csp-0011,calib,debate,6,0.0,2670.0,debate_a3r2
0.5B,csp,csp-0012,calib,single,1,0.0,387.0,
0.5B,csp,csp-0012,calib,vote,4,0.0,1548.0,vote_k4
0.5B,csp,csp-0012,calib,prog,4,0.0,1548.0,prog_k4
0.5B,csp,csp-0012,calib,oracle,4,0.0,1548.0,oracle_k4
0.5B,csp,csp-0012,calib,judge,4,0.0,2708.0,judge_k4
0.5B,csp,csp-0012,calib,vote,8,0.0,3096.0,vote_k8
0.5B,csp,csp-0012,calib,prog,8,0.0,3096.0,prog_k8
0.5B,csp,csp-0012,calib,oracle,8,0.0,3096.0,oracle_k8
0.5B,csp,csp-0012,calib,judge,8,0.0,5279.0,judge_k8
0.5B,csp,csp-0012,calib,seq,1,0.0,387.0,seq_r1
0.5B,csp,csp-0012,calib,seq,2,0.0,1123.0,seq_r2
0.5B,csp,csp-0012,calib,seq,3,0.0,1861.0,seq_r3
0.5B,csp,csp-0012,calib,seq,4,0.0,2283.0,seq_r4
0.5B,csp,csp-0012,calib,long,2,0.0,515.0,long_m2
0.5B,csp,csp-0012,calib,long,4,0.0,644.0,long_m4
0.5B,csp,csp-0012,calib,debate,6,0.0,2497.0,debate_a3r2
0.5B,csp,csp-0013,calib,single,1,0.0,386.0,
0.5B,csp,csp-0013,calib,vote,4,0.0,1523.5,vote_k4
0.5B,csp,csp-0013,calib,prog,4,0.0,1523.5,prog_k4
0.5B,csp,csp-0013,calib,oracle,4,0.0,1523.5,oracle_k4
0.5B,csp,csp-0013,calib,judge,4,0.0,2654.5,judge_k4
0.5B,csp,csp-0013,calib,vote,8,0.0,3047.0,vote_k8
0.5B,csp,csp-0013,calib,prog,8,0.0,3047.0,prog_k8
0.5B,csp,csp-0013,calib,oracle,8,0.0,3047.0,oracle_k8
0.5B,csp,csp-0013,calib,judge,8,0.0,5231.0,judge_k8
0.5B,csp,csp-0013,calib,seq,1,0.0,386.0,seq_r1
0.5B,csp,csp-0013,calib,seq,2,0.0,811.0,seq_r2
0.5B,csp,csp-0013,calib,seq,3,0.0,984.0,seq_r3
0.5B,csp,csp-0013,calib,seq,4,0.0,1470.0,seq_r4
0.5B,csp,csp-0013,calib,long,2,0.0,605.0,long_m2
0.5B,csp,csp-0013,calib,long,4,0.0,605.0,long_m4
0.5B,csp,csp-0013,calib,debate,6,1.0,2518.0,debate_a3r2
0.5B,csp,csp-0014,calib,single,1,0.0,386.0,
0.5B,csp,csp-0014,calib,vote,4,0.0,1544.0,vote_k4
0.5B,csp,csp-0014,calib,prog,4,0.0,1544.0,prog_k4
0.5B,csp,csp-0014,calib,oracle,4,0.0,1544.0,oracle_k4
0.5B,csp,csp-0014,calib,judge,4,0.0,2652.0,judge_k4
0.5B,csp,csp-0014,calib,vote,8,0.0,3088.0,vote_k8
0.5B,csp,csp-0014,calib,prog,8,0.0,3088.0,prog_k8
0.5B,csp,csp-0014,calib,oracle,8,0.0,3088.0,oracle_k8
0.5B,csp,csp-0014,calib,judge,8,0.0,5196.0,judge_k8
0.5B,csp,csp-0014,calib,seq,1,0.0,386.0,seq_r1
0.5B,csp,csp-0014,calib,seq,2,0.0,1123.0,seq_r2
0.5B,csp,csp-0014,calib,seq,3,0.0,1858.0,seq_r3
0.5B,csp,csp-0014,calib,seq,4,0.0,2594.0,seq_r4
0.5B,csp,csp-0014,calib,long,2,1.0,738.0,long_m2
0.5B,csp,csp-0014,calib,long,4,1.0,738.0,long_m4
0.5B,csp,csp-0014,calib,debate,6,1.0,2825.0,debate_a3r2
0.5B,csp,csp-0015,calib,single,1,0.0,387.0,
0.5B,csp,csp-0015,calib,vote,4,0.0,1548.0,vote_k4
0.5B,csp,csp-0015,calib,prog,4,0.0,1548.0,prog_k4
0.5B,csp,csp-0015,calib,oracle,4,0.0,1548.0,oracle_k4
0.5B,csp,csp-0015,calib,judge,4,0.0,2651.0,judge_k4
0.5B,csp,csp-0015,calib,vote,8,0.0,3096.0,vote_k8
0.5B,csp,csp-0015,calib,prog,8,0.0,3096.0,prog_k8
0.5B,csp,csp-0015,calib,oracle,8,0.0,3096.0,oracle_k8
0.5B,csp,csp-0015,calib,judge,8,0.0,5265.0,judge_k8
0.5B,csp,csp-0015,calib,seq,1,0.0,387.0,seq_r1
0.5B,csp,csp-0015,calib,seq,2,0.0,1124.0,seq_r2
0.5B,csp,csp-0015,calib,seq,3,0.0,1862.0,seq_r3
0.5B,csp,csp-0015,calib,seq,4,0.0,2599.0,seq_r4
0.5B,csp,csp-0015,calib,long,2,0.0,739.0,long_m2
0.5B,csp,csp-0015,calib,long,4,0.0,922.0,long_m4
0.5B,csp,csp-0015,calib,debate,6,0.0,2550.0,debate_a3r2
0.5B,csp,csp-0016,calib,single,1,0.0,386.0,
0.5B,csp,csp-0016,calib,vote,4,0.0,1544.0,vote_k4
0.5B,csp,csp-0016,calib,prog,4,0.0,1544.0,prog_k4
0.5B,csp,csp-0016,calib,oracle,4,0.0,1544.0,oracle_k4
0.5B,csp,csp-0016,calib,judge,4,0.0,2606.0,judge_k4
0.5B,csp,csp-0016,calib,vote,8,0.0,3088.0,vote_k8
0.5B,csp,csp-0016,calib,prog,8,0.0,3088.0,prog_k8
0.5B,csp,csp-0016,calib,oracle,8,0.0,3088.0,oracle_k8
0.5B,csp,csp-0016,calib,judge,8,0.0,5154.0,judge_k8
0.5B,csp,csp-0016,calib,seq,1,0.0,386.0,seq_r1
0.5B,csp,csp-0016,calib,seq,2,0.0,1123.0,seq_r2
0.5B,csp,csp-0016,calib,seq,3,0.0,1843.0,seq_r3
0.5B,csp,csp-0016,calib,seq,4,0.0,2562.0,seq_r4
0.5B,csp,csp-0016,calib,long,2,0.0,738.0,long_m2
0.5B,csp,csp-0016,calib,long,4,0.0,874.0,long_m4
0.5B,csp,csp-0016,calib,debate,6,0.0,2452.0,debate_a3r2
0.5B,csp,csp-0017,calib,single,1,0.0,386.0,
0.5B,csp,csp-0017,calib,vote,4,0.5,1510.0,vote_k4
0.5B,csp,csp-0017,calib,prog,4,0.5,1510.0,prog_k4
0.5B,csp,csp-0017,calib,oracle,4,0.5,1510.0,oracle_k4
0.5B,csp,csp-0017,calib,judge,4,0.0,2644.0,judge_k4
0.5B,csp,csp-0017,calib,vote,8,0.0,3020.0,vote_k8
0.5B,csp,csp-0017,calib,prog,8,1.0,3020.0,prog_k8
0.5B,csp,csp-0017,calib,oracle,8,1.0,3020.0,oracle_k8
0.5B,csp,csp-0017,calib,judge,8,1.0,5180.0,judge_k8
0.5B,csp,csp-0017,calib,seq,1,0.0,386.0,seq_r1
0.5B,csp,csp-0017,calib,seq,2,0.0,1123.0,seq_r2
0.5B,csp,csp-0017,calib,seq,3,0.0,1860.0,seq_r3
0.5B,csp,csp-0017,calib,seq,4,0.0,2597.0,seq_r4
0.5B,csp,csp-0017,calib,long,2,0.0,549.0,long_m2
0.5B,csp,csp-0017,calib,long,4,0.0,549.0,long_m4
0.5B,csp,csp-0017,calib,debate,6,0.0,2512.0,debate_a3r2
0.5B,csp,csp-0018,calib,single,1,0.0,386.0,
0.5B,csp,csp-0018,calib,vote,4,0.0,1544.0,vote_k4
0.5B,csp,csp-0018,calib,prog,4,0.0,1544.0,prog_k4
0.5B,csp,csp-0018,calib,oracle,4,0.0,1544.0,oracle_k4
0.5B,csp,csp-0018,calib,judge,4,0.0,2596.0,judge_k4
0.5B,csp,csp-0018,calib,vote,8,0.0,3088.0,vote_k8
0.5B,csp,csp-0018,calib,prog,8,1.0,3088.0,prog_k8
0.5B,csp,csp-0018,calib,oracle,8,1.0,3088.0,oracle_k8
0.5B,csp,csp-0018,calib,judge,8,0.0,5163.0,judge_k8
0.5B,csp,csp-0018,calib,seq,1,0.0,386.0,seq_r1
0.5B,csp,csp-0018,calib,seq,2,0.0,1122.0,seq_r2
0.5B,csp,csp-0018,calib,seq,3,0.0,1859.0,seq_r3
0.5B,csp,csp-0018,calib,seq,4,0.0,2596.0,seq_r4
0.5B,csp,csp-0018,calib,long,2,0.0,738.0,long_m2
0.5B,csp,csp-0018,calib,long,4,1.0,830.0,long_m4
0.5B,csp,csp-0018,calib,debate,6,0.0,2450.0,debate_a3r2
0.5B,csp,csp-0019,calib,single,1,0.0,386.0,
0.5B,csp,csp-0019,calib,vote,4,0.0,1544.0,vote_k4
0.5B,csp,csp-0019,calib,prog,4,0.0,1544.0,prog_k4
0.5B,csp,csp-0019,calib,oracle,4,0.0,1544.0,oracle_k4
0.5B,csp,csp-0019,calib,judge,4,0.0,2629.5,judge_k4
0.5B,csp,csp-0019,calib,vote,8,0.0,3088.0,vote_k8
0.5B,csp,csp-0019,calib,prog,8,0.0,3088.0,prog_k8
0.5B,csp,csp-0019,calib,oracle,8,0.0,3088.0,oracle_k8
0.5B,csp,csp-0019,calib,judge,8,0.0,5152.0,judge_k8
0.5B,csp,csp-0019,calib,seq,1,0.0,386.0,seq_r1
0.5B,csp,csp-0019,calib,seq,2,0.0,1123.0,seq_r2
0.5B,csp,csp-0019,calib,seq,3,0.0,1547.0,seq_r3
0.5B,csp,csp-0019,calib,seq,4,0.0,1971.0,seq_r4
0.5B,csp,csp-0019,calib,long,2,0.0,722.0,long_m2
0.5B,csp,csp-0019,calib,long,4,0.0,722.0,long_m4
0.5B,csp,csp-0019,calib,debate,6,0.0,2833.0,debate_a3r2
0.5B,csp,csp-0020,calib,single,1,0.0,387.0,
0.5B,csp,csp-0020,calib,vote,4,0.0,1548.0,vote_k4
0.5B,csp,csp-0020,calib,prog,4,0.0,1548.0,prog_k4
0.5B,csp,csp-0020,calib,oracle,4,0.0,1548.0,oracle_k4
0.5B,csp,csp-0020,calib,judge,4,0.0,2650.5,judge_k4
0.5B,csp,csp-0020,calib,vote,8,0.0,3096.0,vote_k8
0.5B,csp,csp-0020,calib,prog,8,0.0,3096.0,prog_k8
0.5B,csp,csp-0020,calib,oracle,8,0.0,3096.0,oracle_k8
0.5B,csp,csp-0020,calib,judge,8,0.0,5168.0,judge_k8
0.5B,csp,csp-0020,calib,seq,1,0.0,387.0,seq_r1
0.5B,csp,csp-0020,calib,seq,2,0.0,1125.0,seq_r2
0.5B,csp,csp-0020,calib,seq,3,0.0,1861.0,seq_r3
0.5B,csp,csp-0020,calib,seq,4,0.0,2598.0,seq_r4
0.5B,csp,csp-0020,calib,long,2,0.0,461.0,long_m2
0.5B,csp,csp-0020,calib,long,4,1.0,623.0,long_m4
0.5B,csp,csp-0020,calib,debate,6,0.0,2485.0,debate_a3r2
0.5B,csp,csp-0021,calib,single,1,0.0,386.0,
0.5B,csp,csp-0021,calib,vote,4,0.0,1544.0,vote_k4
0.5B,csp,csp-0021,calib,prog,4,0.0,1544.0,prog_k4
0.5B,csp,csp-0021,calib,oracle,4,0.0,1544.0,oracle_k4
0.5B,csp,csp-0021,calib,judge,4,0.0,2628.0,judge_k4
0.5B,csp,csp-0021,calib,vote,8,0.0,3088.0,vote_k8
0.5B,csp,csp-0021,calib,prog,8,0.0,3088.0,prog_k8
0.5B,csp,csp-0021,calib,oracle,8,0.0,3088.0,oracle_k8
0.5B,csp,csp-0021,calib,judge,8,0.0,5151.0,judge_k8
0.5B,csp,csp-0021,calib,seq,1,0.0,386.0,seq_r1
0.5B,csp,csp-0021,calib,seq,2,0.0,1122.0,seq_r2
0.5B,csp,csp-0021,calib,seq,3,0.0,1858.0,seq_r3
0.5B,csp,csp-0021,calib,seq,4,0.0,2594.0,seq_r4
0.5B,csp,csp-0021,calib,long,2,1.0,738.0,long_m2
0.5B,csp,csp-0021,calib,long,4,1.0,741.0,long_m4
0.5B,csp,csp-0021,calib,debate,6,0.0,2512.0,debate_a3r2
0.5B,csp,csp-0022,calib,single,1,0.0,386.0,
0.5B,csp,csp-0022,calib,vote,4,0.0,1485.5,vote_k4
0.5B,csp,csp-0022,calib,prog,4,0.0,1485.5,prog_k4
0.5B,csp,csp-0022,calib,oracle,4,0.0,1485.5,oracle_k4
0.5B,csp,csp-0022,calib,judge,4,0.0,2555.5,judge_k4
0.5B,csp,csp-0022,calib,vote,8,0.0,2971.0,vote_k8
0.5B,csp,csp-0022,calib,prog,8,0.0,2971.0,prog_k8
0.5B,csp,csp-0022,calib,oracle,8,0.0,2971.0,oracle_k8
0.5B,csp,csp-0022,calib,judge,8,0.0,5032.0,judge_k8
0.5B,csp,csp-0022,calib,seq,1,0.0,386.0,seq_r1
0.5B,csp,csp-0022,calib,seq,2,0.0,807.0,seq_r2
0.5B,csp,csp-0022,calib,seq,3,0.0,1229.0,seq_r3
0.5B,csp,csp-0022,calib,seq,4,0.0,1966.0,seq_r4
0.5B,csp,csp-0022,calib,long,2,0.0,738.0,long_m2
0.5B,csp,csp-0022,calib,long,4,1.0,769.0,long_m4
0.5B,csp,csp-0022,calib,debate,6,0.0,2434.0,debate_a3r2
0.5B,csp,csp-0023,calib,single,1,0.0,386.0,
0.5B,csp,csp-0023,calib,vote,4,0.0,1544.0,vote_k4
0.5B,csp,csp-0023,calib,prog,4,0.0,1544.0,prog_k4
0.5B,csp,csp-0023,calib,oracle,4,0.0,1544.0,oracle_k4
0.5B,csp,csp-0023,calib,judge,4,0.0,2631.5,judge_k4
0.5B,csp,csp-0023,calib,vote,8,0.0,3088.0,vote_k8
0.5B,csp,csp-0023,calib,prog,8,0.0,3088.0,prog_k8
0.5B,csp,csp-0023,calib,oracle,8,0.0,3088.0,oracle_k8
0.5B,csp,csp-0023,calib,judge,8,0.0,5173.0,judge_k8
0.5B,csp,csp-0023,calib,seq,1,0.0,386.0,seq_r1
0.5B,csp,csp-0023,calib,seq,2,0.0,1122.0,seq_r2
0.5B,csp,csp-0023,calib,seq,3,0.0,1858.0,seq_r3
0.5B,csp,csp-0023,calib,seq,4,0.0,2594.0,seq_r4
0.5B,csp,csp-0023,calib,long,2,0.0,548.0,long_m2
0.5B,csp,csp-0023,calib,long,4,0.0,548.0,long_m4
0.5B,csp,csp-0023,calib,debate,6,1.0,2498.0,debate_a3r2
0.5B,csp,csp-0024,calib,single,1,0.0,387.0,
0.5B,csp,csp-0024,calib,vote,4,0.0,1548.0,vote_k4
0.5B,csp,csp-0024,calib,prog,4,0.0,1548.0,prog_k4
0.5B,csp,csp-0024,calib,oracle,4,0.0,1548.0,oracle_k4
0.5B,csp,csp-0024,calib,judge,4,0.0,2652.5,judge_k4
0.5B,csp,csp-0024,calib,vote,8,0.0,3096.0,vote_k8
0.5B,csp,csp-0024,calib,prog,8,0.0,3096.0,prog_k8
0.5B,csp,csp-0024,calib,oracle,8,0.0,3096.0,oracle_k8
0.5B,csp,csp-0024,calib,judge,8,0.0,5221.0,judge_k8
0.5B,csp,csp-0024,calib,seq,1,0.0,387.0,seq_r1
0.5B,csp,csp-0024,calib,seq,2,0.0,912.0,seq_r2
0.5B,csp,csp-0024,calib,seq,3,0.0,1437.0,seq_r3
0.5B,csp,csp-0024,calib,seq,4,0.0,2175.0,seq_r4
0.5B,csp,csp-0024,calib,long,2,0.0,717.0,long_m2
0.5B,csp,csp-0024,calib,long,4,0.0,508.0,long_m4
0.5B,csp,csp-0024,calib,debate,6,0.0,2712.0,debate_a3r2
0.5B,csp,csp-0025,calib,single,1,0.0,386.0,
0.5B,csp,csp-0025,calib,vote,4,0.0,1544.0,vote_k4
0.5B,csp,csp-0025,calib,prog,4,0.0,1544.0,prog_k4
0.5B,csp,csp-0025,calib,oracle,4,0.0,1544.0,oracle_k4
0.5B,csp,csp-0025,calib,judge,4,0.0,2673.5,judge_k4
0.5B,csp,csp-0025,calib,vote,8,0.0,3088.0,vote_k8
0.5B,csp,csp-0025,calib,prog,8,0.0,3088.0,prog_k8
0.5B,csp,csp-0025,calib,oracle,8,0.0,3088.0,oracle_k8
0.5B,csp,csp-0025,calib,judge,8,0.0,5228.0,judge_k8
0.5B,csp,csp-0025,calib,seq,1,0.0,386.0,seq_r1
0.5B,csp,csp-0025,calib,seq,2,0.0,1123.0,seq_r2
0.5B,csp,csp-0025,calib,seq,3,0.0,1860.0,seq_r3
0.5B,csp,csp-0025,calib,seq,4,0.0,2595.0,seq_r4
0.5B,csp,csp-0025,calib,long,2,0.0,717.0,long_m2
0.5B,csp,csp-0025,calib,long,4,0.0,717.0,long_m4
0.5B,csp,csp-0025,calib,debate,6,0.0,2582.0,debate_a3r2
0.5B,csp,csp-0026,calib,single,1,0.0,386.0,
0.5B,csp,csp-0026,calib,vote,4,0.0,1544.0,vote_k4
0.5B,csp,csp-0026,calib,prog,4,0.0,1544.0,prog_k4
0.5B,csp,csp-0026,calib,oracle,4,0.0,1544.0,oracle_k4
0.5B,csp,csp-0026,calib,judge,4,0.0,2678.0,judge_k4
0.5B,csp,csp-0026,calib,vote,8,0.0,3088.0,vote_k8
0.5B,csp,csp-0026,calib,prog,8,0.0,3088.0,prog_k8
0.5B,csp,csp-0026,calib,oracle,8,0.0,3088.0,oracle_k8
0.5B,csp,csp-0026,calib,judge,8,0.0,5214.0,judge_k8
0.5B,csp,csp-0026,calib,seq,1,0.0,386.0,seq_r1
0.5B,csp,csp-0026,calib,seq,2,0.0,1123.0,seq_r2
0.5B,csp,csp-0026,calib,seq,3,0.0,1860.0,seq_r3
0.5B,csp,csp-0026,calib,seq,4,0.0,2596.0,seq_r4
0.5B,csp,csp-0026,calib,long,2,1.0,639.0,long_m2
0.5B,csp,csp-0026,calib,long,4,1.0,639.0,long_m4
0.5B,csp,csp-0026,calib,debate,6,0.0,2788.0,debate_a3r2
0.5B,csp,csp-0027,calib,single,1,0.0,386.0,
0.5B,csp,csp-0027,calib,vote,4,0.0,1544.0,vote_k4
0.5B,csp,csp-0027,calib,prog,4,0.0,1544.0,prog_k4
0.5B,csp,csp-0027,calib,oracle,4,0.0,1544.0,oracle_k4
0.5B,csp,csp-0027,calib,judge,4,0.0,2597.0,judge_k4
0.5B,csp,csp-0027,calib,vote,8,0.0,3088.0,vote_k8
0.5B,csp,csp-0027,calib,prog,8,0.0,3088.0,prog_k8
0.5B,csp,csp-0027,calib,oracle,8,0.0,3088.0,oracle_k8
0.5B,csp,csp-0027,calib,judge,8,0.0,5104.0,judge_k8
0.5B,csp,csp-0027,calib,seq,1,0.0,386.0,seq_r1
0.5B,csp,csp-0027,calib,seq,2,0.0,1123.0,seq_r2
0.5B,csp,csp-0027,calib,seq,3,0.0,1860.0,seq_r3
0.5B,csp,csp-0027,calib,seq,4,0.0,2595.0,seq_r4
0.5B,csp,csp-0027,calib,long,2,1.0,636.0,long_m2
0.5B,csp,csp-0027,calib,long,4,1.0,636.0,long_m4
0.5B,csp,csp-0027,calib,debate,6,0.0,2452.0,debate_a3r2
0.5B,csp,csp-0028,calib,single,1,0.0,386.0,
0.5B,csp,csp-0028,calib,vote,4,0.0,1544.0,vote_k4
0.5B,csp,csp-0028,calib,prog,4,0.5,1544.0,prog_k4
0.5B,csp,csp-0028,calib,oracle,4,0.5,1544.0,oracle_k4
0.5B,csp,csp-0028,calib,judge,4,0.0,2586.0,judge_k4
0.5B,csp,csp-0028,calib,vote,8,0.0,3081.0,vote_k8
0.5B,csp,csp-0028,calib,prog,8,1.0,3081.0,prog_k8
0.5B,csp,csp-0028,calib,oracle,8,1.0,3081.0,oracle_k8
0.5B,csp,csp-0028,calib,judge,8,0.0,5146.0,judge_k8
0.5B,csp,csp-0028,calib,seq,1,0.0,386.0,seq_r1
0.5B,csp,csp-0028,calib,seq,2,0.0,857.0,seq_r2
0.5B,csp,csp-0028,calib,seq,3,0.0,1014.0,seq_r3
0.5B,csp,csp-0028,calib,seq,4,0.0,1437.0,seq_r4
0.5B,csp,csp-0028,calib,long,2,0.0,658.0,long_m2
0.5B,csp,csp-0028,calib,long,4,0.0,658.0,long_m4
0.5B,csp,csp-0028,calib,debate,6,0.0,2758.0,debate_a3r2
0.5B,csp,csp-0029,calib,single,1,0.0,387.0,
0.5B,csp,csp-0029,calib,vote,4,0.0,1548.0,vote_k4
0.5B,csp,csp-0029,calib,prog,4,0.0,1548.0,prog_k4
0.5B,csp,csp-0029,calib,oracle,4,0.0,1548.0,oracle_k4
0.5B,csp,csp-0029,calib,judge,4,0.0,2682.0,judge_k4
0.5B,csp,csp-0029,calib,vote,8,0.0,3096.0,vote_k8
0.5B,csp,csp-0029,calib,prog,8,0.0,3096.0,prog_k8
0.5B,csp,csp-0029,calib,oracle,8,0.0,3096.0,oracle_k8
0.5B,csp,csp-0029,calib,judge,8,0.0,5236.0,judge_k8
0.5B,csp,csp-0029,calib,seq,1,0.0,387.0,seq_r1
0.5B,csp,csp-0029,calib,seq,2,0.0,810.0,seq_r2
0.5B,csp,csp-0029,calib,seq,3,0.0,1234.0,seq_r3
0.5B,csp,csp-0029,calib,seq,4,0.0,1972.0,seq_r4
0.5B,csp,csp-0029,calib,long,2,0.0,641.0,long_m2
0.5B,csp,csp-0029,calib,long,4,1.0,755.0,long_m4
0.5B,csp,csp-0029,calib,debate,6,0.0,2578.0,debate_a3r2
0.5B,csp,csp-0030,test,single,1,0.0,386.0,
0.5B,csp,csp-0030,test,vote,4,0.0,1544.0,vote_k4
0.5B,csp,csp-0030,test,prog,4,0.0,1544.0,prog_k4
0.5B,csp,csp-0030,test,oracle,4,0.0,1544.0,oracle_k4
0.5B,csp,csp-0030,test,judge,4,0.0,2601.0,judge_k4
0.5B,csp,csp-0030,test,vote,8,0.0,3080.0,vote_k8
0.5B,csp,csp-0030,test,prog,8,0.0,3080.0,prog_k8
0.5B,csp,csp-0030,test,oracle,8,0.0,3080.0,oracle_k8
0.5B,csp,csp-0030,test,judge,8,0.0,5062.0,judge_k8
0.5B,csp,csp-0030,test,seq,1,0.0,386.0,seq_r1
0.5B,csp,csp-0030,test,seq,2,0.0,971.0,seq_r2
0.5B,csp,csp-0030,test,seq,3,0.0,1397.0,seq_r3
0.5B,csp,csp-0030,test,seq,4,0.0,1975.0,seq_r4
0.5B,csp,csp-0030,test,long,2,0.0,694.0,long_m2
0.5B,csp,csp-0030,test,long,4,0.0,694.0,long_m4
0.5B,csp,csp-0030,test,debate,6,0.0,2402.0,debate_a3r2
0.5B,csp,csp-0031,test,single,1,0.0,386.0,
0.5B,csp,csp-0031,test,vote,4,0.5,1476.0,vote_k4
0.5B,csp,csp-0031,test,prog,4,1.0,1476.0,prog_k4
0.5B,csp,csp-0031,test,oracle,4,1.0,1476.0,oracle_k4
0.5B,csp,csp-0031,test,judge,4,0.5,2507.0,judge_k4
0.5B,csp,csp-0031,test,vote,8,1.0,2947.0,vote_k8
0.5B,csp,csp-0031,test,prog,8,1.0,2947.0,prog_k8
0.5B,csp,csp-0031,test,oracle,8,1.0,2947.0,oracle_k8
0.5B,csp,csp-0031,test,judge,8,0.0,4874.0,judge_k8
0.5B,csp,csp-0031,test,seq,1,0.0,386.0,seq_r1
0.5B,csp,csp-0031,test,seq,2,0.0,1122.0,seq_r2
0.5B,csp,csp-0031,test,seq,3,1.0,1543.0,seq_r3
0.5B,csp,csp-0031,test,seq,4,0.0,1960.0,seq_r4
0.5B,csp,csp-0031,test,long,2,0.0,440.0,long_m2
0.5B,csp,csp-0031,test,long,4,0.0,440.0,long_m4
0.5B,csp,csp-0031,test,debate,6,1.0,2443.0,debate_a3r2
0.5B,csp,csp-0032,test,single,1,0.0,386.0,
0.5B,csp,csp-0032,test,vote,4,0.0,1468.0,vote_k4
0.5B,csp,csp-0032,test,prog,4,0.0,1468.0,prog_k4
0.5B,csp,csp-0032,test,oracle,4,0.0,1468.0,oracle_k4
0.5B,csp,csp-0032,test,judge,4,0.0,2602.5,judge_k4
0.5B,csp,csp-0032,test,vote,8,0.0,2950.0,vote_k8
0.5B,csp,csp-0032,test,prog,8,1.0,2950.0,prog_k8
0.5B,csp,csp-0032,test,oracle,8,1.0,2950.0,oracle_k8
0.5B,csp,csp-0032,test,judge,8,0.0,5116.0,judge_k8
0.5B,csp,csp-0032,test,seq,1,0.0,386.0,seq_r1
0.5B,csp,csp-0032,test,seq,2,0.0,910.0,seq_r2
0.5B,csp,csp-0032,test,seq,3,0.0,1221.0,seq_r3
0.5B,csp,csp-0032,test,seq,4,0.0,1745.0,seq_r4
0.5B,csp,csp-0032,test,long,2,0.0,424.0,long_m2
0.5B,csp,csp-0032,test,long,4,0.0,424.0,long_m4
0.5B,csp,csp-0032,test,debate,6,0.0,2498.0,debate_a3r2
0.5B,csp,csp-0033,test,single,1,0.0,386.0,
0.5B,csp,csp-0033,test,vote,4,0.0,1544.0,vote_k4
0.5B,csp,csp-0033,test,prog,4,0.0,1544.0,prog_k4
0.5B,csp,csp-0033,test,oracle,4,0.0,1544.0,oracle_k4
0.5B,csp,csp-0033,test,judge,4,0.0,2672.0,judge_k4
0.5B,csp,csp-0033,test,vote,8,0.0,3061.0,vote_k8
0.5B,csp,csp-0033,test,prog,8,0.0,3061.0,prog_k8
0.5B,csp,csp-0033,test,oracle,8,0.0,3061.0,oracle_k8
0.5B,csp,csp-0033,test,judge,8,0.0,5197.0,judge_k8
0.5B,csp,csp-0033,test,seq,1,0.0,386.0,seq_r1
0.5B,csp,csp-0033,test,seq,2,0.0,1123.0,seq_r2
0.5B,csp,csp-0033,test,seq,3,0.0,1860.0,seq_r3
0.5B,csp,csp-0033,test,seq,4,0.0,2597.0,seq_r4
0.5B,csp,csp-0033,test,long,2,0.0,738.0,long_m2
0.5B,csp,csp-0033,test,long,4,0.0,773.0,long_m4
0.5B,csp,csp-0033,test,debate,6,0.0,2473.0,debate_a3r2
0.5B,csp,csp-0034,test,single,1,0.0,298.0,
0.5B,csp,csp-0034,test,vote,4,0.0,1427.5,vote_k4
0.5B,csp,csp-0034,test,prog,4,0.0,1427.5,prog_k4
0.5B,csp,csp-0034,test,oracle,4,0.0,1427.5,oracle_k4
0.5B,csp,csp-0034,test,judge,4,0.0,2451.5,judge_k4
0.5B,csp,csp-0034,test,vote,8,0.0,2732.0,vote_k8
0.5B,csp,csp-0034,test,prog,8,1.0,2732.0,prog_k8
0.5B,csp,csp-0034,test,oracle,8,1.0,2732.0,oracle_k8
0.5B,csp,csp-0034,test,judge,8,0.0,4603.0,judge_k8
0.5B,csp,csp-0034,test,seq,1,0.0,298.0,seq_r1
0.5B,csp,csp-0034,test,seq,2,0.0,894.0,seq_r2
0.5B,csp,csp-0034,test,seq,3,0.0,1264.0,seq_r3
0.5B,csp,csp-0034,test,seq,4,0.0,1640.0,seq_r4
0.5B,csp,csp-0034,test,long,2,0.0,378.0,long_m2
0.5B,csp,csp-0034,test,long,4,0.0,378.0,long_m4
0.5B,csp,csp-0034,test,debate,6,0.0,2309.0,debate_a3r2
0.5B,csp,csp-0035,test,single,1,0.0,386.0,
0.5B,csp,csp-0035,test,vote,4,0.0,1544.0,vote_k4
0.5B,csp,csp-0035,test,prog,4,0.0,1544.0,prog_k4
0.5B,csp,csp-0035,test,oracle,4,0.0,1544.0,oracle_k4
0.5B,csp,csp-0035,test,judge,4,0.0,2674.5,judge_k4
0.5B,csp,csp-0035,test,vote,8,0.0,3088.0,vote_k8
0.5B,csp,csp-0035,test,prog,8,0.0,3088.0,prog_k8
0.5B,csp,csp-0035,test,oracle,8,0.0,3088.0,oracle_k8
0.5B,csp,csp-0035,test,judge,8,0.0,5251.0,judge_k8
0.5B,csp,csp-0035,test,seq,1,0.0,386.0,seq_r1
0.5B,csp,csp-0035,test,seq,2,0.0,1123.0,seq_r2
0.5B,csp,csp-0035,test,seq,3,0.0,1545.0,seq_r3
0.5B,csp,csp-0035,test,seq,4,0.0,1967.0,seq_r4
0.5B,csp,csp-0035,test,long,2,0.0,675.0,long_m2
0.5B,csp,csp-0035,test,long,4,0.0,675.0,long_m4
0.5B,csp,csp-0035,test,debate,6,0.0,2524.0,debate_a3r2
0.5B,csp,csp-0036,test,single,1,0.0,386.0,
0.5B,csp,csp-0036,test,vote,4,0.0,1544.0,vote_k4
0.5B,csp,csp-0036,test,prog,4,0.0,1544.0,prog_k4
0.5B,csp,csp-0036,test,oracle,4,0.0,1544.0,oracle_k4
0.5B,csp,csp-0036,test,judge,4,0.0,2643.0,judge_k4
0.5B,csp,csp-0036,test,vote,8,0.0,3088.0,vote_k8
0.5B,csp,csp-0036,test,prog,8,0.0,3088.0,prog_k8
0.5B,csp,csp-0036,test,oracle,8,0.0,3088.0,oracle_k8
0.5B,csp,csp-0036,test,judge,8,0.0,5243.0,judge_k8
0.5B,csp,csp-0036,test,seq,1,0.0,386.0,seq_r1
0.5B,csp,csp-0036,test,seq,2,0.0,1123.0,seq_r2
0.5B,csp,csp-0036,test,seq,3,0.0,1852.0,seq_r3
0.5B,csp,csp-0036,test,seq,4,0.0,2272.0,seq_r4
0.5B,csp,csp-0036,test,long,2,0.0,738.0,long_m2
0.5B,csp,csp-0036,test,long,4,0.0,768.0,long_m4
0.5B,csp,csp-0036,test,debate,6,0.0,3349.0,debate_a3r2
0.5B,csp,csp-0037,test,single,1,1.0,386.0,
0.5B,csp,csp-0037,test,vote,4,0.0,1544.0,vote_k4
0.5B,csp,csp-0037,test,prog,4,1.0,1544.0,prog_k4
0.5B,csp,csp-0037,test,oracle,4,1.0,1544.0,oracle_k4
0.5B,csp,csp-0037,test,judge,4,0.0,2627.5,judge_k4
0.5B,csp,csp-0037,test,vote,8,0.0,3088.0,vote_k8
0.5B,csp,csp-0037,test,prog,8,1.0,3088.0,prog_k8
0.5B,csp,csp-0037,test,oracle,8,1.0,3088.0,oracle_k8
0.5B,csp,csp-0037,test,judge,8,1.0,5192.0,judge_k8
0.5B,csp,csp-0037,test,seq,1,1.0,386.0,seq_r1
0.5B,csp,csp-0037,test,seq,2,0.0,1122.0,seq_r2
0.5B,csp,csp-0037,test,seq,3,0.0,1859.0,seq_r3
0.5B,csp,csp-0037,test,seq,4,0.0,2595.0,seq_r4
0.5B,csp,csp-0037,test,long,2,0.0,655.0,long_m2
0.5B,csp,csp-0037,test,long,4,0.0,655.0,long_m4
0.5B,csp,csp-0037,test,debate,6,0.0,3343.0,debate_a3r2
0.5B,csp,csp-0038,test,single,1,0.0,387.0,
0.5B,csp,csp-0038,test,vote,4,0.0,1548.0,vote_k4
0.5B,csp,csp-0038,test,prog,4,0.0,1548.0,prog_k4
0.5B,csp,csp-0038,test,oracle,4,0.0,1548.0,oracle_k4
0.5B,csp,csp-0038,test,judge,4,0.0,2691.0,judge_k4
0.5B,csp,csp-0038,test,vote,8,0.0,3096.0,vote_k8
0.5B,csp,csp-0038,test,prog,8,0.0,3096.0,prog_k8
0.5B,csp,csp-0038,test,oracle,8,0.0,3096.0,oracle_k8
0.5B,csp,csp-0038,test,judge,8,0.0,5274.0,judge_k8
0.5B,csp,csp-0038,test,seq,1,0.0,387.0,seq_r1
0.5B,csp,csp-0038,test,seq,2,0.0,1124.0,seq_r2
0.5B,csp,csp-0038,test,seq,3,0.0,1862.0,seq_r3
0.5B,csp,csp-0038,test,seq,4,0.0,2285.0,seq_r4
0.5B,csp,csp-0038,test,long,2,0.0,739.0,long_m2
0.5B,csp,csp-0038,test,long,4,1.0,792.0,long_m4
0.5B,csp,csp-0038,test,debate,6,0.0,2548.0,debate_a3r2
0.5B,csp,csp-0039,test,single,1,0.0,387.0,
0.5B,csp,csp-0039,test,vote,4,0.0,1548.0,vote_k4
0.5B,csp,csp-0039,test,prog,4,0.0,1548.0,prog_k4
0.5B,csp,csp-0039,test,oracle,4,0.0,1548.0,oracle_k4
0.5B,csp,csp-0039,test,judge,4,0.0,2634.0,judge_k4
0.5B,csp,csp-0039,test,vote,8,0.0,3096.0,vote_k8
0.5B,csp,csp-0039,test,prog,8,0.0,3096.0,prog_k8
0.5B,csp,csp-0039,test,oracle,8,0.0,3096.0,oracle_k8
0.5B,csp,csp-0039,test,judge,8,0.0,5180.0,judge_k8
0.5B,csp,csp-0039,test,seq,1,0.0,387.0,seq_r1
0.5B,csp,csp-0039,test,seq,2,0.0,1125.0,seq_r2
0.5B,csp,csp-0039,test,seq,3,0.0,1863.0,seq_r3
0.5B,csp,csp-0039,test,seq,4,0.0,2601.0,seq_r4
0.5B,csp,csp-0039,test,long,2,0.0,636.0,long_m2
0.5B,csp,csp-0039,test,long,4,0.0,674.0,long_m4
0.5B,csp,csp-0039,test,debate,6,0.0,2477.0,debate_a3r2
0.5B,csp,csp-0040,test,single,1,0.0,386.0,
0.5B,csp,csp-0040,test,vote,4,0.0,1544.0,vote_k4
0.5B,csp,csp-0040,test,prog,4,0.0,1544.0,prog_k4
0.5B,csp,csp-0040,test,oracle,4,0.0,1544.0,oracle_k4
0.5B,csp,csp-0040,test,judge,4,0.0,2665.0,judge_k4
0.5B,csp,csp-0040,test,vote,8,0.0,2882.0,vote_k8
0.5B,csp,csp-0040,test,prog,8,0.0,2882.0,prog_k8
0.5B,csp,csp-0040,test,oracle,8,0.0,2882.0,oracle_k8
0.5B,csp,csp-0040,test,judge,8,0.0,4911.0,judge_k8
0.5B,csp,csp-0040,test,seq,1,0.0,386.0,seq_r1
0.5B,csp,csp-0040,test,seq,2,0.0,1123.0,seq_r2
0.5B,csp,csp-0040,test,seq,3,0.0,1859.0,seq_r3
0.5B,csp,csp-0040,test,seq,4,1.0,2595.0,seq_r4
0.5B,csp,csp-0040,test,long,2,0.0,738.0,long_m2
0.5B,csp,csp-0040,test,long,4,0.0,1090.0,long_m4
0.5B,csp,csp-0040,test,debate,6,0.0,2727.0,debate_a3r2
0.5B,csp,csp-0041,test,single,1,0.0,386.0,
0.5B,csp,csp-0041,test,vote,4,0.0,1492.0,vote_k4
0.5B,csp,csp-0041,test,prog,4,0.0,1492.0,prog_k4
0.5B,csp,csp-0041,test,oracle,4,0.0,1492.0,oracle_k4
0.5B,csp,csp-0041,test,judge,4,0.0,2622.5,judge_k4
0.5B,csp,csp-0041,test,vote,8,0.0,2984.0,vote_k8
0.5B,csp,csp-0041,test,prog,8,0.0,2984.0,prog_k8
0.5B,csp,csp-0041,test,oracle,8,0.0,2984.0,oracle_k8
0.5B,csp,csp-0041,test,judge,8,0.0,5136.0,judge_k8
0.5B,csp,csp-0041,test,seq,1,0.0,386.0,seq_r1
0.5B,csp,csp-0041,test,seq,2,0.0,1122.0,seq_r2
0.5B,csp,csp-0041,test,seq,3,0.0,1544.0,seq_r3
0.5B,csp,csp-0041,test,seq,4,0.0,1966.0,seq_r4
0.5B,csp,csp-0041,test,long,2,0.0,620.0,long_m2
0.5B,csp,csp-0041,test,long,4,0.0,620.0,long_m4
0.5B,csp,csp-0041,test,debate,6,0.0,2552.0,debate_a3r2
0.5B,csp,csp-0042,test,single,1,0.0,386.0,
0.5B,csp,csp-0042,test,vote,4,0.0,1544.0,vote_k4
0.5B,csp,csp-0042,test,prog,4,0.0,1544.0,prog_k4
0.5B,csp,csp-0042,test,oracle,4,0.0,1544.0,oracle_k4
0.5B,csp,csp-0042,test,judge,4,0.0,2642.5,judge_k4
0.5B,csp,csp-0042,test,vote,8,0.0,3088.0,vote_k8
0.5B,csp,csp-0042,test,prog,8,0.0,3088.0,prog_k8
0.5B,csp,csp-0042,test,oracle,8,0.0,3088.0,oracle_k8
0.5B,csp,csp-0042,test,judge,8,0.0,5213.0,judge_k8
0.5B,csp,csp-0042,test,seq,1,0.0,386.0,seq_r1
0.5B,csp,csp-0042,test,seq,2,0.0,1122.0,seq_r2
0.5B,csp,csp-0042,test,seq,3,0.0,1859.0,seq_r3
0.5B,csp,csp-0042,test,seq,4,0.0,2281.0,seq_r4
0.5B,csp,csp-0042,test,long,2,0.0,560.0,long_m2
0.5B,csp,csp-0042,test,long,4,0.0,582.0,long_m4
0.5B,csp,csp-0042,test,debate,6,0.0,3122.0,debate_a3r2
0.5B,csp,csp-0043,test,single,1,1.0,386.0,
0.5B,csp,csp-0043,test,vote,4,1.0,1544.0,vote_k4
0.5B,csp,csp-0043,test,prog,4,1.0,1544.0,prog_k4
0.5B,csp,csp-0043,test,oracle,4,1.0,1544.0,oracle_k4
0.5B,csp,csp-0043,test,judge,4,1.0,2602.5,judge_k4
0.5B,csp,csp-0043,test,vote,8,1.0,3088.0,vote_k8
0.5B,csp,csp-0043,test,prog,8,1.0,3088.0,prog_k8
0.5B,csp,csp-0043,test,oracle,8,1.0,3088.0,oracle_k8
0.5B,csp,csp-0043,test,judge,8,1.0,5126.0,judge_k8
0.5B,csp,csp-0043,test,seq,1,1.0,386.0,seq_r1
0.5B,csp,csp-0043,test,seq,2,1.0,807.0,seq_r2
0.5B,csp,csp-0043,test,seq,3,0.0,1229.0,seq_r3
0.5B,csp,csp-0043,test,seq,4,0.0,1891.0,seq_r4
0.5B,csp,csp-0043,test,long,2,0.0,738.0,long_m2
0.5B,csp,csp-0043,test,long,4,0.0,636.0,long_m4
0.5B,csp,csp-0043,test,debate,6,0.0,2446.0,debate_a3r2
0.5B,csp,csp-0044,test,single,1,0.0,387.0,
0.5B,csp,csp-0044,test,vote,4,0.0,1548.0,vote_k4
0.5B,csp,csp-0044,test,prog,4,0.0,1548.0,prog_k4
0.5B,csp,csp-0044,test,oracle,4,0.0,1548.0,oracle_k4
0.5B,csp,csp-0044,test,judge,4,0.0,2608.5,judge_k4
0.5B,csp,csp-0044,test,vote,8,0.0,3096.0,vote_k8
0.5B,csp,csp-0044,test,prog,8,0.0,3096.0,prog_k8
0.5B,csp,csp-0044,test,oracle,8,0.0,3096.0,oracle_k8
0.5B,csp,csp-0044,test,judge,8,0.0,5119.0,judge_k8
0.5B,csp,csp-0044,test,seq,1,0.0,387.0,seq_r1
0.5B,csp,csp-0044,test,seq,2,0.0,1125.0,seq_r2
0.5B,csp,csp-0044,test,seq,3,0.0,1863.0,seq_r3
0.5B,csp,csp-0044,test,seq,4,0.0,2601.0,seq_r4
0.5B,csp,csp-0044,test,long,2,0.0,739.0,long_m2
0.5B,csp,csp-0044,test,long,4,0.0,700.0,long_m4
0.5B,csp,csp-0044,test,debate,6,0.0,2498.0,debate_a3r2
0.5B,csp,csp-0045,test,single,1,0.0,386.0,
0.5B,csp,csp-0045,test,vote,4,0.5,1504.5,vote_k4
0.5B,csp,csp-0045,test,prog,4,0.5,1504.5,prog_k4
0.5B,csp,csp-0045,test,oracle,4,0.5,1504.5,oracle_k4
0.5B,csp,csp-0045,test,judge,4,0.5,2574.5,judge_k4
0.5B,csp,csp-0045,test,vote,8,0.0,2893.0,vote_k8
0.5B,csp,csp-0045,test,prog,8,1.0,2893.0,prog_k8
0.5B,csp,csp-0045,test,oracle,8,1.0,2893.0,oracle_k8
0.5B,csp,csp-0045,test,judge,8,0.0,4909.0,judge_k8
0.5B,csp,csp-0045,test,seq,1,0.0,386.0,seq_r1
0.5B,csp,csp-0045,test,seq,2,0.0,808.0,seq_r2
0.5B,csp,csp-0045,test,seq,3,0.0,1230.0,seq_r3
0.5B,csp,csp-0045,test,seq,4,0.0,1966.0,seq_r4
0.5B,csp,csp-0045,test,long,2,0.0,517.0,long_m2
0.5B,csp,csp-0045,test,long,4,1.0,526.0,long_m4
0.5B,csp,csp-0045,test,debate,6,0.0,2464.0,debate_a3r2
0.5B,csp,csp-0046,test,single,1,0.0,387.0,
0.5B,csp,csp-0046,test,vote,4,0.0,1548.0,vote_k4
0.5B,csp,csp-0046,test,prog,4,0.0,1548.0,prog_k4
0.5B,csp,csp-0046,test,oracle,4,0.0,1548.0,oracle_k4
0.5B,csp,csp-0046,test,judge,4,0.0,2727.0,judge_k4
0.5B,csp,csp-0046,test,vote,8,0.0,3096.0,vote_k8
0.5B,csp,csp-0046,test,prog,8,0.0,3096.0,prog_k8
0.5B,csp,csp-0046,test,oracle,8,0.0,3096.0,oracle_k8
0.5B,csp,csp-0046,test,judge,8,0.0,5287.0,judge_k8
0.5B,csp,csp-0046,test,seq,1,0.0,387.0,seq_r1
0.5B,csp,csp-0046,test,seq,2,0.0,1124.0,seq_r2
0.5B,csp,csp-0046,test,seq,3,0.0,1549.0,seq_r3
0.5B,csp,csp-0046,test,seq,4,0.0,1973.0,seq_r4
0.5B,csp,csp-0046,test,long,2,0.0,722.0,long_m2
0.5B,csp,csp-0046,test,long,4,1.0,652.0,long_m4
0.5B,csp,csp-0046,test,debate,6,0.0,2489.0,debate_a3r2
0.5B,csp,csp-0047,test,single,1,0.0,386.0,
0.5B,csp,csp-0047,test,vote,4,0.0,1508.0,vote_k4
0.5B,csp,csp-0047,test,prog,4,0.0,1508.0,prog_k4
0.5B,csp,csp-0047,test,oracle,4,0.0,1508.0,oracle_k4
0.5B,csp,csp-0047,test,judge,4,0.0,2587.0,judge_k4
0.5B,csp,csp-0047,test,vote,8,0.0,3016.0,vote_k8
0.5B,csp,csp-0047,test,prog,8,0.0,3016.0,prog_k8
0.5B,csp,csp-0047,test,oracle,8,0.0,3016.0,oracle_k8
0.5B,csp,csp-0047,test,judge,8,0.0,5058.0,judge_k8
0.5B,csp,csp-0047,test,seq,1,0.0,386.0,seq_r1
0.5B,csp,csp-0047,test,seq,2,0.0,1122.0,seq_r2
0.5B,csp,csp-0047,test,seq,3,1.0,1859.0,seq_r3
0.5B,csp,csp-0047,test,seq,4,1.0,2281.0,seq_r4
0.5B,csp,csp-0047,test,long,2,1.0,636.0,long_m2
0.5B,csp,csp-0047,test,long,4,1.0,625.0,long_m4
0.5B,csp,csp-0047,test,debate,6,0.0,2783.0,debate_a3r2
0.5B,csp,csp-0048,test,single,1,0.0,386.0,
0.5B,csp,csp-0048,test,vote,4,0.0,1544.0,vote_k4
0.5B,csp,csp-0048,test,prog,4,0.0,1544.0,prog_k4
0.5B,csp,csp-0048,test,oracle,4,0.0,1544.0,oracle_k4
0.5B,csp,csp-0048,test,judge,4,0.0,2605.5,judge_k4
0.5B,csp,csp-0048,test,vote,8,0.0,3088.0,vote_k8
0.5B,csp,csp-0048,test,prog,8,0.0,3088.0,prog_k8
0.5B,csp,csp-0048,test,oracle,8,0.0,3088.0,oracle_k8
0.5B,csp,csp-0048,test,judge,8,0.0,5167.0,judge_k8
0.5B,csp,csp-0048,test,seq,1,0.0,386.0,seq_r1
0.5B,csp,csp-0048,test,seq,2,0.0,808.0,seq_r2
0.5B,csp,csp-0048,test,seq,3,0.0,1130.0,seq_r3
0.5B,csp,csp-0048,test,seq,4,0.0,1660.0,seq_r4
0.5B,csp,csp-0048,test,long,2,0.0,662.0,long_m2
0.5B,csp,csp-0048,test,long,4,0.0,821.0,long_m4
0.5B,csp,csp-0048,test,debate,6,0.0,2427.0,debate_a3r2
0.5B,csp,csp-0049,test,single,1,0.0,386.0,
0.5B,csp,csp-0049,test,vote,4,0.0,1544.0,vote_k4
0.5B,csp,csp-0049,test,prog,4,0.0,1544.0,prog_k4
0.5B,csp,csp-0049,test,oracle,4,0.0,1544.0,oracle_k4
0.5B,csp,csp-0049,test,judge,4,0.0,2647.0,judge_k4
0.5B,csp,csp-0049,test,vote,8,0.0,3088.0,vote_k8
0.5B,csp,csp-0049,test,prog,8,0.0,3088.0,prog_k8
0.5B,csp,csp-0049,test,oracle,8,0.0,3088.0,oracle_k8
0.5B,csp,csp-0049,test,judge,8,0.0,5199.0,judge_k8
0.5B,csp,csp-0049,test,seq,1,0.0,386.0,seq_r1
0.5B,csp,csp-0049,test,seq,2,0.0,1123.0,seq_r2
0.5B,csp,csp-0049,test,seq,3,0.0,1859.0,seq_r3
0.5B,csp,csp-0049,test,seq,4,0.0,2281.0,seq_r4
0.5B,csp,csp-0049,test,long,2,0.0,738.0,long_m2
0.5B,csp,csp-0049,test,long,4,0.0,828.0,long_m4
0.5B,csp,csp-0049,test,debate,6,0.0,2543.0,debate_a3r2
0.5B,csp,csp-0050,test,single,1,0.0,386.0,
0.5B,csp,csp-0050,test,vote,4,0.0,1544.0,vote_k4
0.5B,csp,csp-0050,test,prog,4,0.0,1544.0,prog_k4
0.5B,csp,csp-0050,test,oracle,4,0.0,1544.0,oracle_k4
0.5B,csp,csp-0050,test,judge,4,0.0,2652.0,judge_k4
0.5B,csp,csp-0050,test,vote,8,0.0,3088.0,vote_k8
0.5B,csp,csp-0050,test,prog,8,1.0,3088.0,prog_k8
0.5B,csp,csp-0050,test,oracle,8,1.0,3088.0,oracle_k8
0.5B,csp,csp-0050,test,judge,8,0.0,5243.0,judge_k8
0.5B,csp,csp-0050,test,seq,1,0.0,386.0,seq_r1
0.5B,csp,csp-0050,test,seq,2,0.0,1121.0,seq_r2
0.5B,csp,csp-0050,test,seq,3,0.0,1540.0,seq_r3
0.5B,csp,csp-0050,test,seq,4,0.0,1961.0,seq_r4
0.5B,csp,csp-0050,test,long,2,1.0,675.0,long_m2
0.5B,csp,csp-0050,test,long,4,1.0,781.0,long_m4
0.5B,csp,csp-0050,test,debate,6,0.0,2490.0,debate_a3r2
0.5B,csp,csp-0051,test,single,1,0.0,386.0,
0.5B,csp,csp-0051,test,vote,4,0.0,1544.0,vote_k4
0.5B,csp,csp-0051,test,prog,4,0.5,1544.0,prog_k4
0.5B,csp,csp-0051,test,oracle,4,0.5,1544.0,oracle_k4
0.5B,csp,csp-0051,test,judge,4,0.0,2707.5,judge_k4
0.5B,csp,csp-0051,test,vote,8,0.0,3088.0,vote_k8
0.5B,csp,csp-0051,test,prog,8,1.0,3088.0,prog_k8
0.5B,csp,csp-0051,test,oracle,8,1.0,3088.0,oracle_k8
0.5B,csp,csp-0051,test,judge,8,0.0,5319.0,judge_k8
0.5B,csp,csp-0051,test,seq,1,0.0,386.0,seq_r1
0.5B,csp,csp-0051,test,seq,2,0.0,1122.0,seq_r2
0.5B,csp,csp-0051,test,seq,3,0.0,1858.0,seq_r3
0.5B,csp,csp-0051,test,seq,4,0.0,2595.0,seq_r4
0.5B,csp,csp-0051,test,long,2,0.0,560.0,long_m2
0.5B,csp,csp-0051,test,long,4,0.0,633.0,long_m4
0.5B,csp,csp-0051,test,debate,6,0.0,2549.0,debate_a3r2
0.5B,csp,csp-0052,test,single,1,0.0,387.0,
0.5B,csp,csp-0052,test,vote,4,0.0,1548.0,vote_k4
0.5B,csp,csp-0052,test,prog,4,0.0,1548.0,prog_k4
0.5B,csp,csp-0052,test,oracle,4,0.0,1548.0,oracle_k4
0.5B,csp,csp-0052,test,judge,4,0.0,2645.0,judge_k4
0.5B,csp,csp-0052,test,vote,8,0.0,3096.0,vote_k8
0.5B,csp,csp-0052,test,prog,8,0.0,3096.0,prog_k8
0.5B,csp,csp-0052,test,oracle,8,0.0,3096.0,oracle_k8
0.5B,csp,csp-0052,test,judge,8,0.0,5190.0,judge_k8
0.5B,csp,csp-0052,test,seq,1,0.0,387.0,seq_r1
0.5B,csp,csp-0052,test,seq,2,0.0,1125.0,seq_r2
0.5B,csp,csp-0052,test,seq,3,0.0,1863.0,seq_r3
0.5B,csp,csp-0052,test,seq,4,0.0,2600.0,seq_r4
0.5B,csp,csp-0052,test,long,2,1.0,649.0,long_m2
0.5B,csp,csp-0052,test,long,4,0.0,563.0,long_m4
0.5B,csp,csp-0052,test,debate,6,0.0,2483.0,debate_a3r2
0.5B,csp,csp-0053,test,single,1,0.0,386.0,
0.5B,csp,csp-0053,test,vote,4,0.0,1544.0,vote_k4
0.5B,csp,csp-0053,test,prog,4,0.0,1544.0,prog_k4
0.5B,csp,csp-0053,test,oracle,4,0.0,1544.0,oracle_k4
0.5B,csp,csp-0053,test,judge,4,0.0,2608.5,judge_k4
0.5B,csp,csp-0053,test,vote,8,0.0,3088.0,vote_k8
0.5B,csp,csp-0053,test,prog,8,0.0,3088.0,prog_k8
0.5B,csp,csp-0053,test,oracle,8,0.0,3088.0,oracle_k8
0.5B,csp,csp-0053,test,judge,8,0.0,5102.0,judge_k8
0.5B,csp,csp-0053,test,seq,1,0.0,386.0,seq_r1
0.5B,csp,csp-0053,test,seq,2,0.0,1122.0,seq_r2
0.5B,csp,csp-0053,test,seq,3,0.0,1858.0,seq_r3
0.5B,csp,csp-0053,test,seq,4,0.0,2595.0,seq_r4
0.5B,csp,csp-0053,test,long,2,0.0,737.0,long_m2
0.5B,csp,csp-0053,test,long,4,0.0,486.0,long_m4
0.5B,csp,csp-0053,test,debate,6,0.0,3080.0,debate_a3r2
0.5B,csp,csp-0054,test,single,1,0.0,386.0,
0.5B,csp,csp-0054,test,vote,4,0.0,1544.0,vote_k4
0.5B,csp,csp-0054,test,prog,4,0.0,1544.0,prog_k4
0.5B,csp,csp-0054,test,oracle,4,0.0,1544.0,oracle_k4
0.5B,csp,csp-0054,test,judge,4,0.0,2709.5,judge_k4
0.5B,csp,csp-0054,test,vote,8,0.0,3088.0,vote_k8
0.5B,csp,csp-0054,test,prog,8,0.0,3088.0,prog_k8
0.5B,csp,csp-0054,test,oracle,8,0.0,3088.0,oracle_k8
0.5B,csp,csp-0054,test,judge,8,0.0,5269.0,judge_k8
0.5B,csp,csp-0054,test,seq,1,0.0,386.0,seq_r1
0.5B,csp,csp-0054,test,seq,2,0.0,1123.0,seq_r2
0.5B,csp,csp-0054,test,seq,3,0.0,1860.0,seq_r3
0.5B,csp,csp-0054,test,seq,4,0.0,2595.0,seq_r4
0.5B,csp,csp-0054,test,long,2,0.0,738.0,long_m2
0.5B,csp,csp-0054,test,long,4,1.0,828.0,long_m4
0.5B,csp,csp-0054,test,debate,6,0.0,2558.0,debate_a3r2
0.5B,csp,csp-0055,test,single,1,0.0,387.0,
0.5B,csp,csp-0055,test,vote,4,0.0,1548.0,vote_k4
0.5B,csp,csp-0055,test,prog,4,0.0,1548.0,prog_k4
0.5B,csp,csp-0055,test,oracle,4,0.0,1548.0,oracle_k4
0.5B,csp,csp-0055,test,judge,4,0.0,2656.0,judge_k4
0.5B,csp,csp-0055,test,vote,8,0.0,3096.0,vote_k8
0.5B,csp,csp-0055,test,prog,8,0.0,3096.0,prog_k8
0.5B,csp,csp-0055,test,oracle,8,0.0,3096.0,oracle_k8
0.5B,csp,csp-0055,test,judge,8,0.0,5197.0,judge_k8
0.5B,csp,csp-0055,test,seq,1,0.0,387.0,seq_r1
0.5B,csp,csp-0055,test,seq,2,0.0,1123.0,seq_r2
0.5B,csp,csp-0055,test,seq,3,0.0,1860.0,seq_r3
0.5B,csp,csp-0055,test,seq,4,0.0,2598.0,seq_r4
0.5B,csp,csp-0055,test,long,2,0.0,739.0,long_m2
0.5B,csp,csp-0055,test,long,4,0.0,1242.0,long_m4
0.5B,csp,csp-0055,test,debate,6,0.0,2447.0,debate_a3r2
0.5B,csp,csp-0056,test,single,1,0.0,386.0,
0.5B,csp,csp-0056,test,vote,4,0.0,1544.0,vote_k4
0.5B,csp,csp-0056,test,prog,4,0.0,1544.0,prog_k4
0.5B,csp,csp-0056,test,oracle,4,0.0,1544.0,oracle_k4
0.5B,csp,csp-0056,test,judge,4,0.0,2614.0,judge_k4
0.5B,csp,csp-0056,test,vote,8,0.0,3088.0,vote_k8
0.5B,csp,csp-0056,test,prog,8,0.0,3088.0,prog_k8
0.5B,csp,csp-0056,test,oracle,8,0.0,3088.0,oracle_k8
0.5B,csp,csp-0056,test,judge,8,0.0,5148.0,judge_k8
0.5B,csp,csp-0056,test,seq,1,0.0,386.0,seq_r1
0.5B,csp,csp-0056,test,seq,2,0.0,810.0,seq_r2
0.5B,csp,csp-0056,test,seq,3,0.0,1234.0,seq_r3
0.5B,csp,csp-0056,test,seq,4,1.0,1971.0,seq_r4
0.5B,csp,csp-0056,test,long,2,0.0,738.0,long_m2
0.5B,csp,csp-0056,test,long,4,0.0,530.0,long_m4
0.5B,csp,csp-0056,test,debate,6,0.0,2490.0,debate_a3r2
0.5B,csp,csp-0057,test,single,1,0.0,386.0,
0.5B,csp,csp-0057,test,vote,4,0.0,1385.0,vote_k4
0.5B,csp,csp-0057,test,prog,4,0.0,1385.0,prog_k4
0.5B,csp,csp-0057,test,oracle,4,0.0,1385.0,oracle_k4
0.5B,csp,csp-0057,test,judge,4,0.0,2368.0,judge_k4
0.5B,csp,csp-0057,test,vote,8,0.0,2770.0,vote_k8
0.5B,csp,csp-0057,test,prog,8,0.0,2770.0,prog_k8
0.5B,csp,csp-0057,test,oracle,8,0.0,2770.0,oracle_k8
0.5B,csp,csp-0057,test,judge,8,0.0,4659.0,judge_k8
0.5B,csp,csp-0057,test,seq,1,0.0,386.0,seq_r1
0.5B,csp,csp-0057,test,seq,2,0.0,1123.0,seq_r2
0.5B,csp,csp-0057,test,seq,3,0.0,1860.0,seq_r3
0.5B,csp,csp-0057,test,seq,4,0.0,2597.0,seq_r4
0.5B,csp,csp-0057,test,long,2,1.0,633.0,long_m2
0.5B,csp,csp-0057,test,long,4,0.0,563.0,long_m4
0.5B,csp,csp-0057,test,debate,6,0.0,2751.0,debate_a3r2
0.5B,csp,csp-0058,test,single,1,0.0,387.0,
0.5B,csp,csp-0058,test,vote,4,0.0,1548.0,vote_k4
0.5B,csp,csp-0058,test,prog,4,0.0,1548.0,prog_k4
0.5B,csp,csp-0058,test,oracle,4,0.0,1548.0,oracle_k4
0.5B,csp,csp-0058,test,judge,4,0.0,2643.0,judge_k4
0.5B,csp,csp-0058,test,vote,8,0.0,3096.0,vote_k8
0.5B,csp,csp-0058,test,prog,8,0.0,3096.0,prog_k8
0.5B,csp,csp-0058,test,oracle,8,0.0,3096.0,oracle_k8
0.5B,csp,csp-0058,test,judge,8,0.0,5240.0,judge_k8
0.5B,csp,csp-0058,test,seq,1,0.0,387.0,seq_r1
0.5B,csp,csp-0058,test,seq,2,0.0,1125.0,seq_r2
0.5B,csp,csp-0058,test,seq,3,0.0,1863.0,seq_r3
0.5B,csp,csp-0058,test,seq,4,0.0,2600.0,seq_r4
0.5B,csp,csp-0058,test,long,2,0.0,739.0,long_m2
0.5B,csp,csp-0058,test,long,4,0.0,807.0,long_m4
0.5B,csp,csp-0058,test,debate,6,0.0,2687.0,debate_a3r2
0.5B,csp,csp-0059,test,single,1,0.0,386.0,
0.5B,csp,csp-0059,test,vote,4,0.0,1544.0,vote_k4
0.5B,csp,csp-0059,test,prog,4,0.0,1544.0,prog_k4
0.5B,csp,csp-0059,test,oracle,4,0.0,1544.0,oracle_k4
0.5B,csp,csp-0059,test,judge,4,0.0,2599.0,judge_k4
0.5B,csp,csp-0059,test,vote,8,0.0,3088.0,vote_k8
0.5B,csp,csp-0059,test,prog,8,0.0,3088.0,prog_k8
0.5B,csp,csp-0059,test,oracle,8,0.0,3088.0,oracle_k8
0.5B,csp,csp-0059,test,judge,8,0.0,5117.0,judge_k8
0.5B,csp,csp-0059,test,seq,1,0.0,386.0,seq_r1
0.5B,csp,csp-0059,test,seq,2,0.0,1122.0,seq_r2
0.5B,csp,csp-0059,test,seq,3,0.0,1859.0,seq_r3
0.5B,csp,csp-0059,test,seq,4,0.0,2596.0,seq_r4
0.5B,csp,csp-0059,test,long,2,1.0,696.0,long_m2
0.5B,csp,csp-0059,test,long,4,1.0,883.0,long_m4
0.5B,csp,csp-0059,test,debate,6,0.0,2420.0,debate_a3r2
0.5B,csp,csp-0060,test,single,1,1.0,357.0,
0.5B,csp,csp-0060,test,vote,4,0.5,1368.5,vote_k4
0.5B,csp,csp-0060,test,prog,4,1.0,1368.5,prog_k4
0.5B,csp,csp-0060,test,oracle,4,1.0,1368.5,oracle_k4
0.5B,csp,csp-0060,test,judge,4,0.0,2435.5,judge_k4
0.5B,csp,csp-0060,test,vote,8,1.0,2596.0,vote_k8
0.5B,csp,csp-0060,test,prog,8,1.0,2596.0,prog_k8
0.5B,csp,csp-0060,test,oracle,8,1.0,2596.0,oracle_k8
0.5B,csp,csp-0060,test,judge,8,1.0,4523.0,judge_k8
0.5B,csp,csp-0060,test,seq,1,1.0,357.0,seq_r1
0.5B,csp,csp-0060,test,seq,2,0.0,894.0,seq_r2
0.5B,csp,csp-0060,test,seq,3,1.0,1377.0,seq_r3
0.5B,csp,csp-0060,test,seq,4,1.0,2023.0,seq_r4
0.5B,csp,csp-0060,test,long,2,1.0,578.0,long_m2
0.5B,csp,csp-0060,test,long,4,0.0,456.0,long_m4
0.5B,csp,csp-0060,test,debate,6,0.0,2298.0,debate_a3r2
0.5B,csp,csp-0061,test,single,1,0.0,386.0,
0.5B,csp,csp-0061,test,vote,4,0.0,1522.5,vote_k4
0.5B,csp,csp-0061,test,prog,4,0.5,1522.5,prog_k4
0.5B,csp,csp-0061,test,oracle,4,0.5,1522.5,oracle_k4
0.5B,csp,csp-0061,test,judge,4,0.5,2661.5,judge_k4
0.5B,csp,csp-0061,test,vote,8,0.0,3045.0,vote_k8
0.5B,csp,csp-0061,test,prog,8,1.0,3045.0,prog_k8
0.5B,csp,csp-0061,test,oracle,8,1.0,3045.0,oracle_k8
0.5B,csp,csp-0061,test,judge,8,0.0,5196.0,judge_k8
0.5B,csp,csp-0061,test,seq,1,0.0,386.0,seq_r1
0.5B,csp,csp-0061,test,seq,2,0.0,949.0,seq_r2
0.5B,csp,csp-0061,test,seq,3,0.0,1265.0,seq_r3
0.5B,csp,csp-0061,test,seq,4,0.0,1529.0,seq_r4
0.5B,csp,csp-0061,test,long,2,0.0,738.0,long_m2
0.5B,csp,csp-0061,test,long,4,0.0,677.0,long_m4
0.5B,csp,csp-0061,test,debate,6,0.0,2480.0,debate_a3r2
0.5B,csp,csp-0062,test,single,1,0.0,386.0,
0.5B,csp,csp-0062,test,vote,4,0.0,1544.0,vote_k4
0.5B,csp,csp-0062,test,prog,4,0.0,1544.0,prog_k4
0.5B,csp,csp-0062,test,oracle,4,0.0,1544.0,oracle_k4
0.5B,csp,csp-0062,test,judge,4,0.0,2641.5,judge_k4
0.5B,csp,csp-0062,test,vote,8,0.0,3087.0,vote_k8
0.5B,csp,csp-0062,test,prog,8,0.0,3087.0,prog_k8
0.5B,csp,csp-0062,test,oracle,8,0.0,3087.0,oracle_k8
0.5B,csp,csp-0062,test,judge,8,0.0,5176.0,judge_k8
0.5B,csp,csp-0062,test,seq,1,0.0,386.0,seq_r1
0.5B,csp,csp-0062,test,seq,2,0.0,1122.0,seq_r2
0.5B,csp,csp-0062,test,seq,3,0.0,1858.0,seq_r3
0.5B,csp,csp-0062,test,seq,4,0.0,2392.0,seq_r4
0.5B,csp,csp-0062,test,long,2,0.0,738.0,long_m2
0.5B,csp,csp-0062,test,long,4,0.0,1084.0,long_m4
0.5B,csp,csp-0062,test,debate,6,0.0,2520.0,debate_a3r2
0.5B,csp,csp-0063,test,single,1,0.0,386.0,
0.5B,csp,csp-0063,test,vote,4,0.0,1544.0,vote_k4
0.5B,csp,csp-0063,test,prog,4,0.0,1544.0,prog_k4
0.5B,csp,csp-0063,test,oracle,4,0.0,1544.0,oracle_k4
0.5B,csp,csp-0063,test,judge,4,0.0,2620.0,judge_k4
0.5B,csp,csp-0063,test,vote,8,0.0,3088.0,vote_k8
0.5B,csp,csp-0063,test,prog,8,0.0,3088.0,prog_k8
0.5B,csp,csp-0063,test,oracle,8,0.0,3088.0,oracle_k8
0.5B,csp,csp-0063,test,judge,8,0.0,5217.0,judge_k8
0.5B,csp,csp-0063,test,seq,1,0.0,386.0,seq_r1
0.5B,csp,csp-0063,test,seq,2,0.0,1122.0,seq_r2
0.5B,csp,csp-0063,test,seq,3,0.0,1859.0,seq_r3
0.5B,csp,csp-0063,test,seq,4,0.0,2595.0,seq_r4
0.5B,csp,csp-0063,test,long,2,0.0,738.0,long_m2
0.5B,csp,csp-0063,test,long,4,1.0,832.0,long_m4
0.5B,csp,csp-0063,test,debate,6,0.0,2434.0,debate_a3r2
0.5B,csp,csp-0064,test,single,1,0.0,386.0,
0.5B,csp,csp-0064,test,vote,4,0.0,1544.0,vote_k4
0.5B,csp,csp-0064,test,prog,4,0.0,1544.0,prog_k4
0.5B,csp,csp-0064,test,oracle,4,0.0,1544.0,oracle_k4
0.5B,csp,csp-0064,test,judge,4,0.0,2639.5,judge_k4
0.5B,csp,csp-0064,test,vote,8,0.0,3088.0,vote_k8
0.5B,csp,csp-0064,test,prog,8,0.0,3088.0,prog_k8
0.5B,csp,csp-0064,test,oracle,8,0.0,3088.0,oracle_k8
0.5B,csp,csp-0064,test,judge,8,0.0,5234.0,judge_k8
0.5B,csp,csp-0064,test,seq,1,0.0,386.0,seq_r1
0.5B,csp,csp-0064,test,seq,2,0.0,1122.0,seq_r2
0.5B,csp,csp-0064,test,seq,3,0.0,1557.0,seq_r3
0.5B,csp,csp-0064,test,seq,4,0.0,1991.0,seq_r4
0.5B,csp,csp-0064,test,long,2,0.0,738.0,long_m2
0.5B,csp,csp-0064,test,long,4,0.0,1151.0,long_m4
0.5B,csp,csp-0064,test,debate,6,0.0,2488.0,debate_a3r2
0.5B,csp,csp-0065,test,single,1,0.0,386.0,
0.5B,csp,csp-0065,test,vote,4,0.0,1507.0,vote_k4
0.5B,csp,csp-0065,test,prog,4,0.0,1507.0,prog_k4
0.5B,csp,csp-0065,test,oracle,4,0.0,1507.0,oracle_k4
0.5B,csp,csp-0065,test,judge,4,0.0,2624.5,judge_k4
0.5B,csp,csp-0065,test,vote,8,0.0,3014.0,vote_k8
0.5B,csp,csp-0065,test,prog,8,0.0,3014.0,prog_k8
0.5B,csp,csp-0065,test,oracle,8,0.0,3014.0,oracle_k8
0.5B,csp,csp-0065,test,judge,8,0.0,5187.0,judge_k8
0.5B,csp,csp-0065,test,seq,1,0.0,386.0,seq_r1
0.5B,csp,csp-0065,test,seq,2,0.0,1123.0,seq_r2
0.5B,csp,csp-0065,test,seq,3,0.0,1860.0,seq_r3
0.5B,csp,csp-0065,test,seq,4,0.0,2596.0,seq_r4
0.5B,csp,csp-0065,test,long,2,1.0,704.0,long_m2
0.5B,csp,csp-0065,test,long,4,1.0,704.0,long_m4
0.5B,csp,csp-0065,test,debate,6,0.0,2517.0,debate_a3r2
0.5B,csp,csp-0066,test,single,1,0.0,386.0,
0.5B,csp,csp-0066,test,vote,4,0.0,1544.0,vote_k4
0.5B,csp,csp-0066,test,prog,4,0.0,1544.0,prog_k4
0.5B,csp,csp-0066,test,oracle,4,0.0,1544.0,oracle_k4
0.5B,csp,csp-0066,test,judge,4,0.0,2604.0,judge_k4
0.5B,csp,csp-0066,test,vote,8,0.0,3088.0,vote_k8
0.5B,csp,csp-0066,test,prog,8,0.0,3088.0,prog_k8
0.5B,csp,csp-0066,test,oracle,8,0.0,3088.0,oracle_k8
0.5B,csp,csp-0066,test,judge,8,0.0,5121.0,judge_k8
0.5B,csp,csp-0066,test,seq,1,0.0,386.0,seq_r1
0.5B,csp,csp-0066,test,seq,2,0.0,864.0,seq_r2
0.5B,csp,csp-0066,test,seq,3,0.0,1342.0,seq_r3
0.5B,csp,csp-0066,test,seq,4,0.0,2079.0,seq_r4
0.5B,csp,csp-0066,test,long,2,0.0,738.0,long_m2
0.5B,csp,csp-0066,test,long,4,0.0,1378.0,long_m4
0.5B,csp,csp-0066,test,debate,6,0.0,3407.0,debate_a3r2
0.5B,csp,csp-0067,test,single,1,0.0,386.0,
0.5B,csp,csp-0067,test,vote,4,0.0,1544.0,vote_k4
0.5B,csp,csp-0067,test,prog,4,0.0,1544.0,prog_k4
0.5B,csp,csp-0067,test,oracle,4,0.0,1544.0,oracle_k4
0.5B,csp,csp-0067,test,judge,4,0.0,2611.0,judge_k4
0.5B,csp,csp-0067,test,vote,8,0.0,3088.0,vote_k8
0.5B,csp,csp-0067,test,prog,8,0.0,3088.0,prog_k8
0.5B,csp,csp-0067,test,oracle,8,0.0,3088.0,oracle_k8
0.5B,csp,csp-0067,test,judge,8,0.0,5119.0,judge_k8
0.5B,csp,csp-0067,test,seq,1,0.0,386.0,seq_r1
0.5B,csp,csp-0067,test,seq,2,0.0,851.0,seq_r2
0.5B,csp,csp-0067,test,seq,3,0.0,1316.0,seq_r3
0.5B,csp,csp-0067,test,seq,4,0.0,2053.0,seq_r4
0.5B,csp,csp-0067,test,long,2,0.0,738.0,long_m2
0.5B,csp,csp-0067,test,long,4,1.0,831.0,long_m4
0.5B,csp,csp-0067,test,debate,6,0.0,2787.0,debate_a3r2
0.5B,csp,csp-0068,test,single,1,0.0,386.0,
0.5B,csp,csp-0068,test,vote,4,0.0,1544.0,vote_k4
0.5B,csp,csp-0068,test,prog,4,0.0,1544.0,prog_k4
0.5B,csp,csp-0068,test,oracle,4,0.0,1544.0,oracle_k4
0.5B,csp,csp-0068,test,judge,4,0.0,2669.5,judge_k4
0.5B,csp,csp-0068,test,vote,8,0.0,3088.0,vote_k8
0.5B,csp,csp-0068,test,prog,8,0.0,3088.0,prog_k8
0.5B,csp,csp-0068,test,oracle,8,0.0,3088.0,oracle_k8
0.5B,csp,csp-0068,test,judge,8,0.0,5288.0,judge_k8
0.5B,csp,csp-0068,test,seq,1,0.0,386.0,seq_r1
0.5B,csp,csp-0068,test,seq,2,0.0,1122.0,seq_r2
0.5B,csp,csp-0068,test,seq,3,0.0,1858.0,seq_r3
0.5B,csp,csp-0068,test,seq,4,0.0,2595.0,seq_r4
0.5B,csp,csp-0068,test,long,2,0.0,590.0,long_m2
0.5B,csp,csp-0068,test,long,4,0.0,590.0,long_m4
0.5B,csp,csp-0068,test,debate,6,0.0,2777.0,debate_a3r2
0.5B,csp,csp-0069,test,single,1,0.0,386.0,
0.5B,csp,csp-0069,test,vote,4,0.0,1544.0,vote_k4
0.5B,csp,csp-0069,test,prog,4,0.0,1544.0,prog_k4
0.5B,csp,csp-0069,test,oracle,4,0.0,1544.0,oracle_k4
0.5B,csp,csp-0069,test,judge,4,0.0,2647.5,judge_k4
0.5B,csp,csp-0069,test,vote,8,0.0,3088.0,vote_k8
0.5B,csp,csp-0069,test,prog,8,0.0,3088.0,prog_k8
0.5B,csp,csp-0069,test,oracle,8,0.0,3088.0,oracle_k8
0.5B,csp,csp-0069,test,judge,8,0.0,5201.0,judge_k8
0.5B,csp,csp-0069,test,seq,1,0.0,386.0,seq_r1
0.5B,csp,csp-0069,test,seq,2,0.0,1123.0,seq_r2
0.5B,csp,csp-0069,test,seq,3,0.0,1859.0,seq_r3
0.5B,csp,csp-0069,test,seq,4,0.0,2298.0,seq_r4
0.5B,csp,csp-0069,test,long,2,0.0,561.0,long_m2
0.5B,csp,csp-0069,test,long,4,0.0,561.0,long_m4
0.5B,csp,csp-0069,test,debate,6,0.0,2974.0,debate_a3r2
0.5B,csp,csp-0070,test,single,1,0.0,386.0,
0.5B,csp,csp-0070,test,vote,4,0.0,1544.0,vote_k4
0.5B,csp,csp-0070,test,prog,4,0.0,1544.0,prog_k4
0.5B,csp,csp-0070,test,oracle,4,0.0,1544.0,oracle_k4
0.5B,csp,csp-0070,test,judge,4,0.0,2665.0,judge_k4
0.5B,csp,csp-0070,test,vote,8,0.0,3088.0,vote_k8
0.5B,csp,csp-0070,test,prog,8,0.0,3088.0,prog_k8
0.5B,csp,csp-0070,test,oracle,8,0.0,3088.0,oracle_k8
0.5B,csp,csp-0070,test,judge,8,0.0,5253.0,judge_k8
0.5B,csp,csp-0070,test,seq,1,0.0,386.0,seq_r1
0.5B,csp,csp-0070,test,seq,2,0.0,1123.0,seq_r2
0.5B,csp,csp-0070,test,seq,3,0.0,1853.0,seq_r3
0.5B,csp,csp-0070,test,seq,4,0.0,2320.0,seq_r4
0.5B,csp,csp-0070,test,long,2,1.0,702.0,long_m2
0.5B,csp,csp-0070,test,long,4,1.0,702.0,long_m4
0.5B,csp,csp-0070,test,debate,6,1.0,2473.0,debate_a3r2
0.5B,csp,csp-0071,test,single,1,0.0,386.0,
0.5B,csp,csp-0071,test,vote,4,0.0,1508.0,vote_k4
0.5B,csp,csp-0071,test,prog,4,1.0,1508.0,prog_k4
0.5B,csp,csp-0071,test,oracle,4,1.0,1508.0,oracle_k4
0.5B,csp,csp-0071,test,judge,4,0.5,2576.0,judge_k4
0.5B,csp,csp-0071,test,vote,8,0.0,3016.0,vote_k8
0.5B,csp,csp-0071,test,prog,8,1.0,3016.0,prog_k8
0.5B,csp,csp-0071,test,oracle,8,1.0,3016.0,oracle_k8
0.5B,csp,csp-0071,test,judge,8,0.0,5075.0,judge_k8
0.5B,csp,csp-0071,test,seq,1,0.0,386.0,seq_r1
0.5B,csp,csp-0071,test,seq,2,0.0,1123.0,seq_r2
0.5B,csp,csp-0071,test,seq,3,1.0,1860.0,seq_r3
0.5B,csp,csp-0071,test,seq,4,1.0,2597.0,seq_r4
0.5B,csp,csp-0071,test,long,2,1.0,738.0,long_m2
0.5B,csp,csp-0071,test,long,4,1.0,849.0,long_m4
0.5B,csp,csp-0071,test,debate,6,0.0,2480.0,debate_a3r2
0.5B,csp,csp-0072,test,single,1,0.0,386.0,
0.5B,csp,csp-0072,test,vote,4,0.0,1544.0,vote_k4
0.5B,csp,csp-0072,test,prog,4,0.0,1544.0,prog_k4
0.5B,csp,csp-0072,test,oracle,4,0.0,1544.0,oracle_k4
0.5B,csp,csp-0072,test,judge,4,0.0,2659.5,judge_k4
0.5B,csp,csp-0072,test,vote,8,0.0,3088.0,vote_k8
0.5B,csp,csp-0072,test,prog,8,0.0,3088.0,prog_k8
0.5B,csp,csp-0072,test,oracle,8,0.0,3088.0,oracle_k8
0.5B,csp,csp-0072,test,judge,8,0.0,5272.0,judge_k8
0.5B,csp,csp-0072,test,seq,1,0.0,386.0,seq_r1
0.5B,csp,csp-0072,test,seq,2,0.0,1123.0,seq_r2
0.5B,csp,csp-0072,test,seq,3,0.0,1860.0,seq_r3
0.5B,csp,csp-0072,test,seq,4,0.0,2597.0,seq_r4
0.5B,csp,csp-0072,test,long,2,1.0,705.0,long_m2
0.5B,csp,csp-0072,test,long,4,1.0,705.0,long_m4
0.5B,csp,csp-0072,test,debate,6,0.0,2717.0,debate_a3r2
0.5B,csp,csp-0073,test,single,1,0.0,161.0,
0.5B,csp,csp-0073,test,vote,4,0.0,1004.0,vote_k4
0.5B,csp,csp-0073,test,prog,4,0.0,1004.0,prog_k4
0.5B,csp,csp-0073,test,oracle,4,0.0,1004.0,oracle_k4
0.5B,csp,csp-0073,test,judge,4,0.0,1681.0,judge_k4
0.5B,csp,csp-0073,test,vote,8,0.0,2333.0,vote_k8
0.5B,csp,csp-0073,test,prog,8,0.0,2333.0,prog_k8
0.5B,csp,csp-0073,test,oracle,8,0.0,2333.0,oracle_k8
0.5B,csp,csp-0073,test,judge,8,0.0,3840.0,judge_k8
0.5B,csp,csp-0073,test,seq,1,0.0,161.0,seq_r1
0.5B,csp,csp-0073,test,seq,2,0.0,673.0,seq_r2
0.5B,csp,csp-0073,test,seq,3,0.0,1410.0,seq_r3
0.5B,csp,csp-0073,test,seq,4,0.0,1893.0,seq_r4
0.5B,csp,csp-0073,test,long,2,0.0,739.0,long_m2
0.5B,csp,csp-0073,test,long,4,1.0,857.0,long_m4
0.5B,csp,csp-0073,test,debate,6,0.0,1483.0,debate_a3r2
0.5B,csp,csp-0074,test,single,1,0.0,386.0,
0.5B,csp,csp-0074,test,vote,4,0.0,1544.0,vote_k4
0.5B,csp,csp-0074,test,prog,4,0.0,1544.0,prog_k4
0.5B,csp,csp-0074,test,oracle,4,0.0,1544.0,oracle_k4
0.5B,csp,csp-0074,test,judge,4,0.0,2620.5,judge_k4
0.5B,csp,csp-0074,test,vote,8,0.0,3088.0,vote_k8
0.5B,csp,csp-0074,test,prog,8,0.0,3088.0,prog_k8
0.5B,csp,csp-0074,test,oracle,8,0.0,3088.0,oracle_k8
0.5B,csp,csp-0074,test,judge,8,0.0,5126.0,judge_k8
0.5B,csp,csp-0074,test,seq,1,0.0,386.0,seq_r1
0.5B,csp,csp-0074,test,seq,2,0.0,872.0,seq_r2
0.5B,csp,csp-0074,test,seq,3,0.0,1107.0,seq_r3
0.5B,csp,csp-0074,test,seq,4,0.0,1344.0,seq_r4
0.5B,csp,csp-0074,test,long,2,0.0,653.0,long_m2
0.5B,csp,csp-0074,test,long,4,0.0,653.0,long_m4
0.5B,csp,csp-0074,test,debate,6,0.0,2505.0,debate_a3r2
0.5B,csp,csp-0075,test,single,1,0.0,386.0,
0.5B,csp,csp-0075,test,vote,4,0.0,1544.0,vote_k4
0.5B,csp,csp-0075,test,prog,4,0.0,1544.0,prog_k4
0.5B,csp,csp-0075,test,oracle,4,0.0,1544.0,oracle_k4
0.5B,csp,csp-0075,test,judge,4,0.0,2686.0,judge_k4
0.5B,csp,csp-0075,test,vote,8,0.0,3088.0,vote_k8
0.5B,csp,csp-0075,test,prog,8,0.0,3088.0,prog_k8
0.5B,csp,csp-0075,test,oracle,8,0.0,3088.0,oracle_k8
0.5B,csp,csp-0075,test,judge,8,0.0,5289.0,judge_k8
0.5B,csp,csp-0075,test,seq,1,0.0,386.0,seq_r1
0.5B,csp,csp-0075,test,seq,2,0.0,1122.0,seq_r2
0.5B,csp,csp-0075,test,seq,3,0.0,1543.0,seq_r3
0.5B,csp,csp-0075,test,seq,4,0.0,1964.0,seq_r4
0.5B,csp,csp-0075,test,long,2,0.0,738.0,long_m2
0.5B,csp,csp-0075,test,long,4,1.0,908.0,long_m4
0.5B,csp,csp-0075,test,debate,6,0.0,3142.0,debate_a3r2
0.5B,csp,csp-0076,test,single,1,0.0,343.0,
0.5B,csp,csp-0076,test,vote,4,1.0,1392.5,vote_k4
0.5B,csp,csp-0076,test,prog,4,1.0,1392.5,prog_k4
0.5B,csp,csp-0076,test,oracle,4,1.0,1392.5,oracle_k4
0.5B,csp,csp-0076,test,judge,4,0.5,2376.5,judge_k4
0.5B,csp,csp-0076,test,vote,8,1.0,2623.0,vote_k8
0.5B,csp,csp-0076,test,prog,8,1.0,2623.0,prog_k8
0.5B,csp,csp-0076,test,oracle,8,1.0,2623.0,oracle_k8
0.5B,csp,csp-0076,test,judge,8,0.0,4361.0,judge_k8
0.5B,csp,csp-0076,test,seq,1,0.0,343.0,seq_r1
0.5B,csp,csp-0076,test,seq,2,0.0,996.0,seq_r2
0.5B,csp,csp-0076,test,seq,3,0.0,1431.0,seq_r3
0.5B,csp,csp-0076,test,seq,4,1.0,1853.0,seq_r4
0.5B,csp,csp-0076,test,long,2,1.0,476.0,long_m2
0.5B,csp,csp-0076,test,long,4,1.0,476.0,long_m4
0.5B,csp,csp-0076,test,debate,6,1.0,2297.0,debate_a3r2
0.5B,csp,csp-0077,test,single,1,0.0,386.0,
0.5B,csp,csp-0077,test,vote,4,0.0,1544.0,vote_k4
0.5B,csp,csp-0077,test,prog,4,0.0,1544.0,prog_k4
0.5B,csp,csp-0077,test,oracle,4,0.0,1544.0,oracle_k4
0.5B,csp,csp-0077,test,judge,4,0.0,2593.0,judge_k4
0.5B,csp,csp-0077,test,vote,8,0.0,3088.0,vote_k8
0.5B,csp,csp-0077,test,prog,8,0.0,3088.0,prog_k8
0.5B,csp,csp-0077,test,oracle,8,0.0,3088.0,oracle_k8
0.5B,csp,csp-0077,test,judge,8,0.0,5157.0,judge_k8
0.5B,csp,csp-0077,test,seq,1,0.0,386.0,seq_r1
0.5B,csp,csp-0077,test,seq,2,0.0,808.0,seq_r2
0.5B,csp,csp-0077,test,seq,3,0.0,1230.0,seq_r3
0.5B,csp,csp-0077,test,seq,4,0.0,1967.0,seq_r4
0.5B,csp,csp-0077,test,long,2,1.0,544.0,long_m2
0.5B,csp,csp-0077,test,long,4,1.0,544.0,long_m4
0.5B,csp,csp-0077,test,debate,6,0.0,2456.0,debate_a3r2
0.5B,csp,csp-0078,test,single,1,0.0,386.0,
0.5B,csp,csp-0078,test,vote,4,0.0,1544.0,vote_k4
0.5B,csp,csp-0078,test,prog,4,0.0,1544.0,prog_k4
0.5B,csp,csp-0078,test,oracle,4,0.0,1544.0,oracle_k4
0.5B,csp,csp-0078,test,judge,4,0.0,2656.5,judge_k4
0.5B,csp,csp-0078,test,vote,8,0.0,3088.0,vote_k8
0.5B,csp,csp-0078,test,prog,8,0.0,3088.0,prog_k8
0.5B,csp,csp-0078,test,oracle,8,0.0,3088.0,oracle_k8
0.5B,csp,csp-0078,test,judge,8,0.0,5194.0,judge_k8
0.5B,csp,csp-0078,test,seq,1,0.0,386.0,seq_r1
0.5B,csp,csp-0078,test,seq,2,0.0,1123.0,seq_r2
0.5B,csp,csp-0078,test,seq,3,0.0,1860.0,seq_r3
0.5B,csp,csp-0078,test,seq,4,0.0,2596.0,seq_r4
0.5B,csp,csp-0078,test,long,2,0.0,738.0,long_m2
0.5B,csp,csp-0078,test,long,4,0.0,776.0,long_m4
0.5B,csp,csp-0078,test,debate,6,0.0,2774.0,debate_a3r2
0.5B,csp,csp-0079,test,single,1,0.0,386.0,
0.5B,csp,csp-0079,test,vote,4,0.0,1544.0,vote_k4
0.5B,csp,csp-0079,test,prog,4,0.0,1544.0,prog_k4
0.5B,csp,csp-0079,test,oracle,4,0.0,1544.0,oracle_k4
0.5B,csp,csp-0079,test,judge,4,0.0,2671.0,judge_k4
0.5B,csp,csp-0079,test,vote,8,0.0,3088.0,vote_k8
0.5B,csp,csp-0079,test,prog,8,0.0,3088.0,prog_k8
0.5B,csp,csp-0079,test,oracle,8,0.0,3088.0,oracle_k8
0.5B,csp,csp-0079,test,judge,8,0.0,5224.0,judge_k8
0.5B,csp,csp-0079,test,seq,1,0.0,386.0,seq_r1
0.5B,csp,csp-0079,test,seq,2,0.0,1122.0,seq_r2
0.5B,csp,csp-0079,test,seq,3,0.0,1859.0,seq_r3
0.5B,csp,csp-0079,test,seq,4,0.0,2596.0,seq_r4
0.5B,csp,csp-0079,test,long,2,0.0,597.0,long_m2
0.5B,csp,csp-0079,test,long,4,0.0,597.0,long_m4
0.5B,csp,csp-0079,test,debate,6,0.0,3039.0,debate_a3r2
0.5B,csp,csp-0080,test,single,1,0.0,386.0,
0.5B,csp,csp-0080,test,vote,4,0.0,1544.0,vote_k4
0.5B,csp,csp-0080,test,prog,4,0.0,1544.0,prog_k4
0.5B,csp,csp-0080,test,oracle,4,0.0,1544.0,oracle_k4
0.5B,csp,csp-0080,test,judge,4,0.0,2698.5,judge_k4
0.5B,csp,csp-0080,test,vote,8,0.0,3088.0,vote_k8
0.5B,csp,csp-0080,test,prog,8,0.0,3088.0,prog_k8
0.5B,csp,csp-0080,test,oracle,8,0.0,3088.0,oracle_k8
0.5B,csp,csp-0080,test,judge,8,0.0,5224.0,judge_k8
0.5B,csp,csp-0080,test,seq,1,0.0,386.0,seq_r1
0.5B,csp,csp-0080,test,seq,2,0.0,1123.0,seq_r2
0.5B,csp,csp-0080,test,seq,3,0.0,1858.0,seq_r3
0.5B,csp,csp-0080,test,seq,4,0.0,2594.0,seq_r4
0.5B,csp,csp-0080,test,long,2,0.0,342.0,long_m2
0.5B,csp,csp-0080,test,long,4,0.0,342.0,long_m4
0.5B,csp,csp-0080,test,debate,6,0.0,3441.0,debate_a3r2
0.5B,csp,csp-0081,test,single,1,0.0,387.0,
0.5B,csp,csp-0081,test,vote,4,0.0,1548.0,vote_k4
0.5B,csp,csp-0081,test,prog,4,0.0,1548.0,prog_k4
0.5B,csp,csp-0081,test,oracle,4,0.0,1548.0,oracle_k4
0.5B,csp,csp-0081,test,judge,4,0.0,2707.0,judge_k4
0.5B,csp,csp-0081,test,vote,8,0.0,3096.0,vote_k8
0.5B,csp,csp-0081,test,prog,8,0.0,3096.0,prog_k8
0.5B,csp,csp-0081,test,oracle,8,0.0,3096.0,oracle_k8
0.5B,csp,csp-0081,test,judge,8,0.0,5292.0,judge_k8
0.5B,csp,csp-0081,test,seq,1,0.0,387.0,seq_r1
0.5B,csp,csp-0081,test,seq,2,0.0,1124.0,seq_r2
0.5B,csp,csp-0081,test,seq,3,0.0,1862.0,seq_r3
0.5B,csp,csp-0081,test,seq,4,0.0,2600.0,seq_r4
0.5B,csp,csp-0081,test,long,2,0.0,739.0,long_m2
0.5B,csp,csp-0081,test,long,4,1.0,1044.0,long_m4
0.5B,csp,csp-0081,test,debate,6,0.0,2485.0,debate_a3r2
0.5B,csp,csp-0082,test,single,1,0.0,386.0,
0.5B,csp,csp-0082,test,vote,4,0.0,1530.0,vote_k4
0.5B,csp,csp-0082,test,prog,4,0.0,1530.0,prog_k4
0.5B,csp,csp-0082,test,oracle,4,0.0,1530.0,oracle_k4
0.5B,csp,csp-0082,test,judge,4,0.0,2590.5,judge_k4
0.5B,csp,csp-0082,test,vote,8,0.0,3074.0,vote_k8
0.5B,csp,csp-0082,test,prog,8,0.0,3074.0,prog_k8
0.5B,csp,csp-0082,test,oracle,8,0.0,3074.0,oracle_k8
0.5B,csp,csp-0082,test,judge,8,0.0,5177.0,judge_k8
0.5B,csp,csp-0082,test,seq,1,0.0,386.0,seq_r1
0.5B,csp,csp-0082,test,seq,2,0.0,1121.0,seq_r2
0.5B,csp,csp-0082,test,seq,3,0.0,1858.0,seq_r3
0.5B,csp,csp-0082,test,seq,4,0.0,2595.0,seq_r4
0.5B,csp,csp-0082,test,long,2,1.0,738.0,long_m2
0.5B,csp,csp-0082,test,long,4,1.0,859.0,long_m4
0.5B,csp,csp-0082,test,debate,6,0.0,2414.0,debate_a3r2
0.5B,csp,csp-0083,test,single,1,1.0,386.0,
0.5B,csp,csp-0083,test,vote,4,0.5,1544.0,vote_k4
0.5B,csp,csp-0083,test,prog,4,1.0,1544.0,prog_k4
0.5B,csp,csp-0083,test,oracle,4,1.0,1544.0,oracle_k4
0.5B,csp,csp-0083,test,judge,4,0.0,2647.5,judge_k4
0.5B,csp,csp-0083,test,vote,8,1.0,3088.0,vote_k8
0.5B,csp,csp-0083,test,prog,8,1.0,3088.0,prog_k8
0.5B,csp,csp-0083,test,oracle,8,1.0,3088.0,oracle_k8
0.5B,csp,csp-0083,test,judge,8,0.0,5199.0,judge_k8
0.5B,csp,csp-0083,test,seq,1,1.0,386.0,seq_r1
0.5B,csp,csp-0083,test,seq,2,0.0,1123.0,seq_r2
0.5B,csp,csp-0083,test,seq,3,0.0,1860.0,seq_r3
0.5B,csp,csp-0083,test,seq,4,0.0,2597.0,seq_r4
0.5B,csp,csp-0083,test,long,2,0.0,693.0,long_m2
0.5B,csp,csp-0083,test,long,4,0.0,693.0,long_m4
0.5B,csp,csp-0083,test,debate,6,0.0,2432.0,debate_a3r2
0.5B,csp,csp-0084,test,single,1,0.0,387.0,
0.5B,csp,csp-0084,test,vote,4,0.0,1548.0,vote_k4
0.5B,csp,csp-0084,test,prog,4,0.0,1548.0,prog_k4
0.5B,csp,csp-0084,test,oracle,4,0.0,1548.0,oracle_k4
0.5B,csp,csp-0084,test,judge,4,0.0,2643.0,judge_k4
0.5B,csp,csp-0084,test,vote,8,0.0,3096.0,vote_k8
0.5B,csp,csp-0084,test,prog,8,0.0,3096.0,prog_k8
0.5B,csp,csp-0084,test,oracle,8,0.0,3096.0,oracle_k8
0.5B,csp,csp-0084,test,judge,8,0.0,5200.0,judge_k8
0.5B,csp,csp-0084,test,seq,1,0.0,387.0,seq_r1
0.5B,csp,csp-0084,test,seq,2,0.0,1124.0,seq_r2
0.5B,csp,csp-0084,test,seq,3,0.0,1808.0,seq_r3
0.5B,csp,csp-0084,test,seq,4,0.0,2176.0,seq_r4
0.5B,csp,csp-0084,test,long,2,0.0,505.0,long_m2
0.5B,csp,csp-0084,test,long,4,0.0,505.0,long_m4
0.5B,csp,csp-0084,test,debate,6,0.0,3063.0,debate_a3r2
0.5B,csp,csp-0085,test,single,1,0.0,386.0,
0.5B,csp,csp-0085,test,vote,4,0.0,1544.0,vote_k4
0.5B,csp,csp-0085,test,prog,4,0.0,1544.0,prog_k4
0.5B,csp,csp-0085,test,oracle,4,0.0,1544.0,oracle_k4
0.5B,csp,csp-0085,test,judge,4,0.0,2647.5,judge_k4
0.5B,csp,csp-0085,test,vote,8,0.0,3088.0,vote_k8
0.5B,csp,csp-0085,test,prog,8,0.0,3088.0,prog_k8
0.5B,csp,csp-0085,test,oracle,8,0.0,3088.0,oracle_k8
0.5B,csp,csp-0085,test,judge,8,0.0,5246.0,judge_k8
0.5B,csp,csp-0085,test,seq,1,0.0,386.0,seq_r1
0.5B,csp,csp-0085,test,seq,2,0.0,863.0,seq_r2
0.5B,csp,csp-0085,test,seq,3,0.0,1081.0,seq_r3
0.5B,csp,csp-0085,test,seq,4,0.0,1559.0,seq_r4
0.5B,csp,csp-0085,test,long,2,0.0,738.0,long_m2
0.5B,csp,csp-0085,test,long,4,1.0,820.0,long_m4
0.5B,csp,csp-0085,test,debate,6,0.0,2438.0,debate_a3r2
0.5B,csp,csp-0086,test,single,1,0.0,387.0,
0.5B,csp,csp-0086,test,vote,4,0.0,1548.0,vote_k4
0.5B,csp,csp-0086,test,prog,4,0.0,1548.0,prog_k4
0.5B,csp,csp-0086,test,oracle,4,0.0,1548.0,oracle_k4
0.5B,csp,csp-0086,test,judge,4,0.0,2708.5,judge_k4
0.5B,csp,csp-0086,test,vote,8,0.0,3096.0,vote_k8
0.5B,csp,csp-0086,test,prog,8,0.0,3096.0,prog_k8
0.5B,csp,csp-0086,test,oracle,8,0.0,3096.0,oracle_k8
0.5B,csp,csp-0086,test,judge,8,0.0,5293.0,judge_k8
0.5B,csp,csp-0086,test,seq,1,0.0,387.0,seq_r1
0.5B,csp,csp-0086,test,seq,2,0.0,864.0,seq_r2
0.5B,csp,csp-0086,test,seq,3,0.0,1340.0,seq_r3
0.5B,csp,csp-0086,test,seq,4,0.0,2077.0,seq_r4
0.5B,csp,csp-0086,test,long,2,1.0,673.0,long_m2
0.5B,csp,csp-0086,test,long,4,1.0,673.0,long_m4
0.5B,csp,csp-0086,test,debate,6,0.0,2881.0,debate_a3r2
0.5B,csp,csp-0087,test,single,1,0.0,387.0,
0.5B,csp,csp-0087,test,vote,4,0.0,1548.0,vote_k4
0.5B,csp,csp-0087,test,prog,4,0.0,1548.0,prog_k4
0.5B,csp,csp-0087,test,oracle,4,0.0,1548.0,oracle_k4
0.5B,csp,csp-0087,test,judge,4,0.0,2665.0,judge_k4
0.5B,csp,csp-0087,test,vote,8,0.0,3096.0,vote_k8
0.5B,csp,csp-0087,test,prog,8,0.0,3096.0,prog_k8
0.5B,csp,csp-0087,test,oracle,8,0.0,3096.0,oracle_k8
0.5B,csp,csp-0087,test,judge,8,0.0,5230.0,judge_k8
0.5B,csp,csp-0087,test,seq,1,0.0,387.0,seq_r1
0.5B,csp,csp-0087,test,seq,2,0.0,1125.0,seq_r2
0.5B,csp,csp-0087,test,seq,3,0.0,1550.0,seq_r3
0.5B,csp,csp-0087,test,seq,4,0.0,1975.0,seq_r4
0.5B,csp,csp-0087,test,long,2,0.0,739.0,long_m2
0.5B,csp,csp-0087,test,long,4,1.0,1073.0,long_m4
0.5B,csp,csp-0087,test,debate,6,0.0,2507.0,debate_a3r2
0.5B,csp,csp-0088,test,single,1,0.0,387.0,
0.5B,csp,csp-0088,test,vote,4,0.0,1548.0,vote_k4
0.5B,csp,csp-0088,test,prog,4,0.0,1548.0,prog_k4
0.5B,csp,csp-0088,test,oracle,4,0.0,1548.0,oracle_k4
0.5B,csp,csp-0088,test,judge,4,0.0,2647.0,judge_k4
0.5B,csp,csp-0088,test,vote,8,0.0,3096.0,vote_k8
0.5B,csp,csp-0088,test,prog,8,0.0,3096.0,prog_k8
0.5B,csp,csp-0088,test,oracle,8,0.0,3096.0,oracle_k8
0.5B,csp,csp-0088,test,judge,8,0.0,5180.0,judge_k8
0.5B,csp,csp-0088,test,seq,1,0.0,387.0,seq_r1
0.5B,csp,csp-0088,test,seq,2,0.0,1125.0,seq_r2
0.5B,csp,csp-0088,test,seq,3,0.0,1863.0,seq_r3
0.5B,csp,csp-0088,test,seq,4,0.0,2601.0,seq_r4
0.5B,csp,csp-0088,test,long,2,0.0,739.0,long_m2
0.5B,csp,csp-0088,test,long,4,0.0,776.0,long_m4
0.5B,csp,csp-0088,test,debate,6,0.0,2510.0,debate_a3r2
0.5B,csp,csp-0089,test,single,1,0.0,386.0,
0.5B,csp,csp-0089,test,vote,4,0.5,1112.0,vote_k4
0.5B,csp,csp-0089,test,prog,4,0.5,1112.0,prog_k4
0.5B,csp,csp-0089,test,oracle,4,0.5,1112.0,oracle_k4
0.5B,csp,csp-0089,test,judge,4,0.5,1921.0,judge_k4
0.5B,csp,csp-0089,test,vote,8,0.0,2497.0,vote_k8
0.5B,csp,csp-0089,test,prog,8,1.0,2497.0,prog_k8
0.5B,csp,csp-0089,test,oracle,8,1.0,2497.0,oracle_k8
0.5B,csp,csp-0089,test,judge,8,0.0,4231.0,judge_k8
0.5B,csp,csp-0089,test,seq,1,0.0,386.0,seq_r1
0.5B,csp,csp-0089,test,seq,2,0.0,1123.0,seq_r2
0.5B,csp,csp-0089,test,seq,3,0.0,1860.0,seq_r3
0.5B,csp,csp-0089,test,seq,4,0.0,2596.0,seq_r4
0.5B,csp,csp-0089,test,long,2,0.0,738.0,long_m2
0.5B,csp,csp-0089,test,long,4,1.0,882.0,long_m4
0.5B,csp,csp-0089,test,debate,6,0.0,2333.0,debate_a3r2
0.5B,gsm8k,gsm8k-0000,calib,single,1,0.0,426.0,
0.5B,gsm8k,gsm8k-0000,calib,vote,4,1.0,1521.5,vote_k4
0.5B,gsm8k,gsm8k-0000,calib,oracle,4,1.0,1521.5,oracle_k4
0.5B,gsm8k,gsm8k-0000,calib,judge,4,0.5,2517.0,judge_k4
0.5B,gsm8k,gsm8k-0000,calib,vote,8,1.0,3142.0,vote_k8
0.5B,gsm8k,gsm8k-0000,calib,oracle,8,1.0,3142.0,oracle_k8
0.5B,gsm8k,gsm8k-0000,calib,judge,8,0.0,4995.0,judge_k8
0.5B,gsm8k,gsm8k-0000,calib,seq,1,0.0,426.0,seq_r1
0.5B,gsm8k,gsm8k-0000,calib,seq,2,0.0,1203.0,seq_r2
0.5B,gsm8k,gsm8k-0000,calib,seq,3,0.0,1979.0,seq_r3
0.5B,gsm8k,gsm8k-0000,calib,seq,4,0.0,2755.0,seq_r4
0.5B,gsm8k,gsm8k-0000,calib,long,2,1.0,409.0,long_m2
0.5B,gsm8k,gsm8k-0000,calib,long,4,1.0,409.0,long_m4
0.5B,gsm8k,gsm8k-0000,calib,debate,6,0.0,2837.0,debate_a3r2
0.5B,gsm8k,gsm8k-0001,calib,single,1,1.0,306.0,
0.5B,gsm8k,gsm8k-0001,calib,vote,4,1.0,1122.5,vote_k4
0.5B,gsm8k,gsm8k-0001,calib,oracle,4,1.0,1122.5,oracle_k4
0.5B,gsm8k,gsm8k-0001,calib,judge,4,0.5,2038.5,judge_k4
0.5B,gsm8k,gsm8k-0001,calib,vote,8,1.0,2231.0,vote_k8
0.5B,gsm8k,gsm8k-0001,calib,oracle,8,1.0,2231.0,oracle_k8
0.5B,gsm8k,gsm8k-0001,calib,judge,8,1.0,3946.0,judge_k8
0.5B,gsm8k,gsm8k-0001,calib,seq,1,1.0,306.0,seq_r1
0.5B,gsm8k,gsm8k-0001,calib,seq,2,1.0,886.0,seq_r2
0.5B,gsm8k,gsm8k-0001,calib,seq,3,1.0,1240.0,seq_r3
0.5B,gsm8k,gsm8k-0001,calib,seq,4,1.0,1533.0,seq_r4
0.5B,gsm8k,gsm8k-0001,calib,long,2,0.0,361.0,long_m2
0.5B,gsm8k,gsm8k-0001,calib,long,4,0.0,361.0,long_m4
0.5B,gsm8k,gsm8k-0001,calib,debate,6,1.0,2021.0,debate_a3r2
0.5B,gsm8k,gsm8k-0002,calib,single,1,0.0,272.0,
0.5B,gsm8k,gsm8k-0002,calib,vote,4,0.0,1336.5,vote_k4
0.5B,gsm8k,gsm8k-0002,calib,oracle,4,0.0,1336.5,oracle_k4
0.5B,gsm8k,gsm8k-0002,calib,judge,4,0.0,2258.5,judge_k4
0.5B,gsm8k,gsm8k-0002,calib,vote,8,0.0,2789.0,vote_k8
0.5B,gsm8k,gsm8k-0002,calib,oracle,8,0.0,2789.0,oracle_k8
0.5B,gsm8k,gsm8k-0002,calib,judge,8,0.0,4579.0,judge_k8
0.5B,gsm8k,gsm8k-0002,calib,seq,1,0.0,272.0,seq_r1
0.5B,gsm8k,gsm8k-0002,calib,seq,2,0.0,877.0,seq_r2
0.5B,gsm8k,gsm8k-0002,calib,seq,3,0.0,1604.0,seq_r3
0.5B,gsm8k,gsm8k-0002,calib,seq,4,0.0,2348.0,seq_r4
0.5B,gsm8k,gsm8k-0002,calib,long,2,0.0,548.0,long_m2
0.5B,gsm8k,gsm8k-0002,calib,long,4,0.0,548.0,long_m4
0.5B,gsm8k,gsm8k-0002,calib,debate,6,0.0,2676.0,debate_a3r2
0.5B,gsm8k,gsm8k-0003,calib,single,1,1.0,252.0,
0.5B,gsm8k,gsm8k-0003,calib,vote,4,1.0,1244.5,vote_k4
0.5B,gsm8k,gsm8k-0003,calib,oracle,4,1.0,1244.5,oracle_k4
0.5B,gsm8k,gsm8k-0003,calib,judge,4,1.0,2090.0,judge_k4
0.5B,gsm8k,gsm8k-0003,calib,vote,8,1.0,2661.0,vote_k8
0.5B,gsm8k,gsm8k-0003,calib,oracle,8,1.0,2661.0,oracle_k8
0.5B,gsm8k,gsm8k-0003,calib,judge,8,1.0,4234.0,judge_k8
0.5B,gsm8k,gsm8k-0003,calib,seq,1,1.0,252.0,seq_r1
0.5B,gsm8k,gsm8k-0003,calib,seq,2,1.0,703.0,seq_r2
0.5B,gsm8k,gsm8k-0003,calib,seq,3,1.0,1154.0,seq_r3
0.5B,gsm8k,gsm8k-0003,calib,seq,4,1.0,1606.0,seq_r4
0.5B,gsm8k,gsm8k-0003,calib,long,2,1.0,464.0,long_m2
0.5B,gsm8k,gsm8k-0003,calib,long,4,1.0,464.0,long_m4
0.5B,gsm8k,gsm8k-0003,calib,debate,6,0.0,2097.0,debate_a3r2
0.5B,gsm8k,gsm8k-0004,calib,single,1,1.0,361.0,
0.5B,gsm8k,gsm8k-0004,calib,vote,4,0.5,1619.5,vote_k4
0.5B,gsm8k,gsm8k-0004,calib,oracle,4,1.0,1619.5,oracle_k4
0.5B,gsm8k,gsm8k-0004,calib,judge,4,0.0,2730.5,judge_k4
0.5B,gsm8k,gsm8k-0004,calib,vote,8,1.0,3051.0,vote_k8
0.5B,gsm8k,gsm8k-0004,calib,oracle,8,1.0,3051.0,oracle_k8
0.5B,gsm8k,gsm8k-0004,calib,judge,8,1.0,5033.0,judge_k8
0.5B,gsm8k,gsm8k-0004,calib,seq,1,1.0,361.0,seq_r1
0.5B,gsm8k,gsm8k-0004,calib,seq,2,0.0,1064.0,seq_r2
0.5B,gsm8k,gsm8k-0004,calib,seq,3,0.0,1517.0,seq_r3
0.5B,gsm8k,gsm8k-0004,calib,seq,4,1.0,1827.0,seq_r4
0.5B,gsm8k,gsm8k-0004,calib,long,2,0.0,575.0,long_m2
0.5B,gsm8k,gsm8k-0004,calib,long,4,0.0,575.0,long_m4
0.5B,gsm8k,gsm8k-0004,calib,debate,6,0.0,2618.0,debate_a3r2
0.5B,gsm8k,gsm8k-0005,calib,single,1,1.0,242.0,
0.5B,gsm8k,gsm8k-0005,calib,vote,4,1.0,961.0,vote_k4
0.5B,gsm8k,gsm8k-0005,calib,oracle,4,1.0,961.0,oracle_k4
0.5B,gsm8k,gsm8k-0005,calib,judge,4,1.0,1727.5,judge_k4
0.5B,gsm8k,gsm8k-0005,calib,vote,8,1.0,1907.0,vote_k8
0.5B,gsm8k,gsm8k-0005,calib,oracle,8,1.0,1907.0,oracle_k8
0.5B,gsm8k,gsm8k-0005,calib,judge,8,1.0,3322.0,judge_k8
0.5B,gsm8k,gsm8k-0005,calib,seq,1,1.0,242.0,seq_r1
0.5B,gsm8k,gsm8k-0005,calib,seq,2,1.0,677.0,seq_r2
0.5B,gsm8k,gsm8k-0005,calib,seq,3,1.0,1109.0,seq_r3
0.5B,gsm8k,gsm8k-0005,calib,seq,4,1.0,1565.0,seq_r4
0.5B,gsm8k,gsm8k-0005,calib,long,2,1.0,317.0,long_m2
0.5B,gsm8k,gsm8k-0005,calib,long,4,1.0,317.0,long_m4
0.5B,gsm8k,gsm8k-0005,calib,debate,6,1.0,1930.0,debate_a3r2
0.5B,gsm8k,gsm8k-0006,calib,single,1,0.0,447.0,
0.5B,gsm8k,gsm8k-0006,calib,vote,4,0.0,1788.0,vote_k4
0.5B,gsm8k,gsm8k-0006,calib,oracle,4,0.0,1788.0,oracle_k4
0.5B,gsm8k,gsm8k-0006,calib,judge,4,0.0,2713.0,judge_k4
0.5B,gsm8k,gsm8k-0006,calib,vote,8,0.0,3576.0,vote_k8
0.5B,gsm8k,gsm8k-0006,calib,oracle,8,0.0,3576.0,oracle_k8
0.5B,gsm8k,gsm8k-0006,calib,judge,8,0.0,5252.0,judge_k8
0.5B,gsm8k,gsm8k-0006,calib,seq,1,0.0,447.0,seq_r1
0.5B,gsm8k,gsm8k-0006,calib,seq,2,0.0,1245.0,seq_r2
0.5B,gsm8k,gsm8k-0006,calib,seq,3,0.0,2043.0,seq_r3
0.5B,gsm8k,gsm8k-0006,calib,seq,4,0.0,2841.0,seq_r4
0.5B,gsm8k,gsm8k-0006,calib,long,2,0.0,799.0,long_m2
0.5B,gsm8k,gsm8k-0006,calib,long,4,0.0,1439.0,long_m4
0.5B,gsm8k,gsm8k-0006,calib,debate,6,0.0,3229.0,debate_a3r2
0.5B,gsm8k,gsm8k-0007,calib,single,1,0.0,395.0,
0.5B,gsm8k,gsm8k-0007,calib,vote,4,0.0,1544.0,vote_k4
0.5B,gsm8k,gsm8k-0007,calib,oracle,4,0.0,1544.0,oracle_k4
0.5B,gsm8k,gsm8k-0007,calib,judge,4,0.0,2454.5,judge_k4
0.5B,gsm8k,gsm8k-0007,calib,vote,8,0.0,2878.0,vote_k8
0.5B,gsm8k,gsm8k-0007,calib,oracle,8,0.0,2878.0,oracle_k8
0.5B,gsm8k,gsm8k-0007,calib,judge,8,0.0,4534.0,judge_k8
0.5B,gsm8k,gsm8k-0007,calib,seq,1,0.0,395.0,seq_r1
0.5B,gsm8k,gsm8k-0007,calib,seq,2,0.0,1141.0,seq_r2
0.5B,gsm8k,gsm8k-0007,calib,seq,3,0.0,1886.0,seq_r3
0.5B,gsm8k,gsm8k-0007,calib,seq,4,0.0,2631.0,seq_r4
0.5B,gsm8k,gsm8k-0007,calib,long,2,0.0,512.0,long_m2
0.5B,gsm8k,gsm8k-0007,calib,long,4,0.0,512.0,long_m4
0.5B,gsm8k,gsm8k-0007,calib,debate,6,0.0,2872.0,debate_a3r2
0.5B,gsm8k,gsm8k-0008,calib,single,1,0.0,405.0,
0.5B,gsm8k,gsm8k-0008,calib,vote,4,0.0,1534.5,vote_k4
0.5B,gsm8k,gsm8k-0008,calib,oracle,4,0.0,1534.5,oracle_k4
0.5B,gsm8k,gsm8k-0008,calib,judge,4,0.0,2473.0,judge_k4
0.5B,gsm8k,gsm8k-0008,calib,vote,8,0.0,3066.0,vote_k8
0.5B,gsm8k,gsm8k-0008,calib,oracle,8,0.0,3066.0,oracle_k8
0.5B,gsm8k,gsm8k-0008,calib,judge,8,0.0,4856.0,judge_k8
0.5B,gsm8k,gsm8k-0008,calib,seq,1,0.0,405.0,seq_r1
0.5B,gsm8k,gsm8k-0008,calib,seq,2,0.0,1072.0,seq_r2
0.5B,gsm8k,gsm8k-0008,calib,seq,3,0.0,1664.0,seq_r3
0.5B,gsm8k,gsm8k-0008,calib,seq,4,0.0,2257.0,seq_r4
0.5B,gsm8k,gsm8k-0008,calib,long,2,0.0,386.0,long_m2
0.5B,gsm8k,gsm8k-0008,calib,long,4,0.0,386.0,long_m4
0.5B,gsm8k,gsm8k-0008,calib,debate,6,0.0,2395.0,debate_a3r2
0.5B,gsm8k,gsm8k-0009,calib,single,1,0.0,430.0,
0.5B,gsm8k,gsm8k-0009,calib,vote,4,0.5,1706.5,vote_k4
0.5B,gsm8k,gsm8k-0009,calib,oracle,4,0.5,1706.5,oracle_k4
0.5B,gsm8k,gsm8k-0009,calib,judge,4,0.0,2623.0,judge_k4
0.5B,gsm8k,gsm8k-0009,calib,vote,8,0.0,3413.0,vote_k8
0.5B,gsm8k,gsm8k-0009,calib,oracle,8,1.0,3413.0,oracle_k8
0.5B,gsm8k,gsm8k-0009,calib,judge,8,0.0,5127.0,judge_k8
0.5B,gsm8k,gsm8k-0009,calib,seq,1,0.0,430.0,seq_r1
0.5B,gsm8k,gsm8k-0009,calib,seq,2,0.0,1211.0,seq_r2
0.5B,gsm8k,gsm8k-0009,calib,seq,3,0.0,1992.0,seq_r3
0.5B,gsm8k,gsm8k-0009,calib,seq,4,0.0,2710.0,seq_r4
0.5B,gsm8k,gsm8k-0009,calib,long,2,0.0,599.0,long_m2
0.5B,gsm8k,gsm8k-0009,calib,long,4,0.0,599.0,long_m4
0.5B,gsm8k,gsm8k-0009,calib,debate,6,0.0,2946.0,debate_a3r2
0.5B,gsm8k,gsm8k-0010,calib,single,1,0.0,280.0,
0.5B,gsm8k,gsm8k-0010,calib,vote,4,1.0,1388.5,vote_k4
0.5B,gsm8k,gsm8k-0010,calib,oracle,4,1.0,1388.5,oracle_k4
0.5B,gsm8k,gsm8k-0010,calib,judge,4,0.5,2568.5,judge_k4
0.5B,gsm8k,gsm8k-0010,calib,vote,8,1.0,2696.0,vote_k8
0.5B,gsm8k,gsm8k-0010,calib,oracle,8,1.0,2696.0,oracle_k8
0.5B,gsm8k,gsm8k-0010,calib,judge,8,0.0,4853.0,judge_k8
0.5B,gsm8k,gsm8k-0010,calib,seq,1,0.0,280.0,seq_r1
0.5B,gsm8k,gsm8k-0010,calib,seq,2,0.0,599.0,seq_r2
0.5B,gsm8k,gsm8k-0010,calib,seq,3,0.0,836.0,seq_r3
0.5B,gsm8k,gsm8k-0010,calib,seq,4,0.0,1080.0,seq_r4
0.5B,gsm8k,gsm8k-0010,calib,long,2,0.0,545.0,long_m2
0.5B,gsm8k,gsm8k-0010,calib,long,4,0.0,545.0,long_m4
0.5B,gsm8k,gsm8k-0010,calib,debate,6,0.0,2894.0,debate_a3r2
0.5B,gsm8k,gsm8k-0011,calib,single,1,0.0,142.0,
0.5B,gsm8k,gsm8k-0011,calib,vote,4,0.0,1276.5,vote_k4
0.5B,gsm8k,gsm8k-0011,calib,oracle,4,0.0,1276.5,oracle_k4
0.5B,gsm8k,gsm8k-0011,calib,judge,4,0.0,2036.0,judge_k4
0.5B,gsm8k,gsm8k-0011,calib,vote,8,0.0,2556.0,vote_k8
0.5B,gsm8k,gsm8k-0011,calib,oracle,8,0.0,2556.0,oracle_k8
0.5B,gsm8k,gsm8k-0011,calib,judge,8,0.0,3986.0,judge_k8
0.5B,gsm8k,gsm8k-0011,calib,seq,1,0.0,142.0,seq_r1
0.5B,gsm8k,gsm8k-0011,calib,seq,2,0.0,603.0,seq_r2
0.5B,gsm8k,gsm8k-0011,calib,seq,3,0.0,1339.0,seq_r3
0.5B,gsm8k,gsm8k-0011,calib,seq,4,0.0,2074.0,seq_r4
0.5B,gsm8k,gsm8k-0011,calib,long,2,0.0,414.0,long_m2
0.5B,gsm8k,gsm8k-0011,calib,long,4,0.0,414.0,long_m4
0.5B,gsm8k,gsm8k-0011,calib,debate,6,0.0,2640.0,debate_a3r2
0.5B,gsm8k,gsm8k-0012,calib,single,1,0.0,486.0,
0.5B,gsm8k,gsm8k-0012,calib,vote,4,0.0,1944.0,vote_k4
0.5B,gsm8k,gsm8k-0012,calib,oracle,4,0.5,1944.0,oracle_k4
0.5B,gsm8k,gsm8k-0012,calib,judge,4,0.0,3139.5,judge_k4
0.5B,gsm8k,gsm8k-0012,calib,vote,8,0.0,3887.0,vote_k8
0.5B,gsm8k,gsm8k-0012,calib,oracle,8,1.0,3887.0,oracle_k8
0.5B,gsm8k,gsm8k-0012,calib,judge,8,1.0,6079.0,judge_k8
0.5B,gsm8k,gsm8k-0012,calib,seq,1,0.0,486.0,seq_r1
0.5B,gsm8k,gsm8k-0012,calib,seq,2,0.0,1323.0,seq_r2
0.5B,gsm8k,gsm8k-0012,calib,seq,3,1.0,2044.0,seq_r3
0.5B,gsm8k,gsm8k-0012,calib,seq,4,1.0,2705.0,seq_r4
0.5B,gsm8k,gsm8k-0012,calib,long,2,1.0,642.0,long_m2
0.5B,gsm8k,gsm8k-0012,calib,long,4,1.0,642.0,long_m4
0.5B,gsm8k,gsm8k-0012,calib,debate,6,0.0,3137.0,debate_a3r2
0.5B,gsm8k,gsm8k-0013,calib,single,1,1.0,294.0,
0.5B,gsm8k,gsm8k-0013,calib,vote,4,1.0,1386.0,vote_k4
0.5B,gsm8k,gsm8k-0013,calib,oracle,4,1.0,1386.0,oracle_k4
0.5B,gsm8k,gsm8k-0013,calib,judge,4,1.0,2341.5,judge_k4
0.5B,gsm8k,gsm8k-0013,calib,vote,8,1.0,2783.0,vote_k8
0.5B,gsm8k,gsm8k-0013,calib,oracle,8,1.0,2783.0,oracle_k8
0.5B,gsm8k,gsm8k-0013,calib,judge,8,1.0,4574.0,judge_k8
0.5B,gsm8k,gsm8k-0013,calib,seq,1,1.0,294.0,seq_r1
0.5B,gsm8k,gsm8k-0013,calib,seq,2,1.0,801.0,seq_r2
0.5B,gsm8k,gsm8k-0013,calib,seq,3,1.0,1308.0,seq_r3
0.5B,gsm8k,gsm8k-0013,calib,seq,4,1.0,1815.0,seq_r4
0.5B,gsm8k,gsm8k-0013,calib,long,2,1.0,446.0,long_m2
0.5B,gsm8k,gsm8k-0013,calib,long,4,1.0,446.0,long_m4
0.5B,gsm8k,gsm8k-0013,calib,debate,6,1.0,2345.0,debate_a3r2
0.5B,gsm8k,gsm8k-0014,calib,single,1,0.0,404.0,
0.5B,gsm8k,gsm8k-0014,calib,vote,4,0.5,1616.0,vote_k4
0.5B,gsm8k,gsm8k-0014,calib,oracle,4,0.5,1616.0,oracle_k4
0.5B,gsm8k,gsm8k-0014,calib,judge,4,0.5,2650.0,judge_k4
0.5B,gsm8k,gsm8k-0014,calib,vote,8,0.0,3232.0,vote_k8
0.5B,gsm8k,gsm8k-0014,calib,oracle,8,1.0,3232.0,oracle_k8
0.5B,gsm8k,gsm8k-0014,calib,judge,8,0.0,5207.0,judge_k8
0.5B,gsm8k,gsm8k-0014,calib,seq,1,0.0,404.0,seq_r1
0.5B,gsm8k,gsm8k-0014,calib,seq,2,0.0,1158.0,seq_r2
0.5B,gsm8k,gsm8k-0014,calib,seq,3,0.0,1913.0,seq_r3
0.5B,gsm8k,gsm8k-0014,calib,seq,4,0.0,2668.0,seq_r4
0.5B,gsm8k,gsm8k-0014,calib,long,2,0.0,489.0,long_m2
0.5B,gsm8k,gsm8k-0014,calib,long,4,0.0,489.0,long_m4
0.5B,gsm8k,gsm8k-0014,calib,debate,6,0.0,2609.0,debate_a3r2
0.5B,gsm8k,gsm8k-0015,calib,single,1,0.0,313.0,
0.5B,gsm8k,gsm8k-0015,calib,vote,4,0.0,1341.0,vote_k4
0.5B,gsm8k,gsm8k-0015,calib,oracle,4,0.5,1341.0,oracle_k4
0.5B,gsm8k,gsm8k-0015,calib,judge,4,0.0,2316.0,judge_k4
0.5B,gsm8k,gsm8k-0015,calib,vote,8,0.0,2746.0,vote_k8
0.5B,gsm8k,gsm8k-0015,calib,oracle,8,1.0,2746.0,oracle_k8
0.5B,gsm8k,gsm8k-0015,calib,judge,8,0.0,4592.0,judge_k8
0.5B,gsm8k,gsm8k-0015,calib,seq,1,0.0,313.0,seq_r1
0.5B,gsm8k,gsm8k-0015,calib,seq,2,0.0,884.0,seq_r2
0.5B,gsm8k,gsm8k-0015,calib,seq,3,0.0,1433.0,seq_r3
0.5B,gsm8k,gsm8k-0015,calib,seq,4,0.0,1966.0,seq_r4
0.5B,gsm8k,gsm8k-0015,calib,long,2,1.0,459.0,long_m2
0.5B,gsm8k,gsm8k-0015,calib,long,4,1.0,459.0,long_m4
0.5B,gsm8k,gsm8k-0015,calib,debate,6,0.0,2357.0,debate_a3r2
0.5B,gsm8k,gsm8k-0016,calib,single,1,0.0,398.0,
0.5B,gsm8k,gsm8k-0016,calib,vote,4,0.0,1355.0,vote_k4
0.5B,gsm8k,gsm8k-0016,calib,oracle,4,0.0,1355.0,oracle_k4
0.5B,gsm8k,gsm8k-0016,calib,judge,4,0.0,2216.5,judge_k4
0.5B,gsm8k,gsm8k-0016,calib,vote,8,0.0,2902.0,vote_k8
0.5B,gsm8k,gsm8k-0016,calib,oracle,8,0.0,2902.0,oracle_k8
0.5B,gsm8k,gsm8k-0016,calib,judge,8,0.0,4683.0,judge_k8
0.5B,gsm8k,gsm8k-0016,calib,seq,1,0.0,398.0,seq_r1
0.5B,gsm8k,gsm8k-0016,calib,seq,2,0.0,1147.0,seq_r2
0.5B,gsm8k,gsm8k-0016,calib,seq,3,0.0,1735.0,seq_r3
0.5B,gsm8k,gsm8k-0016,calib,seq,4,0.0,2183.0,seq_r4
0.5B,gsm8k,gsm8k-0016,calib,long,2,0.0,432.0,long_m2
0.5B,gsm8k,gsm8k-0016,calib,long,4,0.0,432.0,long_m4
0.5B,gsm8k,gsm8k-0016,calib,debate,6,0.0,2352.0,debate_a3r2
0.5B,gsm8k,gsm8k-0017,calib,single,1,0.0,190.0,
0.5B,gsm8k,gsm8k-0017,calib,vote,4,0.0,1032.0,vote_k4
0.5B,gsm8k,gsm8k-0017,calib,oracle,4,0.0,1032.0,oracle_k4
0.5B,gsm8k,gsm8k-0017,calib,judge,4,0.0,1762.5,judge_k4
0.5B,gsm8k,gsm8k-0017,calib,vote,8,0.0,2012.0,vote_k8
0.5B,gsm8k,gsm8k-0017,calib,oracle,8,1.0,2012.0,oracle_k8
0.5B,gsm8k,gsm8k-0017,calib,judge,8,0.0,3396.0,judge_k8
0.5B,gsm8k,gsm8k-0017,calib,seq,1,0.0,190.0,seq_r1
0.5B,gsm8k,gsm8k-0017,calib,seq,2,0.0,537.0,seq_r2
0.5B,gsm8k,gsm8k-0017,calib,seq,3,0.0,884.0,seq_r3
0.5B,gsm8k,gsm8k-0017,calib,seq,4,0.0,1239.0,seq_r4
0.5B,gsm8k,gsm8k-0017,calib,long,2,1.0,247.0,long_m2
0.5B,gsm8k,gsm8k-0017,calib,long,4,1.0,247.0,long_m4
0.5B,gsm8k,gsm8k-0017,calib,debate,6,0.0,1938.0,debate_a3r2
0.5B,gsm8k,gsm8k-0018,calib,single,1,0.0,400.0,
0.5B,gsm8k,gsm8k-0018,calib,vote,4,0.0,1352.5,vote_k4
0.5B,gsm8k,gsm8k-0018,calib,oracle,4,0.0,1352.5,oracle_k4
0.5B,gsm8k,gsm8k-0018,calib,judge,4,0.0,2238.5,judge_k4
0.5B,gsm8k,gsm8k-0018,calib,vote,8,0.0,2596.0,vote_k8
0.5B,gsm8k,gsm8k-0018,calib,oracle,8,0.0,2596.0,oracle_k8
0.5B,gsm8k,gsm8k-0018,calib,judge,8,0.0,4234.0,judge_k8
0.5B,gsm8k,gsm8k-0018,calib,seq,1,0.0,400.0,seq_r1
0.5B,gsm8k,gsm8k-0018,calib,seq,2,0.0,1151.0,seq_r2
0.5B,gsm8k,gsm8k-0018,calib,seq,3,0.0,1918.0,seq_r3
0.5B,gsm8k,gsm8k-0018,calib,seq,4,0.0,2605.0,seq_r4
0.5B,gsm8k,gsm8k-0018,calib,long,2,1.0,456.0,long_m2
0.5B,gsm8k,gsm8k-0018,calib,long,4,1.0,456.0,long_m4
0.5B,gsm8k,gsm8k-0018,calib,debate,6,0.0,2278.0,debate_a3r2
0.5B,gsm8k,gsm8k-0019,calib,single,1,0.0,330.0,
0.5B,gsm8k,gsm8k-0019,calib,vote,4,0.5,1474.0,vote_k4
0.5B,gsm8k,gsm8k-0019,calib,oracle,4,1.0,1474.0,oracle_k4
0.5B,gsm8k,gsm8k-0019,calib,judge,4,0.5,2460.5,judge_k4
0.5B,gsm8k,gsm8k-0019,calib,vote,8,1.0,3008.0,vote_k8
0.5B,gsm8k,gsm8k-0019,calib,oracle,8,1.0,3008.0,oracle_k8
0.5B,gsm8k,gsm8k-0019,calib,judge,8,0.0,4862.0,judge_k8
0.5B,gsm8k,gsm8k-0019,calib,seq,1,0.0,330.0,seq_r1
0.5B,gsm8k,gsm8k-0019,calib,seq,2,0.0,945.0,seq_r2
0.5B,gsm8k,gsm8k-0019,calib,seq,3,0.0,1559.0,seq_r3
0.5B,gsm8k,gsm8k-0019,calib,seq,4,0.0,2131.0,seq_r4
0.5B,gsm8k,gsm8k-0019,calib,long,2,1.0,558.0,long_m2
0.5B,gsm8k,gsm8k-0019,calib,long,4,1.0,558.0,long_m4
0.5B,gsm8k,gsm8k-0019,calib,debate,6,0.0,2584.0,debate_a3r2
0.5B,gsm8k,gsm8k-0020,calib,single,1,1.0,369.0,
0.5B,gsm8k,gsm8k-0020,calib,vote,4,1.0,1406.5,vote_k4
0.5B,gsm8k,gsm8k-0020,calib,oracle,4,1.0,1406.5,oracle_k4
0.5B,gsm8k,gsm8k-0020,calib,judge,4,1.0,2395.0,judge_k4
0.5B,gsm8k,gsm8k-0020,calib,vote,8,1.0,2881.0,vote_k8
0.5B,gsm8k,gsm8k-0020,calib,oracle,8,1.0,2881.0,oracle_k8
0.5B,gsm8k,gsm8k-0020,calib,judge,8,1.0,4728.0,judge_k8
0.5B,gsm8k,gsm8k-0020,calib,seq,1,1.0,369.0,seq_r1
0.5B,gsm8k,gsm8k-0020,calib,seq,2,1.0,1055.0,seq_r2
0.5B,gsm8k,gsm8k-0020,calib,seq,3,1.0,1454.0,seq_r3
0.5B,gsm8k,gsm8k-0020,calib,seq,4,1.0,1587.0,seq_r4
0.5B,gsm8k,gsm8k-0020,calib,long,2,1.0,347.0,long_m2
0.5B,gsm8k,gsm8k-0020,calib,long,4,1.0,347.0,long_m4
0.5B,gsm8k,gsm8k-0020,calib,debate,6,0.0,2849.0,debate_a3r2
0.5B,gsm8k,gsm8k-0021,calib,single,1,0.0,450.0,
0.5B,gsm8k,gsm8k-0021,calib,vote,4,0.0,1792.0,vote_k4
0.5B,gsm8k,gsm8k-0021,calib,oracle,4,0.5,1792.0,oracle_k4
0.5B,gsm8k,gsm8k-0021,calib,judge,4,0.0,2832.5,judge_k4
0.5B,gsm8k,gsm8k-0021,calib,vote,8,0.0,3524.0,vote_k8
0.5B,gsm8k,gsm8k-0021,calib,oracle,8,1.0,3524.0,oracle_k8
0.5B,gsm8k,gsm8k-0021,calib,judge,8,1.0,5480.0,judge_k8
0.5B,gsm8k,gsm8k-0021,calib,seq,1,0.0,450.0,seq_r1
0.5B,gsm8k,gsm8k-0021,calib,seq,2,0.0,1251.0,seq_r2
0.5B,gsm8k,gsm8k-0021,calib,seq,3,0.0,2052.0,seq_r3
0.5B,gsm8k,gsm8k-0021,calib,seq,4,0.0,2853.0,seq_r4
0.5B,gsm8k,gsm8k-0021,calib,long,2,0.0,624.0,long_m2
0.5B,gsm8k,gsm8k-0021,calib,long,4,0.0,624.0,long_m4
0.5B,gsm8k,gsm8k-0021,calib,debate,6,1.0,3630.0,debate_a3r2
0.5B,gsm8k,gsm8k-0022,calib,single,1,1.0,348.0,
0.5B,gsm8k,gsm8k-0022,calib,vote,4,0.5,1342.5,vote_k4
0.5B,gsm8k,gsm8k-0022,calib,oracle,4,1.0,1342.5,oracle_k4
0.5B,gsm8k,gsm8k-0022,calib,judge,4,1.0,2256.0,judge_k4
0.5B,gsm8k,gsm8k-0022,calib,vote,8,1.0,2731.0,vote_k8
0.5B,gsm8k,gsm8k-0022,calib,oracle,8,1.0,2731.0,oracle_k8
0.5B,gsm8k,gsm8k-0022,calib,judge,8,0.0,4458.0,judge_k8
0.5B,gsm8k,gsm8k-0022,calib,seq,1,1.0,348.0,seq_r1
0.5B,gsm8k,gsm8k-0022,calib,seq,2,1.0,993.0,seq_r2
0.5B,gsm8k,gsm8k-0022,calib,seq,3,0.0,1380.0,seq_r3
0.5B,gsm8k,gsm8k-0022,calib,seq,4,0.0,1784.0,seq_r4
0.5B,gsm8k,gsm8k-0022,calib,long,2,1.0,474.0,long_m2
0.5B,gsm8k,gsm8k-0022,calib,long,4,1.0,474.0,long_m4
0.5B,gsm8k,gsm8k-0022,calib,debate,6,0.0,2882.0,debate_a3r2
0.5B,gsm8k,gsm8k-0023,calib,single,1,0.0,256.0,
0.5B,gsm8k,gsm8k-0023,calib,vote,4,0.5,1257.5,vote_k4
0.5B,gsm8k,gsm8k-0023,calib,oracle,4,1.0,1257.5,oracle_k4
0.5B,gsm8k,gsm8k-0023,calib,judge,4,0.5,2186.5,judge_k4
0.5B,gsm8k,gsm8k-0023,calib,vote,8,0.0,2585.0,vote_k8
0.5B,gsm8k,gsm8k-0023,calib,oracle,8,1.0,2585.0,oracle_k8
0.5B,gsm8k,gsm8k-0023,calib,judge,8,0.0,4355.0,judge_k8
0.5B,gsm8k,gsm8k-0023,calib,seq,1,0.0,256.0,seq_r1
0.5B,gsm8k,gsm8k-0023,calib,seq,2,0.0,716.0,seq_r2
0.5B,gsm8k,gsm8k-0023,calib,seq,3,0.0,1176.0,seq_r3
0.5B,gsm8k,gsm8k-0023,calib,seq,4,0.0,1636.0,seq_r4
0.5B,gsm8k,gsm8k-0023,calib,long,2,0.0,331.0,long_m2
0.5B,gsm8k,gsm8k-0023,calib,long,4,0.0,331.0,long_m4
0.5B,gsm8k,gsm8k-0023,calib,debate,6,0.0,2190.0,debate_a3r2
0.5B,gsm8k,gsm8k-0024,calib,single,1,0.0,416.0,
0.5B,gsm8k,gsm8k-0024,calib,vote,4,0.5,1489.0,vote_k4
0.5B,gsm8k,gsm8k-0024,calib,oracle,4,0.5,1489.0,oracle_k4
0.5B,gsm8k,gsm8k-0024,calib,judge,4,0.0,2367.0,judge_k4
0.5B,gsm8k,gsm8k-0024,calib,vote,8,0.0,2897.0,vote_k8
0.5B,gsm8k,gsm8k-0024,calib,oracle,8,1.0,2897.0,oracle_k8
0.5B,gsm8k,gsm8k-0024,calib,judge,8,0.0,4535.0,judge_k8
0.5B,gsm8k,gsm8k-0024,calib,seq,1,0.0,416.0,seq_r1
0.5B,gsm8k,gsm8k-0024,calib,seq,2,0.0,1084.0,seq_r2
0.5B,gsm8k,gsm8k-0024,calib,seq,3,0.0,1652.0,seq_r3
0.5B,gsm8k,gsm8k-0024,calib,seq,4,0.0,2262.0,seq_r4
0.5B,gsm8k,gsm8k-0024,calib,long,2,0.0,484.0,long_m2
0.5B,gsm8k,gsm8k-0024,calib,long,4,0.0,484.0,long_m4
0.5B,gsm8k,gsm8k-0024,calib,debate,6,0.0,2542.0,debate_a3r2
0.5B,gsm8k,gsm8k-0025,calib,single,1,0.0,397.0,
0.5B,gsm8k,gsm8k-0025,calib,vote,4,0.0,1376.5,vote_k4
0.5B,gsm8k,gsm8k-0025,calib,oracle,4,0.0,1376.5,oracle_k4
0.5B,gsm8k,gsm8k-0025,calib,judge,4,0.0,2289.0,judge_k4
0.5B,gsm8k,gsm8k-0025,calib,vote,8,0.0,2628.0,vote_k8
0.5B,gsm8k,gsm8k-0025,calib,oracle,8,0.0,2628.0,oracle_k8
0.5B,gsm8k,gsm8k-0025,calib,judge,8,0.0,4320.0,judge_k8
0.5B,gsm8k,gsm8k-0025,calib,seq,1,0.0,397.0,seq_r1
0.5B,gsm8k,gsm8k-0025,calib,seq,2,0.0,1125.0,seq_r2
0.5B,gsm8k,gsm8k-0025,calib,seq,3,0.0,1862.0,seq_r3
0.5B,gsm8k,gsm8k-0025,calib,seq,4,0.0,2302.0,seq_r4
0.5B,gsm8k,gsm8k-0025,calib,long,2,0.0,539.0,long_m2
0.5B,gsm8k,gsm8k-0025,calib,long,4,0.0,539.0,long_m4
0.5B,gsm8k,gsm8k-0025,calib,debate,6,0.0,2307.0,debate_a3r2
0.5B,gsm8k,gsm8k-0026,calib,single,1,0.0,297.0,
0.5B,gsm8k,gsm8k-0026,calib,vote,4,0.5,1138.5,vote_k4
0.5B,gsm8k,gsm8k-0026,calib,oracle,4,1.0,1138.5,oracle_k4
0.5B,gsm8k,gsm8k-0026,calib,judge,4,0.0,2032.0,judge_k4
0.5B,gsm8k,gsm8k-0026,calib,vote,8,1.0,2428.0,vote_k8
0.5B,gsm8k,gsm8k-0026,calib,oracle,8,1.0,2428.0,oracle_k8
0.5B,gsm8k,gsm8k-0026,calib,judge,8,0.0,4096.0,judge_k8
0.5B,gsm8k,gsm8k-0026,calib,seq,1,0.0,297.0,seq_r1
0.5B,gsm8k,gsm8k-0026,calib,seq,2,1.0,878.0,seq_r2
0.5B,gsm8k,gsm8k-0026,calib,seq,3,1.0,1241.0,seq_r3
0.5B,gsm8k,gsm8k-0026,calib,seq,4,1.0,1563.0,seq_r4
0.5B,gsm8k,gsm8k-0026,calib,long,2,1.0,428.0,long_m2
0.5B,gsm8k,gsm8k-0026,calib,long,4,1.0,428.0,long_m4
0.5B,gsm8k,gsm8k-0026,calib,debate,6,0.0,2054.0,debate_a3r2
0.5B,gsm8k,gsm8k-0027,calib,single,1,0.0,437.0,
0.5B,gsm8k,gsm8k-0027,calib,vote,4,0.0,1748.0,vote_k4
0.5B,gsm8k,gsm8k-0027,calib,oracle,4,0.5,1748.0,oracle_k4
0.5B,gsm8k,gsm8k-0027,calib,judge,4,0.0,2746.0,judge_k4
0.5B,gsm8k,gsm8k-0027,calib,vote,8,0.0,3496.0,vote_k8
0.5B,gsm8k,gsm8k-0027,calib,oracle,8,1.0,3496.0,oracle_k8
0.5B,gsm8k,gsm8k-0027,calib,judge,8,0.0,5358.0,judge_k8
0.5B,gsm8k,gsm8k-0027,calib,seq,1,0.0,437.0,seq_r1
0.5B,gsm8k,gsm8k-0027,calib,seq,2,0.0,1225.0,seq_r2
0.5B,gsm8k,gsm8k-0027,calib,seq,3,0.0,1717.0,seq_r3
0.5B,gsm8k,gsm8k-0027,calib,seq,4,0.0,2111.0,seq_r4
0.5B,gsm8k,gsm8k-0027,calib,long,2,0.0,510.0,long_m2
0.5B,gsm8k,gsm8k-0027,calib,long,4,0.0,510.0,long_m4
0.5B,gsm8k,gsm8k-0027,calib,debate,6,0.0,3206.0,debate_a3r2
0.5B,gsm8k,gsm8k-0028,calib,single,1,1.0,312.0,
0.5B,gsm8k,gsm8k-0028,calib,vote,4,1.0,1413.5,vote_k4
0.5B,gsm8k,gsm8k-0028,calib,oracle,4,1.0,1413.5,oracle_k4
0.5B,gsm8k,gsm8k-0028,calib,judge,4,0.5,2238.0,judge_k4
0.5B,gsm8k,gsm8k-0028,calib,vote,8,1.0,2939.0,vote_k8
0.5B,gsm8k,gsm8k-0028,calib,oracle,8,1.0,2939.0,oracle_k8
0.5B,gsm8k,gsm8k-0028,calib,judge,8,1.0,4444.0,judge_k8
0.5B,gsm8k,gsm8k-0028,calib,seq,1,1.0,312.0,seq_r1
0.5B,gsm8k,gsm8k-0028,calib,seq,2,1.0,668.0,seq_r2
0.5B,gsm8k,gsm8k-0028,calib,seq,3,0.0,1079.0,seq_r3
0.5B,gsm8k,gsm8k-0028,calib,seq,4,0.0,1631.0,seq_r4
0.5B,gsm8k,gsm8k-0028,calib,long,2,0.0,622.0,long_m2
0.5B,gsm8k,gsm8k-0028,calib,long,4,0.0,622.0,long_m4
0.5B,gsm8k,gsm8k-0028,calib,debate,6,0.0,2066.0,debate_a3r2
0.5B,gsm8k,gsm8k-0029,calib,single,1,0.0,442.0,
0.5B,gsm8k,gsm8k-0029,calib,vote,4,0.0,1768.0,vote_k4
0.5B,gsm8k,gsm8k-0029,calib,oracle,4,0.0,1768.0,oracle_k4
0.5B,gsm8k,gsm8k-0029,calib,judge,4,0.0,2831.0,judge_k4
0.5B,gsm8k,gsm8k-0029,calib,vote,8,0.0,3536.0,vote_k8
0.5B,gsm8k,gsm8k-0029,calib,oracle,8,0.0,3536.0,oracle_k8
0.5B,gsm8k,gsm8k-0029,calib,judge,8,0.0,5477.0,judge_k8
0.5B,gsm8k,gsm8k-0029,calib,seq,1,0.0,442.0,seq_r1
0.5B,gsm8k,gsm8k-0029,calib,seq,2,0.0,1235.0,seq_r2
0.5B,gsm8k,gsm8k-0029,calib,seq,3,0.0,2028.0,seq_r3
0.5B,gsm8k,gsm8k-0029,calib,seq,4,0.0,2821.0,seq_r4
0.5B,gsm8k,gsm8k-0029,calib,long,2,0.0,573.0,long_m2
0.5B,gsm8k,gsm8k-0029,calib,long,4,0.0,573.0,long_m4
0.5B,gsm8k,gsm8k-0029,calib,debate,6,0.0,2864.0,debate_a3r2
0.5B,gsm8k,gsm8k-0030,test,single,1,0.0,405.0,
0.5B,gsm8k,gsm8k-0030,test,vote,4,0.5,1599.5,vote_k4
0.5B,gsm8k,gsm8k-0030,test,oracle,4,1.0,1599.5,oracle_k4
0.5B,gsm8k,gsm8k-0030,test,judge,4,0.5,2514.0,judge_k4
0.5B,gsm8k,gsm8k-0030,test,vote,8,1.0,3199.0,vote_k8
0.5B,gsm8k,gsm8k-0030,test,oracle,8,1.0,3199.0,oracle_k8
0.5B,gsm8k,gsm8k-0030,test,judge,8,0.0,4919.0,judge_k8
0.5B,gsm8k,gsm8k-0030,test,seq,1,0.0,405.0,seq_r1
0.5B,gsm8k,gsm8k-0030,test,seq,2,0.0,1161.0,seq_r2
0.5B,gsm8k,gsm8k-0030,test,seq,3,0.0,1916.0,seq_r3
0.5B,gsm8k,gsm8k-0030,test,seq,4,0.0,2671.0,seq_r4
0.5B,gsm8k,gsm8k-0030,test,long,2,1.0,591.0,long_m2
0.5B,gsm8k,gsm8k-0030,test,long,4,1.0,591.0,long_m4
0.5B,gsm8k,gsm8k-0030,test,debate,6,0.0,3253.0,debate_a3r2
0.5B,gsm8k,gsm8k-0031,test,single,1,1.0,227.0,
0.5B,gsm8k,gsm8k-0031,test,vote,4,0.0,785.0,vote_k4
0.5B,gsm8k,gsm8k-0031,test,oracle,4,1.0,785.0,oracle_k4
0.5B,gsm8k,gsm8k-0031,test,judge,4,0.0,1394.0,judge_k4
0.5B,gsm8k,gsm8k-0031,test,vote,8,0.0,1556.0,vote_k8
0.5B,gsm8k,gsm8k-0031,test,oracle,8,1.0,1556.0,oracle_k8
0.5B,gsm8k,gsm8k-0031,test,judge,8,1.0,2659.0,judge_k8
0.5B,gsm8k,gsm8k-0031,test,seq,1,1.0,227.0,seq_r1
0.5B,gsm8k,gsm8k-0031,test,seq,2,1.0,489.0,seq_r2
0.5B,gsm8k,gsm8k-0031,test,seq,3,0.0,755.0,seq_r3
0.5B,gsm8k,gsm8k-0031,test,seq,4,0.0,1177.0,seq_r4
0.5B,gsm8k,gsm8k-0031,test,long,2,0.0,247.0,long_m2
0.5B,gsm8k,gsm8k-0031,test,long,4,0.0,247.0,long_m4
0.5B,gsm8k,gsm8k-0031,test,debate,6,0.0,1601.0,debate_a3r2
0.5B,gsm8k,gsm8k-0032,test,single,1,0.0,253.0,
0.5B,gsm8k,gsm8k-0032,test,vote,4,0.0,1282.5,vote_k4
0.5B,gsm8k,gsm8k-0032,test,oracle,4,1.0,1282.5,oracle_k4
0.5B,gsm8k,gsm8k-0032,test,judge,4,0.5,2206.5,judge_k4
0.5B,gsm8k,gsm8k-0032,test,vote,8,0.0,2721.0,vote_k8
0.5B,gsm8k,gsm8k-0032,test,oracle,8,1.0,2721.0,oracle_k8
0.5B,gsm8k,gsm8k-0032,test,judge,8,0.0,4510.0,judge_k8
0.5B,gsm8k,gsm8k-0032,test,seq,1,0.0,253.0,seq_r1
0.5B,gsm8k,gsm8k-0032,test,seq,2,0.0,696.0,seq_r2
0.5B,gsm8k,gsm8k-0032,test,seq,3,1.0,1103.0,seq_r3
0.5B,gsm8k,gsm8k-0032,test,seq,4,0.0,1554.0,seq_r4
0.5B,gsm8k,gsm8k-0032,test,long,2,0.0,388.0,long_m2
0.5B,gsm8k,gsm8k-0032,test,long,4,0.0,388.0,long_m4
0.5B,gsm8k,gsm8k-0032,test,debate,6,0.0,2346.0,debate_a3r2
0.5B,gsm8k,gsm8k-0033,test,single,1,0.0,441.0,
0.5B,gsm8k,gsm8k-0033,test,vote,4,0.0,1764.0,vote_k4
0.5B,gsm8k,gsm8k-0033,test,oracle,4,0.0,1764.0,oracle_k4
0.5B,gsm8k,gsm8k-0033,test,judge,4,0.0,2664.0,judge_k4
0.5B,gsm8k,gsm8k-0033,test,vote,8,0.0,3528.0,vote_k8
0.5B,gsm8k,gsm8k-0033,test,oracle,8,0.0,3528.0,oracle_k8
0.5B,gsm8k,gsm8k-0033,test,judge,8,0.0,5187.0,judge_k8
0.5B,gsm8k,gsm8k-0033,test,seq,1,0.0,441.0,seq_r1
0.5B,gsm8k,gsm8k-0033,test,seq,2,0.0,1233.0,seq_r2
0.5B,gsm8k,gsm8k-0033,test,seq,3,0.0,2024.0,seq_r3
0.5B,gsm8k,gsm8k-0033,test,seq,4,0.0,2815.0,seq_r4
0.5B,gsm8k,gsm8k-0033,test,long,2,0.0,546.0,long_m2
0.5B,gsm8k,gsm8k-0033,test,long,4,0.0,546.0,long_m4
0.5B,gsm8k,gsm8k-0033,test,debate,6,0.0,3241.0,debate_a3r2
0.5B,gsm8k,gsm8k-0034,test,single,1,0.0,349.0,
0.5B,gsm8k,gsm8k-0034,test,vote,4,0.0,1530.5,vote_k4
0.5B,gsm8k,gsm8k-0034,test,oracle,4,0.0,1530.5,oracle_k4
0.5B,gsm8k,gsm8k-0034,test,judge,4,0.0,2590.5,judge_k4
0.5B,gsm8k,gsm8k-0034,test,vote,8,0.0,3112.0,vote_k8
0.5B,gsm8k,gsm8k-0034,test,oracle,8,0.0,3112.0,oracle_k8
0.5B,gsm8k,gsm8k-0034,test,judge,8,0.0,5154.0,judge_k8
0.5B,gsm8k,gsm8k-0034,test,seq,1,0.0,349.0,seq_r1
0.5B,gsm8k,gsm8k-0034,test,seq,2,0.0,984.0,seq_r2
0.5B,gsm8k,gsm8k-0034,test,seq,3,0.0,1517.0,seq_r3
0.5B,gsm8k,gsm8k-0034,test,seq,4,0.0,1961.0,seq_r4
0.5B,gsm8k,gsm8k-0034,test,long,2,0.0,477.0,long_m2
0.5B,gsm8k,gsm8k-0034,test,long,4,0.0,477.0,long_m4
0.5B,gsm8k,gsm8k-0034,test,debate,6,0.0,2678.0,debate_a3r2
0.5B,gsm8k,gsm8k-0035,test,single,1,0.0,269.0,
0.5B,gsm8k,gsm8k-0035,test,vote,4,0.0,1015.5,vote_k4
0.5B,gsm8k,gsm8k-0035,test,oracle,4,0.5,1015.5,oracle_k4
0.5B,gsm8k,gsm8k-0035,test,judge,4,0.0,1840.5,judge_k4
0.5B,gsm8k,gsm8k-0035,test,vote,8,0.0,1999.0,vote_k8
0.5B,gsm8k,gsm8k-0035,test,oracle,8,1.0,1999.0,oracle_k8
0.5B,gsm8k,gsm8k-0035,test,judge,8,0.0,3505.0,judge_k8
0.5B,gsm8k,gsm8k-0035,test,seq,1,0.0,269.0,seq_r1
0.5B,gsm8k,gsm8k-0035,test,seq,2,0.0,741.0,seq_r2
0.5B,gsm8k,gsm8k-0035,test,seq,3,0.0,1266.0,seq_r3
0.5B,gsm8k,gsm8k-0035,test,seq,4,0.0,1860.0,seq_r4
0.5B,gsm8k,gsm8k-0035,test,long,2,0.0,391.0,long_m2
0.5B,gsm8k,gsm8k-0035,test,long,4,0.0,391.0,long_m4
0.5B,gsm8k,gsm8k-0035,test,debate,6,0.0,2031.0,debate_a3r2
0.5B,gsm8k,gsm8k-0036,test,single,1,0.0,449.0,
0.5B,gsm8k,gsm8k-0036,test,vote,4,0.0,1835.0,vote_k4
0.5B,gsm8k,gsm8k-0036,test,oracle,4,0.0,1835.0,oracle_k4
0.5B,gsm8k,gsm8k-0036,test,judge,4,0.0,2758.0,judge_k4
0.5B,gsm8k,gsm8k-0036,test,vote,8,0.0,3683.0,vote_k8
0.5B,gsm8k,gsm8k-0036,test,oracle,8,0.0,3683.0,oracle_k8
0.5B,gsm8k,gsm8k-0036,test,judge,8,0.0,5371.0,judge_k8
0.5B,gsm8k,gsm8k-0036,test,seq,1,0.0,449.0,seq_r1
0.5B,gsm8k,gsm8k-0036,test,seq,2,0.0,1248.0,seq_r2
0.5B,gsm8k,gsm8k-0036,test,seq,3,0.0,2060.0,seq_r3
0.5B,gsm8k,gsm8k-0036,test,seq,4,0.0,2872.0,seq_r4
0.5B,gsm8k,gsm8k-0036,test,long,2,0.0,571.0,long_m2
0.5B,gsm8k,gsm8k-0036,test,long,4,0.0,571.0,long_m4
0.5B,gsm8k,gsm8k-0036,test,debate,6,0.0,3590.0,debate_a3r2
0.5B,gsm8k,gsm8k-0037,test,single,1,0.0,240.0,
0.5B,gsm8k,gsm8k-0037,test,vote,4,0.0,1287.0,vote_k4
0.5B,gsm8k,gsm8k-0037,test,oracle,4,1.0,1287.0,oracle_k4
0.5B,gsm8k,gsm8k-0037,test,judge,4,0.0,2212.5,judge_k4
0.5B,gsm8k,gsm8k-0037,test,vote,8,0.0,2765.0,vote_k8
0.5B,gsm8k,gsm8k-0037,test,oracle,8,1.0,2765.0,oracle_k8
0.5B,gsm8k,gsm8k-0037,test,judge,8,0.0,4517.0,judge_k8
0.5B,gsm8k,gsm8k-0037,test,seq,1,0.0,240.0,seq_r1
0.5B,gsm8k,gsm8k-0037,test,seq,2,0.0,690.0,seq_r2
0.5B,gsm8k,gsm8k-0037,test,seq,3,0.0,1168.0,seq_r3
0.5B,gsm8k,gsm8k-0037,test,seq,4,0.0,1646.0,seq_r4
0.5B,gsm8k,gsm8k-0037,test,long,2,0.0,423.0,long_m2
0.5B,gsm8k,gsm8k-0037,test,long,4,0.0,423.0,long_m4
0.5B,gsm8k,gsm8k-0037,test,debate,6,1.0,2497.0,debate_a3r2
0.5B,gsm8k,gsm8k-0038,test,single,1,1.0,124.0,
0.5B,gsm8k,gsm8k-0038,test,vote,4,1.0,558.0,vote_k4
0.5B,gsm8k,gsm8k-0038,test,oracle,4,1.0,558.0,oracle_k4
0.5B,gsm8k,gsm8k-0038,test,judge,4,0.5,979.0,judge_k4
0.5B,gsm8k,gsm8k-0038,test,vote,8,1.0,1291.0,vote_k8
0.5B,gsm8k,gsm8k-0038,test,oracle,8,1.0,1291.0,oracle_k8
0.5B,gsm8k,gsm8k-0038,test,judge,8,1.0,2215.0,judge_k8
0.5B,gsm8k,gsm8k-0038,test,seq,1,1.0,124.0,seq_r1
0.5B,gsm8k,gsm8k-0038,test,seq,2,0.0,466.0,seq_r2
0.5B,gsm8k,gsm8k-0038,test,seq,3,0.0,749.0,seq_r3
0.5B,gsm8k,gsm8k-0038,test,seq,4,1.0,1061.0,seq_r4
0.5B,gsm8k,gsm8k-0038,test,long,2,1.0,275.0,long_m2
0.5B,gsm8k,gsm8k-0038,test,long,4,1.0,275.0,long_m4
0.5B,gsm8k,gsm8k-0038,test,debate,6,1.0,1404.0,debate_a3r2
0.5B,gsm8k,gsm8k-0039,test,single,1,0.0,319.0,
0.5B,gsm8k,gsm8k-0039,test,vote,4,0.0,1483.5,vote_k4
0.5B,gsm8k,gsm8k-0039,test,oracle,4,0.0,1483.5,oracle_k4
0.5B,gsm8k,gsm8k-0039,test,judge,4,0.0,2309.0,judge_k4
0.5B,gsm8k,gsm8k-0039,test,vote,8,0.0,3034.0,vote_k8
0.5B,gsm8k,gsm8k-0039,test,oracle,8,0.0,3034.0,oracle_k8
0.5B,gsm8k,gsm8k-0039,test,judge,8,0.0,4577.0,judge_k8
0.5B,gsm8k,gsm8k-0039,test,seq,1,0.0,319.0,seq_r1
0.5B,gsm8k,gsm8k-0039,test,seq,2,0.0,907.0,seq_r2
0.5B,gsm8k,gsm8k-0039,test,seq,3,0.0,1515.0,seq_r3
0.5B,gsm8k,gsm8k-0039,test,seq,4,0.0,2136.0,seq_r4
0.5B,gsm8k,gsm8k-0039,test,long,2,0.0,749.0,long_m2
0.5B,gsm8k,gsm8k-0039,test,long,4,0.0,749.0,long_m4
0.5B,gsm8k,gsm8k-0039,test,debate,6,0.0,2808.0,debate_a3r2
0.5B,gsm8k,gsm8k-0040,test,single,1,1.0,246.0,
0.5B,gsm8k,gsm8k-0040,test,vote,4,1.0,1103.0,vote_k4
0.5B,gsm8k,gsm8k-0040,test,oracle,4,1.0,1103.0,oracle_k4
0.5B,gsm8k,gsm8k-0040,test,judge,4,1.0,1941.0,judge_k4
0.5B,gsm8k,gsm8k-0040,test,vote,8,1.0,2309.0,vote_k8
0.5B,gsm8k,gsm8k-0040,test,oracle,8,1.0,2309.0,oracle_k8
0.5B,gsm8k,gsm8k-0040,test,judge,8,1.0,3940.0,judge_k8
0.5B,gsm8k,gsm8k-0040,test,seq,1,1.0,246.0,seq_r1
0.5B,gsm8k,gsm8k-0040,test,seq,2,1.0,722.0,seq_r2
0.5B,gsm8k,gsm8k-0040,test,seq,3,1.0,1256.0,seq_r3
0.5B,gsm8k,gsm8k-0040,test,seq,4,1.0,1776.0,seq_r4
0.5B,gsm8k,gsm8k-0040,test,long,2,1.0,416.0,long_m2
0.5B,gsm8k,gsm8k-0040,test,long,4,1.0,416.0,long_m4
0.5B,gsm8k,gsm8k-0040,test,debate,6,1.0,2190.0,debate_a3r2
0.5B,gsm8k,gsm8k-0041,test,single,1,0.0,423.0,
0.5B,gsm8k,gsm8k-0041,test,vote,4,0.0,1687.5,vote_k4
0.5B,gsm8k,gsm8k-0041,test,oracle,4,0.5,1687.5,oracle_k4
0.5B,gsm8k,gsm8k-0041,test,judge,4,0.0,2555.0,judge_k4
0.5B,gsm8k,gsm8k-0041,test,vote,8,0.0,3301.0,vote_k8
0.5B,gsm8k,gsm8k-0041,test,oracle,8,1.0,3301.0,oracle_k8
0.5B,gsm8k,gsm8k-0041,test,judge,8,0.0,4918.0,judge_k8
0.5B,gsm8k,gsm8k-0041,test,seq,1,0.0,423.0,seq_r1
0.5B,gsm8k,gsm8k-0041,test,seq,2,1.0,1094.0,seq_r2
0.5B,gsm8k,gsm8k-0041,test,seq,3,1.0,1678.0,seq_r3
0.5B,gsm8k,gsm8k-0041,test,seq,4,1.0,2255.0,seq_r4
0.5B,gsm8k,gsm8k-0041,test,long,2,0.0,524.0,long_m2
0.5B,gsm8k,gsm8k-0041,test,long,4,0.0,524.0,long_m4
0.5B,gsm8k,gsm8k-0041,test,debate,6,0.0,3022.0,debate_a3r2
0.5B,gsm8k,gsm8k-0042,test,single,1,1.0,207.0,
0.5B,gsm8k,gsm8k-0042,test,vote,4,0.5,1372.5,vote_k4
0.5B,gsm8k,gsm8k-0042,test,oracle,4,1.0,1372.5,oracle_k4
0.5B,gsm8k,gsm8k-0042,test,judge,4,0.0,2215.0,judge_k4
0.5B,gsm8k,gsm8k-0042,test,vote,8,1.0,2938.0,vote_k8
0.5B,gsm8k,gsm8k-0042,test,oracle,8,1.0,2938.0,oracle_k8
0.5B,gsm8k,gsm8k-0042,test,judge,8,1.0,4556.0,judge_k8
0.5B,gsm8k,gsm8k-0042,test,seq,1,1.0,207.0,seq_r1
0.5B,gsm8k,gsm8k-0042,test,seq,2,1.0,552.0,seq_r2
0.5B,gsm8k,gsm8k-0042,test,seq,3,0.0,1047.0,seq_r3
0.5B,gsm8k,gsm8k-0042,test,seq,4,0.0,1441.0,seq_r4
0.5B,gsm8k,gsm8k-0042,test,long,2,0.0,625.0,long_m2
0.5B,gsm8k,gsm8k-0042,test,long,4,0.0,625.0,long_m4
0.5B,gsm8k,gsm8k-0042,test,debate,6,0.0,2186.0,debate_a3r2
0.5B,gsm8k,gsm8k-0043,test,single,1,0.0,349.0,
0.5B,gsm8k,gsm8k-0043,test,vote,4,1.0,1192.0,vote_k4
0.5B,gsm8k,gsm8k-0043,test,oracle,4,1.0,1192.0,oracle_k4
0.5B,gsm8k,gsm8k-0043,test,judge,4,0.5,2181.5,judge_k4
0.5B,gsm8k,gsm8k-0043,test,vote,8,1.0,2175.0,vote_k8
0.5B,gsm8k,gsm8k-0043,test,oracle,8,1.0,2175.0,oracle_k8
0.5B,gsm8k,gsm8k-0043,test,judge,8,0.0,3872.0,judge_k8
0.5B,gsm8k,gsm8k-0043,test,seq,1,0.0,349.0,seq_r1
0.5B,gsm8k,gsm8k-0043,test,seq,2,0.0,1005.0,seq_r2
0.5B,gsm8k,gsm8k-0043,test,seq,3,0.0,1662.0,seq_r3
0.5B,gsm8k,gsm8k-0043,test,seq,4,0.0,2320.0,seq_r4
0.5B,gsm8k,gsm8k-0043,test,long,2,1.0,330.0,long_m2
0.5B,gsm8k,gsm8k-0043,test,long,4,1.0,330.0,long_m4
0.5B,gsm8k,gsm8k-0043,test,debate,6,0.0,2161.0,debate_a3r2
0.5B,gsm8k,gsm8k-0044,test,single,1,0.0,331.0,
0.5B,gsm8k,gsm8k-0044,test,vote,4,1.0,1297.5,vote_k4
0.5B,gsm8k,gsm8k-0044,test,oracle,4,1.0,1297.5,oracle_k4
0.5B,gsm8k,gsm8k-0044,test,judge,4,0.5,2221.0,judge_k4
0.5B,gsm8k,gsm8k-0044,test,vote,8,1.0,2707.0,vote_k8
0.5B,gsm8k,gsm8k-0044,test,oracle,8,1.0,2707.0,oracle_k8
0.5B,gsm8k,gsm8k-0044,test,judge,8,0.0,4461.0,judge_k8
0.5B,gsm8k,gsm8k-0044,test,seq,1,0.0,331.0,seq_r1
0.5B,gsm8k,gsm8k-0044,test,seq,2,0.0,1012.0,seq_r2
0.5B,gsm8k,gsm8k-0044,test,seq,3,0.0,1452.0,seq_r3
0.5B,gsm8k,gsm8k-0044,test,seq,4,0.0,1892.0,seq_r4
0.5B,gsm8k,gsm8k-0044,test,long,2,1.0,459.0,long_m2
0.5B,gsm8k,gsm8k-0044,test,long,4,1.0,459.0,long_m4
0.5B,gsm8k,gsm8k-0044,test,debate,6,0.0,2240.0,debate_a3r2
0.5B,gsm8k,gsm8k-0045,test,single,1,0.0,348.0,
0.5B,gsm8k,gsm8k-0045,test,vote,4,0.5,1517.5,vote_k4
0.5B,gsm8k,gsm8k-0045,test,oracle,4,0.5,1517.5,oracle_k4
0.5B,gsm8k,gsm8k-0045,test,judge,4,0.5,2432.0,judge_k4
0.5B,gsm8k,gsm8k-0045,test,vote,8,0.0,3191.0,vote_k8
0.5B,gsm8k,gsm8k-0045,test,oracle,8,1.0,3191.0,oracle_k8
0.5B,gsm8k,gsm8k-0045,test,judge,8,0.0,4811.0,judge_k8
0.5B,gsm8k,gsm8k-0045,test,seq,1,0.0,348.0,seq_r1
0.5B,gsm8k,gsm8k-0045,test,seq,2,0.0,1047.0,seq_r2
0.5B,gsm8k,gsm8k-0045,test,seq,3,0.0,1859.0,seq_r3
0.5B,gsm8k,gsm8k-0045,test,seq,4,0.0,2671.0,seq_r4
0.5B,gsm8k,gsm8k-0045,test,long,2,0.0,577.0,long_m2
0.5B,gsm8k,gsm8k-0045,test,long,4,0.0,577.0,long_m4
0.5B,gsm8k,gsm8k-0045,test,debate,6,0.0,3017.0,debate_a3r2
0.5B,gsm8k,gsm8k-0046,test,single,1,0.0,252.0,
0.5B,gsm8k,gsm8k-0046,test,vote,4,1.0,1076.5,vote_k4
0.5B,gsm8k,gsm8k-0046,test,oracle,4,1.0,1076.5,oracle_k4
0.5B,gsm8k,gsm8k-0046,test,judge,4,1.0,1924.5,judge_k4
0.5B,gsm8k,gsm8k-0046,test,vote,8,1.0,1995.0,vote_k8
0.5B,gsm8k,gsm8k-0046,test,oracle,8,1.0,1995.0,oracle_k8
0.5B,gsm8k,gsm8k-0046,test,judge,8,0.0,3451.0,judge_k8
0.5B,gsm8k,gsm8k-0046,test,seq,1,0.0,252.0,seq_r1
0.5B,gsm8k,gsm8k-0046,test,seq,2,0.0,718.0,seq_r2
0.5B,gsm8k,gsm8k-0046,test,seq,3,0.0,1197.0,seq_r3
0.5B,gsm8k,gsm8k-0046,test,seq,4,0.0,1685.0,seq_r4
0.5B,gsm8k,gsm8k-0046,test,long,2,1.0,303.0,long_m2
0.5B,gsm8k,gsm8k-0046,test,long,4,1.0,303.0,long_m4
0.5B,gsm8k,gsm8k-0046,test,debate,6,1.0,1846.0,debate_a3r2
0.5B,gsm8k,gsm8k-0047,test,single,1,0.0,484.0,
0.5B,gsm8k,gsm8k-0047,test,vote,4,0.0,1808.0,vote_k4
0.5B,gsm8k,gsm8k-0047,test,oracle,4,0.0,1808.0,oracle_k4
0.5B,gsm8k,gsm8k-0047,test,judge,4,0.0,2765.5,judge_k4
0.5B,gsm8k,gsm8k-0047,test,vote,8,0.0,3665.0,vote_k8
0.5B,gsm8k,gsm8k-0047,test,oracle,8,0.0,3665.0,oracle_k8
0.5B,gsm8k,gsm8k-0047,test,judge,8,0.0,5404.0,judge_k8
0.5B,gsm8k,gsm8k-0047,test,seq,1,0.0,484.0,seq_r1
0.5B,gsm8k,gsm8k-0047,test,seq,2,0.0,1315.0,seq_r2
0.5B,gsm8k,gsm8k-0047,test,seq,3,0.0,2149.0,seq_r3
0.5B,gsm8k,gsm8k-0047,test,seq,4,0.0,2981.0,seq_r4
0.5B,gsm8k,gsm8k-0047,test,long,2,0.0,486.0,long_m2
0.5B,gsm8k,gsm8k-0047,test,long,4,0.0,486.0,long_m4
0.5B,gsm8k,gsm8k-0047,test,debate,6,0.0,3240.0,debate_a3r2
0.5B,gsm8k,gsm8k-0048,test,single,1,0.0,356.0,
0.5B,gsm8k,gsm8k-0048,test,vote,4,0.0,1579.0,vote_k4
0.5B,gsm8k,gsm8k-0048,test,oracle,4,0.0,1579.0,oracle_k4
0.5B,gsm8k,gsm8k-0048,test,judge,4,0.0,2564.0,judge_k4
0.5B,gsm8k,gsm8k-0048,test,vote,8,0.0,3157.0,vote_k8
0.5B,gsm8k,gsm8k-0048,test,oracle,8,0.0,3157.0,oracle_k8
0.5B,gsm8k,gsm8k-0048,test,judge,8,0.0,4985.0,judge_k8
0.5B,gsm8k,gsm8k-0048,test,seq,1,0.0,356.0,seq_r1
0.5B,gsm8k,gsm8k-0048,test,seq,2,0.0,1062.0,seq_r2
0.5B,gsm8k,gsm8k-0048,test,seq,3,0.0,1718.0,seq_r3
0.5B,gsm8k,gsm8k-0048,test,seq,4,0.0,2267.0,seq_r4
0.5B,gsm8k,gsm8k-0048,test,long,2,0.0,430.0,long_m2
0.5B,gsm8k,gsm8k-0048,test,long,4,0.0,430.0,long_m4
0.5B,gsm8k,gsm8k-0048,test,debate,6,0.0,2978.0,debate_a3r2
0.5B,gsm8k,gsm8k-0049,test,single,1,1.0,359.0,
0.5B,gsm8k,gsm8k-0049,test,vote,4,0.5,1262.0,vote_k4
0.5B,gsm8k,gsm8k-0049,test,oracle,4,1.0,1262.0,oracle_k4
0.5B,gsm8k,gsm8k-0049,test,judge,4,0.5,2185.5,judge_k4
0.5B,gsm8k,gsm8k-0049,test,vote,8,1.0,2406.0,vote_k8
0.5B,gsm8k,gsm8k-0049,test,oracle,8,1.0,2406.0,oracle_k8
0.5B,gsm8k,gsm8k-0049,test,judge,8,1.0,4100.0,judge_k8
0.5B,gsm8k,gsm8k-0049,test,seq,1,1.0,359.0,seq_r1
0.5B,gsm8k,gsm8k-0049,test,seq,2,1.0,1023.0,seq_r2
0.5B,gsm8k,gsm8k-0049,test,seq,3,1.0,1694.0,seq_r3
0.5B,gsm8k,gsm8k-0049,test,seq,4,1.0,2253.0,seq_r4
0.5B,gsm8k,gsm8k-0049,test,long,2,1.0,432.0,long_m2
0.5B,gsm8k,gsm8k-0049,test,long,4,1.0,432.0,long_m4
0.5B,gsm8k,gsm8k-0049,test,debate,6,1.0,2353.0,debate_a3r2
0.5B,gsm8k,gsm8k-0050,test,single,1,1.0,246.0,
0.5B,gsm8k,gsm8k-0050,test,vote,4,1.0,1169.5,vote_k4
0.5B,gsm8k,gsm8k-0050,test,oracle,4,1.0,1169.5,oracle_k4
0.5B,gsm8k,gsm8k-0050,test,judge,4,1.0,2044.0,judge_k4
0.5B,gsm8k,gsm8k-0050,test,vote,8,1.0,2311.0,vote_k8
0.5B,gsm8k,gsm8k-0050,test,oracle,8,1.0,2311.0,oracle_k8
0.5B,gsm8k,gsm8k-0050,test,judge,8,1.0,3963.0,judge_k8
0.5B,gsm8k,gsm8k-0050,test,seq,1,1.0,246.0,seq_r1
0.5B,gsm8k,gsm8k-0050,test,seq,2,1.0,527.0,seq_r2
0.5B,gsm8k,gsm8k-0050,test,seq,3,0.0,967.0,seq_r3
0.5B,gsm8k,gsm8k-0050,test,seq,4,0.0,1721.0,seq_r4
0.5B,gsm8k,gsm8k-0050,test,long,2,1.0,387.0,long_m2
0.5B,gsm8k,gsm8k-0050,test,long,4,1.0,387.0,long_m4
0.5B,gsm8k,gsm8k-0050,test,debate,6,1.0,2572.0,debate_a3r2
0.5B,gsm8k,gsm8k-0051,test,single,1,0.0,382.0,
0.5B,gsm8k,gsm8k-0051,test,vote,4,0.0,1573.0,vote_k4
0.5B,gsm8k,gsm8k-0051,test,oracle,4,0.0,1573.0,oracle_k4
0.5B,gsm8k,gsm8k-0051,test,judge,4,0.0,2593.0,judge_k4
0.5B,gsm8k,gsm8k-0051,test,vote,8,0.0,3099.0,vote_k8
0.5B,gsm8k,gsm8k-0051,test,oracle,8,1.0,3099.0,oracle_k8
0.5B,gsm8k,gsm8k-0051,test,judge,8,0.0,4936.0,judge_k8
0.5B,gsm8k,gsm8k-0051,test,seq,1,0.0,382.0,seq_r1
0.5B,gsm8k,gsm8k-0051,test,seq,2,0.0,1071.0,seq_r2
0.5B,gsm8k,gsm8k-0051,test,seq,3,0.0,1767.0,seq_r3
0.5B,gsm8k,gsm8k-0051,test,seq,4,0.0,2462.0,seq_r4
0.5B,gsm8k,gsm8k-0051,test,long,2,0.0,427.0,long_m2
0.5B,gsm8k,gsm8k-0051,test,long,4,0.0,427.0,long_m4
0.5B,gsm8k,gsm8k-0051,test,debate,6,0.0,2644.0,debate_a3r2
0.5B,gsm8k,gsm8k-0052,test,single,1,0.0,302.0,
0.5B,gsm8k,gsm8k-0052,test,vote,4,0.0,1323.0,vote_k4
0.5B,gsm8k,gsm8k-0052,test,oracle,4,0.0,1323.0,oracle_k4
0.5B,gsm8k,gsm8k-0052,test,judge,4,0.0,2222.0,judge_k4
0.5B,gsm8k,gsm8k-0052,test,vote,8,0.0,2436.0,vote_k8
0.5B,gsm8k,gsm8k-0052,test,oracle,8,0.0,2436.0,oracle_k8
0.5B,gsm8k,gsm8k-0052,test,judge,8,0.0,3929.0,judge_k8
0.5B,gsm8k,gsm8k-0052,test,seq,1,0.0,302.0,seq_r1
0.5B,gsm8k,gsm8k-0052,test,seq,2,0.0,875.0,seq_r2
0.5B,gsm8k,gsm8k-0052,test,seq,3,0.0,1451.0,seq_r3
0.5B,gsm8k,gsm8k-0052,test,seq,4,0.0,2001.0,seq_r4
0.5B,gsm8k,gsm8k-0052,test,long,2,0.0,537.0,long_m2
0.5B,gsm8k,gsm8k-0052,test,long,4,0.0,537.0,long_m4
0.5B,gsm8k,gsm8k-0052,test,debate,6,0.0,2082.0,debate_a3r2
0.5B,gsm8k,gsm8k-0053,test,single,1,0.0,471.0,
0.5B,gsm8k,gsm8k-0053,test,vote,4,0.0,1884.0,vote_k4
0.5B,gsm8k,gsm8k-0053,test,oracle,4,0.0,1884.0,oracle_k4
0.5B,gsm8k,gsm8k-0053,test,judge,4,0.0,3056.5,judge_k4
0.5B,gsm8k,gsm8k-0053,test,vote,8,0.0,3768.0,vote_k8
0.5B,gsm8k,gsm8k-0053,test,oracle,8,0.0,3768.0,oracle_k8
0.5B,gsm8k,gsm8k-0053,test,judge,8,0.0,5887.0,judge_k8
0.5B,gsm8k,gsm8k-0053,test,seq,1,0.0,471.0,seq_r1
0.5B,gsm8k,gsm8k-0053,test,seq,2,0.0,1293.0,seq_r2
0.5B,gsm8k,gsm8k-0053,test,seq,3,0.0,2104.0,seq_r3
0.5B,gsm8k,gsm8k-0053,test,seq,4,0.0,2915.0,seq_r4
0.5B,gsm8k,gsm8k-0053,test,long,2,0.0,823.0,long_m2
0.5B,gsm8k,gsm8k-0053,test,long,4,0.0,879.0,long_m4
0.5B,gsm8k,gsm8k-0053,test,debate,6,0.0,3792.0,debate_a3r2
0.5B,gsm8k,gsm8k-0054,test,single,1,1.0,390.0,
0.5B,gsm8k,gsm8k-0054,test,vote,4,0.5,1284.5,vote_k4
0.5B,gsm8k,gsm8k-0054,test,oracle,4,1.0,1284.5,oracle_k4
0.5B,gsm8k,gsm8k-0054,test,judge,4,0.0,2210.5,judge_k4
0.5B,gsm8k,gsm8k-0054,test,vote,8,1.0,2584.0,vote_k8
0.5B,gsm8k,gsm8k-0054,test,oracle,8,1.0,2584.0,oracle_k8
0.5B,gsm8k,gsm8k-0054,test,judge,8,1.0,4350.0,judge_k8
0.5B,gsm8k,gsm8k-0054,test,seq,1,1.0,390.0,seq_r1
0.5B,gsm8k,gsm8k-0054,test,seq,2,1.0,1096.0,seq_r2
0.5B,gsm8k,gsm8k-0054,test,seq,3,1.0,1797.0,seq_r3
0.5B,gsm8k,gsm8k-0054,test,seq,4,1.0,2499.0,seq_r4
0.5B,gsm8k,gsm8k-0054,test,long,2,1.0,330.0,long_m2
0.5B,gsm8k,gsm8k-0054,test,long,4,1.0,330.0,long_m4
0.5B,gsm8k,gsm8k-0054,test,debate,6,1.0,2387.0,debate_a3r2
0.5B,gsm8k,gsm8k-0055,test,single,1,0.0,381.0,
0.5B,gsm8k,gsm8k-0055,test,vote,4,0.0,1441.0,vote_k4
0.5B,gsm8k,gsm8k-0055,test,oracle,4,0.0,1441.0,oracle_k4
0.5B,gsm8k,gsm8k-0055,test,judge,4,0.0,2263.0,judge_k4
0.5B,gsm8k,gsm8k-0055,test,vote,8,0.0,2830.0,vote_k8
0.5B,gsm8k,gsm8k-0055,test,oracle,8,1.0,2830.0,oracle_k8
0.5B,gsm8k,gsm8k-0055,test,judge,8,0.0,4417.0,judge_k8
0.5B,gsm8k,gsm8k-0055,test,seq,1,0.0,381.0,seq_r1
0.5B,gsm8k,gsm8k-0055,test,seq,2,0.0,1079.0,seq_r2
0.5B,gsm8k,gsm8k-0055,test,seq,3,0.0,1777.0,seq_r3
0.5B,gsm8k,gsm8k-0055,test,seq,4,0.0,2475.0,seq_r4
0.5B,gsm8k,gsm8k-0055,test,long,2,0.0,745.0,long_m2
0.5B,gsm8k,gsm8k-0055,test,long,4,0.0,745.0,long_m4
0.5B,gsm8k,gsm8k-0055,test,debate,6,1.0,2735.0,debate_a3r2
0.5B,gsm8k,gsm8k-0056,test,single,1,0.0,411.0,
0.5B,gsm8k,gsm8k-0056,test,vote,4,0.0,1396.5,vote_k4
0.5B,gsm8k,gsm8k-0056,test,oracle,4,0.0,1396.5,oracle_k4
0.5B,gsm8k,gsm8k-0056,test,judge,4,0.0,2336.5,judge_k4
0.5B,gsm8k,gsm8k-0056,test,vote,8,0.0,2779.0,vote_k8
0.5B,gsm8k,gsm8k-0056,test,oracle,8,0.0,2779.0,oracle_k8
0.5B,gsm8k,gsm8k-0056,test,judge,8,0.0,4565.0,judge_k8
0.5B,gsm8k,gsm8k-0056,test,seq,1,0.0,411.0,seq_r1
0.5B,gsm8k,gsm8k-0056,test,seq,2,0.0,1173.0,seq_r2
0.5B,gsm8k,gsm8k-0056,test,seq,3,0.0,1935.0,seq_r3
0.5B,gsm8k,gsm8k-0056,test,seq,4,0.0,2696.0,seq_r4
0.5B,gsm8k,gsm8k-0056,test,long,2,0.0,405.0,long_m2
0.5B,gsm8k,gsm8k-0056,test,long,4,0.0,405.0,long_m4
0.5B,gsm8k,gsm8k-0056,test,debate,6,0.0,2593.0,debate_a3r2
0.5B,gsm8k,gsm8k-0057,test,single,1,0.0,286.0,
0.5B,gsm8k,gsm8k-0057,test,vote,4,1.0,1407.5,vote_k4
0.5B,gsm8k,gsm8k-0057,test,oracle,4,1.0,1407.5,oracle_k4
0.5B,gsm8k,gsm8k-0057,test,judge,4,0.5,2300.5,judge_k4
0.5B,gsm8k,gsm8k-0057,test,vote,8,1.0,2835.0,vote_k8
0.5B,gsm8k,gsm8k-0057,test,oracle,8,1.0,2835.0,oracle_k8
0.5B,gsm8k,gsm8k-0057,test,judge,8,0.0,4500.0,judge_k8
0.5B,gsm8k,gsm8k-0057,test,seq,1,0.0,286.0,seq_r1
0.5B,gsm8k,gsm8k-0057,test,seq,2,0.0,778.0,seq_r2
0.5B,gsm8k,gsm8k-0057,test,seq,3,0.0,1271.0,seq_r3
0.5B,gsm8k,gsm8k-0057,test,seq,4,0.0,1764.0,seq_r4
0.5B,gsm8k,gsm8k-0057,test,long,2,1.0,563.0,long_m2
0.5B,gsm8k,gsm8k-0057,test,long,4,1.0,563.0,long_m4
0.5B,gsm8k,gsm8k-0057,test,debate,6,0.0,2899.0,debate_a3r2
0.5B,gsm8k,gsm8k-0058,test,single,1,1.0,273.0,
0.5B,gsm8k,gsm8k-0058,test,vote,4,1.0,1080.5,vote_k4
0.5B,gsm8k,gsm8k-0058,test,oracle,4,1.0,1080.5,oracle_k4
0.5B,gsm8k,gsm8k-0058,test,judge,4,0.5,1984.0,judge_k4
0.5B,gsm8k,gsm8k-0058,test,vote,8,1.0,2117.0,vote_k8
0.5B,gsm8k,gsm8k-0058,test,oracle,8,1.0,2117.0,oracle_k8
0.5B,gsm8k,gsm8k-0058,test,judge,8,1.0,3794.0,judge_k8
0.5B,gsm8k,gsm8k-0058,test,seq,1,1.0,273.0,seq_r1
0.5B,gsm8k,gsm8k-0058,test,seq,2,1.0,789.0,seq_r2
0.5B,gsm8k,gsm8k-0058,test,seq,3,1.0,1305.0,seq_r3
0.5B,gsm8k,gsm8k-0058,test,seq,4,1.0,1820.0,seq_r4
0.5B,gsm8k,gsm8k-0058,test,long,2,1.0,442.0,long_m2
0.5B,gsm8k,gsm8k-0058,test,long,4,1.0,442.0,long_m4
0.5B,gsm8k,gsm8k-0058,test,debate,6,1.0,2016.0,debate_a3r2
0.5B,gsm8k,gsm8k-0059,test,single,1,1.0,258.0,
0.5B,gsm8k,gsm8k-0059,test,vote,4,1.0,1010.0,vote_k4
0.5B,gsm8k,gsm8k-0059,test,oracle,4,1.0,1010.0,oracle_k4
0.5B,gsm8k,gsm8k-0059,test,judge,4,1.0,1811.5,judge_k4
0.5B,gsm8k,gsm8k-0059,test,vote,8,1.0,2177.0,vote_k8
0.5B,gsm8k,gsm8k-0059,test,oracle,8,1.0,2177.0,oracle_k8
0.5B,gsm8k,gsm8k-0059,test,judge,8,1.0,3835.0,judge_k8
0.5B,gsm8k,gsm8k-0059,test,seq,1,1.0,258.0,seq_r1
0.5B,gsm8k,gsm8k-0059,test,seq,2,1.0,728.0,seq_r2
0.5B,gsm8k,gsm8k-0059,test,seq,3,1.0,1195.0,seq_r3
0.5B,gsm8k,gsm8k-0059,test,seq,4,1.0,1662.0,seq_r4
0.5B,gsm8k,gsm8k-0059,test,long,2,1.0,376.0,long_m2
0.5B,gsm8k,gsm8k-0059,test,long,4,1.0,376.0,long_m4
0.5B,gsm8k,gsm8k-0059,test,debate,6,1.0,1830.0,debate_a3r2
0.5B,gsm8k,gsm8k-0060,test,single,1,0.0,332.0,
0.5B,gsm8k,gsm8k-0060,test,vote,4,0.0,1520.0,vote_k4
0.5B,gsm8k,gsm8k-0060,test,oracle,4,0.0,1520.0,oracle_k4
0.5B,gsm8k,gsm8k-0060,test,judge,4,0.0,2478.0,judge_k4
0.5B,gsm8k,gsm8k-0060,test,vote,8,0.0,2896.0,vote_k8
0.5B,gsm8k,gsm8k-0060,test,oracle,8,0.0,2896.0,oracle_k8
0.5B,gsm8k,gsm8k-0060,test,judge,8,0.0,4601.0,judge_k8
0.5B,gsm8k,gsm8k-0060,test,seq,1,0.0,332.0,seq_r1
0.5B,gsm8k,gsm8k-0060,test,seq,2,1.0,958.0,seq_r2
0.5B,gsm8k,gsm8k-0060,test,seq,3,1.0,1349.0,seq_r3
0.5B,gsm8k,gsm8k-0060,test,seq,4,0.0,1798.0,seq_r4
0.5B,gsm8k,gsm8k-0060,test,long,2,0.0,642.0,long_m2
0.5B,gsm8k,gsm8k-0060,test,long,4,0.0,642.0,long_m4
0.5B,gsm8k,gsm8k-0060,test,debate,6,0.0,2113.0,debate_a3r2
0.5B,gsm8k,gsm8k-0061,test,single,1,1.0,227.0,
0.5B,gsm8k,gsm8k-0061,test,vote,4,1.0,900.0,vote_k4
0.5B,gsm8k,gsm8k-0061,test,oracle,4,1.0,900.0,oracle_k4
0.5B,gsm8k,gsm8k-0061,test,judge,4,0.5,1631.0,judge_k4
0.5B,gsm8k,gsm8k-0061,test,vote,8,1.0,1836.0,vote_k8
0.5B,gsm8k,gsm8k-0061,test,oracle,8,1.0,1836.0,oracle_k8
0.5B,gsm8k,gsm8k-0061,test,judge,8,0.0,3204.0,judge_k8
0.5B,gsm8k,gsm8k-0061,test,seq,1,1.0,227.0,seq_r1
0.5B,gsm8k,gsm8k-0061,test,seq,2,1.0,498.0,seq_r2
0.5B,gsm8k,gsm8k-0061,test,seq,3,1.0,718.0,seq_r3
0.5B,gsm8k,gsm8k-0061,test,seq,4,1.0,1046.0,seq_r4
0.5B,gsm8k,gsm8k-0061,test,long,2,1.0,235.0,long_m2
0.5B,gsm8k,gsm8k-0061,test,long,4,1.0,235.0,long_m4
0.5B,gsm8k,gsm8k-0061,test,debate,6,0.0,1889.0,debate_a3r2
0.5B,gsm8k,gsm8k-0062,test,single,1,1.0,316.0,
0.5B,gsm8k,gsm8k-0062,test,vote,4,1.0,1195.0,vote_k4
0.5B,gsm8k,gsm8k-0062,test,oracle,4,1.0,1195.0,oracle_k4
0.5B,gsm8k,gsm8k-0062,test,judge,4,1.0,2140.0,judge_k4
0.5B,gsm8k,gsm8k-0062,test,vote,8,1.0,2386.0,vote_k8
0.5B,gsm8k,gsm8k-0062,test,oracle,8,1.0,2386.0,oracle_k8
0.5B,gsm8k,gsm8k-0062,test,judge,8,1.0,4162.0,judge_k8
0.5B,gsm8k,gsm8k-0062,test,seq,1,1.0,316.0,seq_r1
0.5B,gsm8k,gsm8k-0062,test,seq,2,1.0,668.0,seq_r2
0.5B,gsm8k,gsm8k-0062,test,seq,3,1.0,941.0,seq_r3
0.5B,gsm8k,gsm8k-0062,test,seq,4,1.0,1401.0,seq_r4
0.5B,gsm8k,gsm8k-0062,test,long,2,1.0,328.0,long_m2
0.5B,gsm8k,gsm8k-0062,test,long,4,1.0,328.0,long_m4
0.5B,gsm8k,gsm8k-0062,test,debate,6,1.0,2317.0,debate_a3r2
0.5B,gsm8k,gsm8k-0063,test,single,1,0.0,458.0,
0.5B,gsm8k,gsm8k-0063,test,vote,4,0.0,1772.0,vote_k4
0.5B,gsm8k,gsm8k-0063,test,oracle,4,0.0,1772.0,oracle_k4
0.5B,gsm8k,gsm8k-0063,test,judge,4,0.0,2919.5,judge_k4
0.5B,gsm8k,gsm8k-0063,test,vote,8,0.0,3544.0,vote_k8
0.5B,gsm8k,gsm8k-0063,test,oracle,8,0.0,3544.0,oracle_k8
0.5B,gsm8k,gsm8k-0063,test,judge,8,0.0,5639.0,judge_k8
0.5B,gsm8k,gsm8k-0063,test,seq,1,0.0,458.0,seq_r1
0.5B,gsm8k,gsm8k-0063,test,seq,2,0.0,1078.0,seq_r2
0.5B,gsm8k,gsm8k-0063,test,seq,3,0.0,1553.0,seq_r3
0.5B,gsm8k,gsm8k-0063,test,seq,4,0.0,2215.0,seq_r4
0.5B,gsm8k,gsm8k-0063,test,long,2,0.0,705.0,long_m2
0.5B,gsm8k,gsm8k-0063,test,long,4,0.0,705.0,long_m4
0.5B,gsm8k,gsm8k-0063,test,debate,6,0.0,2898.0,debate_a3r2
0.5B,gsm8k,gsm8k-0064,test,single,1,0.0,335.0,
0.5B,gsm8k,gsm8k-0064,test,vote,4,0.0,1350.5,vote_k4
0.5B,gsm8k,gsm8k-0064,test,oracle,4,0.0,1350.5,oracle_k4
0.5B,gsm8k,gsm8k-0064,test,judge,4,0.0,2259.0,judge_k4
0.5B,gsm8k,gsm8k-0064,test,vote,8,0.0,2593.0,vote_k8
0.5B,gsm8k,gsm8k-0064,test,oracle,8,0.0,2593.0,oracle_k8
0.5B,gsm8k,gsm8k-0064,test,judge,8,0.0,4280.0,judge_k8
0.5B,gsm8k,gsm8k-0064,test,seq,1,0.0,335.0,seq_r1
0.5B,gsm8k,gsm8k-0064,test,seq,2,0.0,941.0,seq_r2
0.5B,gsm8k,gsm8k-0064,test,seq,3,0.0,1525.0,seq_r3
0.5B,gsm8k,gsm8k-0064,test,seq,4,0.0,2056.0,seq_r4
0.5B,gsm8k,gsm8k-0064,test,long,2,0.0,412.0,long_m2
0.5B,gsm8k,gsm8k-0064,test,long,4,0.0,412.0,long_m4
0.5B,gsm8k,gsm8k-0064,test,debate,6,0.0,2827.0,debate_a3r2
0.5B,gsm8k,gsm8k-0065,test,single,1,0.0,323.0,
0.5B,gsm8k,gsm8k-0065,test,vote,4,0.0,1371.5,vote_k4
0.5B,gsm8k,gsm8k-0065,test,oracle,4,0.0,1371.5,oracle_k4
0.5B,gsm8k,gsm8k-0065,test,judge,4,0.0,2351.0,judge_k4
0.5B,gsm8k,gsm8k-0065,test,vote,8,0.0,2914.0,vote_k8
0.5B,gsm8k,gsm8k-0065,test,oracle,8,1.0,2914.0,oracle_k8
0.5B,gsm8k,gsm8k-0065,test,judge,8,0.0,4727.0,judge_k8
0.5B,gsm8k,gsm8k-0065,test,seq,1,0.0,323.0,seq_r1
0.5B,gsm8k,gsm8k-0065,test,seq,2,0.0,980.0,seq_r2
0.5B,gsm8k,gsm8k-0065,test,seq,3,0.0,1726.0,seq_r3
0.5B,gsm8k,gsm8k-0065,test,seq,4,0.0,2175.0,seq_r4
0.5B,gsm8k,gsm8k-0065,test,long,2,0.0,462.0,long_m2
0.5B,gsm8k,gsm8k-0065,test,long,4,0.0,462.0,long_m4
0.5B,gsm8k,gsm8k-0065,test,debate,6,0.0,2305.0,debate_a3r2
0.5B,gsm8k,gsm8k-0066,test,single,1,0.0,363.0,
0.5B,gsm8k,gsm8k-0066,test,vote,4,0.0,1225.5,vote_k4
0.5B,gsm8k,gsm8k-0066,test,oracle,4,0.0,1225.5,oracle_k4
0.5B,gsm8k,gsm8k-0066,test,judge,4,0.0,2018.0,judge_k4
0.5B,gsm8k,gsm8k-0066,test,vote,8,0.0,2463.0,vote_k8
0.5B,gsm8k,gsm8k-0066,test,oracle,8,0.0,2463.0,oracle_k8
0.5B,gsm8k,gsm8k-0066,test,judge,8,0.0,3951.0,judge_k8
0.5B,gsm8k,gsm8k-0066,test,seq,1,0.0,363.0,seq_r1
0.5B,gsm8k,gsm8k-0066,test,seq,2,0.0,1005.0,seq_r2
0.5B,gsm8k,gsm8k-0066,test,seq,3,0.0,1683.0,seq_r3
0.5B,gsm8k,gsm8k-0066,test,seq,4,0.0,2432.0,seq_r4
0.5B,gsm8k,gsm8k-0066,test,long,2,0.0,458.0,long_m2
0.5B,gsm8k,gsm8k-0066,test,long,4,0.0,458.0,long_m4
0.5B,gsm8k,gsm8k-0066,test,debate,6,0.0,2350.0,debate_a3r2
0.5B,gsm8k,gsm8k-0067,test,single,1,0.0,305.0,
0.5B,gsm8k,gsm8k-0067,test,vote,4,0.5,1406.5,vote_k4
0.5B,gsm8k,gsm8k-0067,test,oracle,4,1.0,1406.5,oracle_k4
0.5B,gsm8k,gsm8k-0067,test,judge,4,0.0,2353.5,judge_k4
0.5B,gsm8k,gsm8k-0067,test,vote,8,0.0,2671.0,vote_k8
0.5B,gsm8k,gsm8k-0067,test,oracle,8,1.0,2671.0,oracle_k8
0.5B,gsm8k,gsm8k-0067,test,judge,8,0.0,4422.0,judge_k8
0.5B,gsm8k,gsm8k-0067,test,seq,1,0.0,305.0,seq_r1
0.5B,gsm8k,gsm8k-0067,test,seq,2,0.0,842.0,seq_r2
0.5B,gsm8k,gsm8k-0067,test,seq,3,0.0,1168.0,seq_r3
0.5B,gsm8k,gsm8k-0067,test,seq,4,1.0,1547.0,seq_r4
0.5B,gsm8k,gsm8k-0067,test,long,2,0.0,338.0,long_m2
0.5B,gsm8k,gsm8k-0067,test,long,4,0.0,338.0,long_m4
0.5B,gsm8k,gsm8k-0067,test,debate,6,0.0,2441.0,debate_a3r2
0.5B,gsm8k,gsm8k-0068,test,single,1,0.0,334.0,
0.5B,gsm8k,gsm8k-0068,test,vote,4,0.0,1416.5,vote_k4
0.5B,gsm8k,gsm8k-0068,test,oracle,4,0.5,1416.5,oracle_k4
0.5B,gsm8k,gsm8k-0068,test,judge,4,0.0,2347.0,judge_k4
0.5B,gsm8k,gsm8k-0068,test,vote,8,0.0,2851.0,vote_k8
0.5B,gsm8k,gsm8k-0068,test,oracle,8,1.0,2851.0,oracle_k8
0.5B,gsm8k,gsm8k-0068,test,judge,8,0.0,4622.0,judge_k8
0.5B,gsm8k,gsm8k-0068,test,seq,1,0.0,334.0,seq_r1
0.5B,gsm8k,gsm8k-0068,test,seq,2,0.0,707.0,seq_r2
0.5B,gsm8k,gsm8k-0068,test,seq,3,1.0,1065.0,seq_r3
0.5B,gsm8k,gsm8k-0068,test,seq,4,1.0,1428.0,seq_r4
0.5B,gsm8k,gsm8k-0068,test,long,2,1.0,490.0,long_m2
0.5B,gsm8k,gsm8k-0068,test,long,4,1.0,490.0,long_m4
0.5B,gsm8k,gsm8k-0068,test,debate,6,0.0,2706.0,debate_a3r2
0.5B,gsm8k,gsm8k-0069,test,single,1,0.0,428.0,
0.5B,gsm8k,gsm8k-0069,test,vote,4,0.0,1569.5,vote_k4
0.5B,gsm8k,gsm8k-0069,test,oracle,4,0.0,1569.5,oracle_k4
0.5B,gsm8k,gsm8k-0069,test,judge,4,0.0,2634.0,judge_k4
0.5B,gsm8k,gsm8k-0069,test,vote,8,0.0,3222.0,vote_k8
0.5B,gsm8k,gsm8k-0069,test,oracle,8,0.0,3222.0,oracle_k8
0.5B,gsm8k,gsm8k-0069,test,judge,8,0.0,5235.0,judge_k8
0.5B,gsm8k,gsm8k-0069,test,seq,1,0.0,428.0,seq_r1
0.5B,gsm8k,gsm8k-0069,test,seq,2,0.0,1206.0,seq_r2
0.5B,gsm8k,gsm8k-0069,test,seq,3,0.0,1984.0,seq_r3
0.5B,gsm8k,gsm8k-0069,test,seq,4,0.0,2762.0,seq_r4
0.5B,gsm8k,gsm8k-0069,test,long,2,0.0,634.0,long_m2
0.5B,gsm8k,gsm8k-0069,test,long,4,0.0,634.0,long_m4
0.5B,gsm8k,gsm8k-0069,test,debate,6,0.0,2642.0,debate_a3r2
0.5B,gsm8k,gsm8k-0070,test,single,1,0.0,391.0,
0.5B,gsm8k,gsm8k-0070,test,vote,4,1.0,1464.0,vote_k4
0.5B,gsm8k,gsm8k-0070,test,oracle,4,1.0,1464.0,oracle_k4
0.5B,gsm8k,gsm8k-0070,test,judge,4,1.0,2454.0,judge_k4
0.5B,gsm8k,gsm8k-0070,test,vote,8,1.0,3002.0,vote_k8
0.5B,gsm8k,gsm8k-0070,test,oracle,8,1.0,3002.0,oracle_k8
0.5B,gsm8k,gsm8k-0070,test,judge,8,0.0,4846.0,judge_k8
0.5B,gsm8k,gsm8k-0070,test,seq,1,0.0,391.0,seq_r1
0.5B,gsm8k,gsm8k-0070,test,seq,2,1.0,1095.0,seq_r2
0.5B,gsm8k,gsm8k-0070,test,seq,3,1.0,1495.0,seq_r3
0.5B,gsm8k,gsm8k-0070,test,seq,4,0.0,1931.0,seq_r4
0.5B,gsm8k,gsm8k-0070,test,long,2,0.0,555.0,long_m2
0.5B,gsm8k,gsm8k-0070,test,long,4,0.0,555.0,long_m4
0.5B,gsm8k,gsm8k-0070,test,debate,6,0.0,2579.0,debate_a3r2
0.5B,gsm8k,gsm8k-0071,test,single,1,0.0,412.0,
0.5B,gsm8k,gsm8k-0071,test,vote,4,0.0,1383.5,vote_k4
0.5B,gsm8k,gsm8k-0071,test,oracle,4,0.0,1383.5,oracle_k4
0.5B,gsm8k,gsm8k-0071,test,judge,4,0.0,2258.0,judge_k4
0.5B,gsm8k,gsm8k-0071,test,vote,8,0.0,2836.0,vote_k8
0.5B,gsm8k,gsm8k-0071,test,oracle,8,0.0,2836.0,oracle_k8
0.5B,gsm8k,gsm8k-0071,test,judge,8,0.0,4476.0,judge_k8
0.5B,gsm8k,gsm8k-0071,test,seq,1,0.0,412.0,seq_r1
0.5B,gsm8k,gsm8k-0071,test,seq,2,0.0,1175.0,seq_r2
0.5B,gsm8k,gsm8k-0071,test,seq,3,0.0,1938.0,seq_r3
0.5B,gsm8k,gsm8k-0071,test,seq,4,0.0,2701.0,seq_r4
0.5B,gsm8k,gsm8k-0071,test,long,2,0.0,513.0,long_m2
0.5B,gsm8k,gsm8k-0071,test,long,4,0.0,513.0,long_m4
0.5B,gsm8k,gsm8k-0071,test,debate,6,0.0,3038.0,debate_a3r2
0.5B,gsm8k,gsm8k-0072,test,single,1,0.0,287.0,
0.5B,gsm8k,gsm8k-0072,test,vote,4,1.0,1115.5,vote_k4
0.5B,gsm8k,gsm8k-0072,test,oracle,4,1.0,1115.5,oracle_k4
0.5B,gsm8k,gsm8k-0072,test,judge,4,1.0,1942.0,judge_k4
0.5B,gsm8k,gsm8k-0072,test,vote,8,1.0,2356.0,vote_k8
0.5B,gsm8k,gsm8k-0072,test,oracle,8,1.0,2356.0,oracle_k8
0.5B,gsm8k,gsm8k-0072,test,judge,8,1.0,3941.0,judge_k8
0.5B,gsm8k,gsm8k-0072,test,seq,1,0.0,287.0,seq_r1
0.5B,gsm8k,gsm8k-0072,test,seq,2,0.0,776.0,seq_r2
0.5B,gsm8k,gsm8k-0072,test,seq,3,0.0,1244.0,seq_r3
0.5B,gsm8k,gsm8k-0072,test,seq,4,0.0,1861.0,seq_r4
0.5B,gsm8k,gsm8k-0072,test,long,2,1.0,293.0,long_m2
0.5B,gsm8k,gsm8k-0072,test,long,4,1.0,293.0,long_m4
0.5B,gsm8k,gsm8k-0072,test,debate,6,0.0,2152.0,debate_a3r2
0.5B,gsm8k,gsm8k-0073,test,single,1,0.0,315.0,
0.5B,gsm8k,gsm8k-0073,test,vote,4,0.5,1108.5,vote_k4
0.5B,gsm8k,gsm8k-0073,test,oracle,4,1.0,1108.5,oracle_k4
0.5B,gsm8k,gsm8k-0073,test,judge,4,0.5,1925.0,judge_k4
0.5B,gsm8k,gsm8k-0073,test,vote,8,1.0,2342.0,vote_k8
0.5B,gsm8k,gsm8k-0073,test,oracle,8,1.0,2342.0,oracle_k8
0.5B,gsm8k,gsm8k-0073,test,judge,8,0.0,3936.0,judge_k8
0.5B,gsm8k,gsm8k-0073,test,seq,1,0.0,315.0,seq_r1
0.5B,gsm8k,gsm8k-0073,test,seq,2,0.0,836.0,seq_r2
0.5B,gsm8k,gsm8k-0073,test,seq,3,0.0,1335.0,seq_r3
0.5B,gsm8k,gsm8k-0073,test,seq,4,0.0,1867.0,seq_r4
0.5B,gsm8k,gsm8k-0073,test,long,2,0.0,407.0,long_m2
0.5B,gsm8k,gsm8k-0073,test,long,4,0.0,407.0,long_m4
0.5B,gsm8k,gsm8k-0073,test,debate,6,1.0,2348.0,debate_a3r2
0.5B,gsm8k,gsm8k-0074,test,single,1,0.0,317.0,
0.5B,gsm8k,gsm8k-0074,test,vote,4,0.0,1374.0,vote_k4
0.5B,gsm8k,gsm8k-0074,test,oracle,4,0.0,1374.0,oracle_k4
0.5B,gsm8k,gsm8k-0074,test,judge,4,0.0,2333.0,judge_k4
0.5B,gsm8k,gsm8k-0074,test,vote,8,0.0,2873.0,vote_k8
0.5B,gsm8k,gsm8k-0074,test,oracle,8,0.0,2873.0,oracle_k8
0.5B,gsm8k,gsm8k-0074,test,judge,8,0.0,4575.0,judge_k8
0.5B,gsm8k,gsm8k-0074,test,seq,1,0.0,317.0,seq_r1
0.5B,gsm8k,gsm8k-0074,test,seq,2,1.0,908.0,seq_r2
0.5B,gsm8k,gsm8k-0074,test,seq,3,1.0,1540.0,seq_r3
0.5B,gsm8k,gsm8k-0074,test,seq,4,1.0,2178.0,seq_r4
0.5B,gsm8k,gsm8k-0074,test,long,2,0.0,389.0,long_m2
0.5B,gsm8k,gsm8k-0074,test,long,4,0.0,389.0,long_m4
0.5B,gsm8k,gsm8k-0074,test,debate,6,1.0,3398.0,debate_a3r2
0.5B,gsm8k,gsm8k-0075,test,single,1,0.0,227.0,
0.5B,gsm8k,gsm8k-0075,test,vote,4,0.0,1219.0,vote_k4
0.5B,gsm8k,gsm8k-0075,test,oracle,4,0.0,1219.0,oracle_k4
0.5B,gsm8k,gsm8k-0075,test,judge,4,0.0,2044.0,judge_k4
0.5B,gsm8k,gsm8k-0075,test,vote,8,0.0,2310.0,vote_k8
0.5B,gsm8k,gsm8k-0075,test,oracle,8,0.0,2310.0,oracle_k8
0.5B,gsm8k,gsm8k-0075,test,judge,8,0.0,3825.0,judge_k8
0.5B,gsm8k,gsm8k-0075,test,seq,1,0.0,227.0,seq_r1
0.5B,gsm8k,gsm8k-0075,test,seq,2,0.0,706.0,seq_r2
0.5B,gsm8k,gsm8k-0075,test,seq,3,0.0,1253.0,seq_r3
0.5B,gsm8k,gsm8k-0075,test,seq,4,0.0,1797.0,seq_r4
0.5B,gsm8k,gsm8k-0075,test,long,2,0.0,532.0,long_m2
0.5B,gsm8k,gsm8k-0075,test,long,4,0.0,532.0,long_m4
0.5B,gsm8k,gsm8k-0075,test,debate,6,0.0,1993.0,debate_a3r2
0.5B,gsm8k,gsm8k-0076,test,single,1,1.0,351.0,
0.5B,gsm8k,gsm8k-0076,test,vote,4,0.0,1534.0,vote_k4
0.5B,gsm8k,gsm8k-0076,test,oracle,4,1.0,1534.0,oracle_k4
0.5B,gsm8k,gsm8k-0076,test,judge,4,0.0,2556.5,judge_k4
0.5B,gsm8k,gsm8k-0076,test,vote,8,0.0,3125.0,vote_k8
0.5B,gsm8k,gsm8k-0076,test,oracle,8,1.0,3125.0,oracle_k8
0.5B,gsm8k,gsm8k-0076,test,judge,8,1.0,5031.0,judge_k8
0.5B,gsm8k,gsm8k-0076,test,seq,1,1.0,351.0,seq_r1
0.5B,gsm8k,gsm8k-0076,test,seq,2,1.0,1012.0,seq_r2
0.5B,gsm8k,gsm8k-0076,test,seq,3,1.0,1688.0,seq_r3
0.5B,gsm8k,gsm8k-0076,test,seq,4,1.0,2338.0,seq_r4
0.5B,gsm8k,gsm8k-0076,test,long,2,0.0,405.0,long_m2
0.5B,gsm8k,gsm8k-0076,test,long,4,0.0,405.0,long_m4
0.5B,gsm8k,gsm8k-0076,test,debate,6,1.0,3427.0,debate_a3r2
0.5B,gsm8k,gsm8k-0077,test,single,1,0.0,290.0,
0.5B,gsm8k,gsm8k-0077,test,vote,4,0.0,1118.0,vote_k4
0.5B,gsm8k,gsm8k-0077,test,oracle,4,0.0,1118.0,oracle_k4
0.5B,gsm8k,gsm8k-0077,test,judge,4,0.0,2021.5,judge_k4
0.5B,gsm8k,gsm8k-0077,test,vote,8,0.0,2271.0,vote_k8
0.5B,gsm8k,gsm8k-0077,test,oracle,8,0.0,2271.0,oracle_k8
0.5B,gsm8k,gsm8k-0077,test,judge,8,0.0,3974.0,judge_k8
0.5B,gsm8k,gsm8k-0077,test,seq,1,0.0,290.0,seq_r1
0.5B,gsm8k,gsm8k-0077,test,seq,2,0.0,809.0,seq_r2
0.5B,gsm8k,gsm8k-0077,test,seq,3,0.0,1311.0,seq_r3
0.5B,gsm8k,gsm8k-0077,test,seq,4,0.0,1805.0,seq_r4
0.5B,gsm8k,gsm8k-0077,test,long,2,0.0,337.0,long_m2
0.5B,gsm8k,gsm8k-0077,test,long,4,0.0,337.0,long_m4
0.5B,gsm8k,gsm8k-0077,test,debate,6,0.0,2123.0,debate_a3r2
0.5B,gsm8k,gsm8k-0078,test,single,1,0.0,489.0,
0.5B,gsm8k,gsm8k-0078,test,vote,4,0.0,1939.5,vote_k4
0.5B,gsm8k,gsm8k-0078,test,oracle,4,0.0,1939.5,oracle_k4
0.5B,gsm8k,gsm8k-0078,test,judge,4,0.0,2945.5,judge_k4
0.5B,gsm8k,gsm8k-0078,test,vote,8,0.0,3879.0,vote_k8
0.5B,gsm8k,gsm8k-0078,test,oracle,8,0.0,3879.0,oracle_k8
0.5B,gsm8k,gsm8k-0078,test,judge,8,0.0,5665.0,judge_k8
0.5B,gsm8k,gsm8k-0078,test,seq,1,0.0,489.0,seq_r1
0.5B,gsm8k,gsm8k-0078,test,seq,2,0.0,1329.0,seq_r2
0.5B,gsm8k,gsm8k-0078,test,seq,3,0.0,2132.0,seq_r3
0.5B,gsm8k,gsm8k-0078,test,seq,4,0.0,2919.0,seq_r4
0.5B,gsm8k,gsm8k-0078,test,long,2,1.0,427.0,long_m2
0.5B,gsm8k,gsm8k-0078,test,long,4,1.0,427.0,long_m4
0.5B,gsm8k,gsm8k-0078,test,debate,6,1.0,3211.0,debate_a3r2
0.5B,gsm8k,gsm8k-0079,test,single,1,1.0,301.0,
0.5B,gsm8k,gsm8k-0079,test,vote,4,1.0,1261.5,vote_k4
0.5B,gsm8k,gsm8k-0079,test,oracle,4,1.0,1261.5,oracle_k4
0.5B,gsm8k,gsm8k-0079,test,judge,4,1.0,2198.5,judge_k4
0.5B,gsm8k,gsm8k-0079,test,vote,8,1.0,2380.0,vote_k8
0.5B,gsm8k,gsm8k-0079,test,oracle,8,1.0,2380.0,oracle_k8
0.5B,gsm8k,gsm8k-0079,test,judge,8,1.0,4060.0,judge_k8
0.5B,gsm8k,gsm8k-0079,test,seq,1,1.0,301.0,seq_r1
0.5B,gsm8k,gsm8k-0079,test,seq,2,1.0,639.0,seq_r2
0.5B,gsm8k,gsm8k-0079,test,seq,3,1.0,988.0,seq_r3
0.5B,gsm8k,gsm8k-0079,test,seq,4,1.0,1573.0,seq_r4
0.5B,gsm8k,gsm8k-0079,test,long,2,1.0,418.0,long_m2
0.5B,gsm8k,gsm8k-0079,test,long,4,1.0,418.0,long_m4
0.5B,gsm8k,gsm8k-0079,test,debate,6,0.0,2482.0,debate_a3r2
0.5B,gsm8k,gsm8k-0080,test,single,1,0.0,361.0,
0.5B,gsm8k,gsm8k-0080,test,vote,4,0.0,1669.0,vote_k4
0.5B,gsm8k,gsm8k-0080,test,oracle,4,0.0,1669.0,oracle_k4
0.5B,gsm8k,gsm8k-0080,test,judge,4,0.0,2581.0,judge_k4
0.5B,gsm8k,gsm8k-0080,test,vote,8,0.0,3413.0,vote_k8
0.5B,gsm8k,gsm8k-0080,test,oracle,8,1.0,3413.0,oracle_k8
0.5B,gsm8k,gsm8k-0080,test,judge,8,1.0,5107.0,judge_k8
0.5B,gsm8k,gsm8k-0080,test,seq,1,0.0,361.0,seq_r1
0.5B,gsm8k,gsm8k-0080,test,seq,2,0.0,973.0,seq_r2
0.5B,gsm8k,gsm8k-0080,test,seq,3,0.0,1607.0,seq_r3
0.5B,gsm8k,gsm8k-0080,test,seq,4,0.0,2025.0,seq_r4
0.5B,gsm8k,gsm8k-0080,test,long,2,0.0,565.0,long_m2
0.5B,gsm8k,gsm8k-0080,test,long,4,0.0,565.0,long_m4
0.5B,gsm8k,gsm8k-0080,test,debate,6,0.0,3077.0,debate_a3r2
0.5B,gsm8k,gsm8k-0081,test,single,1,0.0,473.0,
0.5B,gsm8k,gsm8k-0081,test,vote,4,0.0,1785.0,vote_k4
0.5B,gsm8k,gsm8k-0081,test,oracle,4,0.0,1785.0,oracle_k4
0.5B,gsm8k,gsm8k-0081,test,judge,4,0.0,2855.5,judge_k4
0.5B,gsm8k,gsm8k-0081,test,vote,8,0.0,3484.0,vote_k8
0.5B,gsm8k,gsm8k-0081,test,oracle,8,0.0,3484.0,oracle_k8
0.5B,gsm8k,gsm8k-0081,test,judge,8,0.0,5490.0,judge_k8
0.5B,gsm8k,gsm8k-0081,test,seq,1,0.0,473.0,seq_r1
0.5B,gsm8k,gsm8k-0081,test,seq,2,0.0,1255.0,seq_r2
0.5B,gsm8k,gsm8k-0081,test,seq,3,0.0,2026.0,seq_r3
0.5B,gsm8k,gsm8k-0081,test,seq,4,0.0,2527.0,seq_r4
0.5B,gsm8k,gsm8k-0081,test,long,2,0.0,467.0,long_m2
0.5B,gsm8k,gsm8k-0081,test,long,4,0.0,467.0,long_m4
0.5B,gsm8k,gsm8k-0081,test,debate,6,0.0,3892.0,debate_a3r2
0.5B,gsm8k,gsm8k-0082,test,single,1,0.0,301.0,
0.5B,gsm8k,gsm8k-0082,test,vote,4,0.0,1262.5,vote_k4
0.5B,gsm8k,gsm8k-0082,test,oracle,4,0.0,1262.5,oracle_k4
0.5B,gsm8k,gsm8k-0082,test,judge,4,0.0,2094.5,judge_k4
0.5B,gsm8k,gsm8k-0082,test,vote,8,0.0,2758.0,vote_k8
0.5B,gsm8k,gsm8k-0082,test,oracle,8,0.0,2758.0,oracle_k8
0.5B,gsm8k,gsm8k-0082,test,judge,8,0.0,4370.0,judge_k8
0.5B,gsm8k,gsm8k-0082,test,seq,1,0.0,301.0,seq_r1
0.5B,gsm8k,gsm8k-0082,test,seq,2,0.0,789.0,seq_r2
0.5B,gsm8k,gsm8k-0082,test,seq,3,0.0,1249.0,seq_r3
0.5B,gsm8k,gsm8k-0082,test,seq,4,0.0,1709.0,seq_r4
0.5B,gsm8k,gsm8k-0082,test,long,2,0.0,581.0,long_m2
0.5B,gsm8k,gsm8k-0082,test,long,4,0.0,581.0,long_m4
0.5B,gsm8k,gsm8k-0082,test,debate,6,0.0,2323.0,debate_a3r2
0.5B,gsm8k,gsm8k-0083,test,single,1,0.0,396.0,
0.5B,gsm8k,gsm8k-0083,test,vote,4,0.5,1581.0,vote_k4
0.5B,gsm8k,gsm8k-0083,test,oracle,4,1.0,1581.0,oracle_k4
0.5B,gsm8k,gsm8k-0083,test,judge,4,0.5,2449.0,judge_k4
0.5B,gsm8k,gsm8k-0083,test,vote,8,1.0,3105.0,vote_k8
0.5B,gsm8k,gsm8k-0083,test,oracle,8,1.0,3105.0,oracle_k8
0.5B,gsm8k,gsm8k-0083,test,judge,8,0.0,4735.0,judge_k8
0.5B,gsm8k,gsm8k-0083,test,seq,1,0.0,396.0,seq_r1
0.5B,gsm8k,gsm8k-0083,test,seq,2,1.0,817.0,seq_r2
0.5B,gsm8k,gsm8k-0083,test,seq,3,0.0,1135.0,seq_r3
0.5B,gsm8k,gsm8k-0083,test,seq,4,0.0,1682.0,seq_r4
0.5B,gsm8k,gsm8k-0083,test,long,2,0.0,466.0,long_m2
0.5B,gsm8k,gsm8k-0083,test,long,4,0.0,466.0,long_m4
0.5B,gsm8k,gsm8k-0083,test,debate,6,0.0,2263.0,debate_a3r2
0.5B,gsm8k,gsm8k-0084,test,single,1,1.0,195.0,
0.5B,gsm8k,gsm8k-0084,test,vote,4,1.0,830.5,vote_k4
0.5B,gsm8k,gsm8k-0084,test,oracle,4,1.0,830.5,oracle_k4
0.5B,gsm8k,gsm8k-0084,test,judge,4,1.0,1481.0,judge_k4
0.5B,gsm8k,gsm8k-0084,test,vote,8,1.0,1681.0,vote_k8
0.5B,gsm8k,gsm8k-0084,test,oracle,8,1.0,1681.0,oracle_k8
0.5B,gsm8k,gsm8k-0084,test,judge,8,1.0,2899.0,judge_k8
0.5B,gsm8k,gsm8k-0084,test,seq,1,1.0,195.0,seq_r1
0.5B,gsm8k,gsm8k-0084,test,seq,2,1.0,557.0,seq_r2
0.5B,gsm8k,gsm8k-0084,test,seq,3,1.0,989.0,seq_r3
0.5B,gsm8k,gsm8k-0084,test,seq,4,1.0,1464.0,seq_r4
0.5B,gsm8k,gsm8k-0084,test,long,2,0.0,315.0,long_m2
0.5B,gsm8k,gsm8k-0084,test,long,4,0.0,315.0,long_m4
0.5B,gsm8k,gsm8k-0084,test,debate,6,1.0,1571.0,debate_a3r2
0.5B,gsm8k,gsm8k-0085,test,single,1,1.0,338.0,
0.5B,gsm8k,gsm8k-0085,test,vote,4,1.0,1508.5,vote_k4
0.5B,gsm8k,gsm8k-0085,test,oracle,4,1.0,1508.5,oracle_k4
0.5B,gsm8k,gsm8k-0085,test,judge,4,1.0,2471.5,judge_k4
0.5B,gsm8k,gsm8k-0085,test,vote,8,1.0,3059.0,vote_k8
0.5B,gsm8k,gsm8k-0085,test,oracle,8,1.0,3059.0,oracle_k8
0.5B,gsm8k,gsm8k-0085,test,judge,8,1.0,4857.0,judge_k8
0.5B,gsm8k,gsm8k-0085,test,seq,1,1.0,338.0,seq_r1
0.5B,gsm8k,gsm8k-0085,test,seq,2,1.0,966.0,seq_r2
0.5B,gsm8k,gsm8k-0085,test,seq,3,1.0,1607.0,seq_r3
0.5B,gsm8k,gsm8k-0085,test,seq,4,1.0,2050.0,seq_r4
0.5B,gsm8k,gsm8k-0085,test,long,2,1.0,511.0,long_m2
0.5B,gsm8k,gsm8k-0085,test,long,4,1.0,511.0,long_m4
0.5B,gsm8k,gsm8k-0085,test,debate,6,1.0,2538.0,debate_a3r2
0.5B,gsm8k,gsm8k-0086,test,single,1,0.0,358.0,
0.5B,gsm8k,gsm8k-0086,test,vote,4,1.0,1382.5,vote_k4
0.5B,gsm8k,gsm8k-0086,test,oracle,4,1.0,1382.5,oracle_k4
0.5B,gsm8k,gsm8k-0086,test,judge,4,0.5,2209.5,judge_k4
0.5B,gsm8k,gsm8k-0086,test,vote,8,1.0,2676.0,vote_k8
0.5B,gsm8k,gsm8k-0086,test,oracle,8,1.0,2676.0,oracle_k8
0.5B,gsm8k,gsm8k-0086,test,judge,8,0.0,4190.0,judge_k8
0.5B,gsm8k,gsm8k-0086,test,seq,1,0.0,358.0,seq_r1
0.5B,gsm8k,gsm8k-0086,test,seq,2,0.0,1017.0,seq_r2
0.5B,gsm8k,gsm8k-0086,test,seq,3,0.0,1676.0,seq_r3
0.5B,gsm8k,gsm8k-0086,test,seq,4,0.0,2335.0,seq_r4
0.5B,gsm8k,gsm8k-0086,test,long,2,0.0,423.0,long_m2
0.5B,gsm8k,gsm8k-0086,test,long,4,0.0,423.0,long_m4
0.5B,gsm8k,gsm8k-0086,test,debate,6,0.0,2207.0,debate_a3r2
0.5B,gsm8k,gsm8k-0087,test,single,1,0.0,268.0,
0.5B,gsm8k,gsm8k-0087,test,vote,4,0.0,1113.0,vote_k4
0.5B,gsm8k,gsm8k-0087,test,oracle,4,0.0,1113.0,oracle_k4
0.5B,gsm8k,gsm8k-0087,test,judge,4,0.0,1941.0,judge_k4
0.5B,gsm8k,gsm8k-0087,test,vote,8,0.0,2175.0,vote_k8
0.5B,gsm8k,gsm8k-0087,test,oracle,8,0.0,2175.0,oracle_k8
0.5B,gsm8k,gsm8k-0087,test,judge,8,0.0,3568.0,judge_k8
0.5B,gsm8k,gsm8k-0087,test,seq,1,0.0,268.0,seq_r1
0.5B,gsm8k,gsm8k-0087,test,seq,2,0.0,746.0,seq_r2
0.5B,gsm8k,gsm8k-0087,test,seq,3,0.0,1144.0,seq_r3
0.5B,gsm8k,gsm8k-0087,test,seq,4,0.0,1461.0,seq_r4
0.5B,gsm8k,gsm8k-0087,test,long,2,0.0,336.0,long_m2
0.5B,gsm8k,gsm8k-0087,test,long,4,0.0,336.0,long_m4
0.5B,gsm8k,gsm8k-0087,test,debate,6,0.0,2649.0,debate_a3r2
0.5B,gsm8k,gsm8k-0088,test,single,1,1.0,118.0,
0.5B,gsm8k,gsm8k-0088,test,vote,4,1.0,730.0,vote_k4
0.5B,gsm8k,gsm8k-0088,test,oracle,4,1.0,730.0,oracle_k4
0.5B,gsm8k,gsm8k-0088,test,judge,4,1.0,1315.0,judge_k4
0.5B,gsm8k,gsm8k-0088,test,vote,8,1.0,1750.0,vote_k8
0.5B,gsm8k,gsm8k-0088,test,oracle,8,1.0,1750.0,oracle_k8
0.5B,gsm8k,gsm8k-0088,test,judge,8,1.0,3009.0,judge_k8
0.5B,gsm8k,gsm8k-0088,test,seq,1,1.0,118.0,seq_r1
0.5B,gsm8k,gsm8k-0088,test,seq,2,1.0,452.0,seq_r2
0.5B,gsm8k,gsm8k-0088,test,seq,3,1.0,886.0,seq_r3
0.5B,gsm8k,gsm8k-0088,test,seq,4,1.0,1287.0,seq_r4
0.5B,gsm8k,gsm8k-0088,test,long,2,1.0,241.0,long_m2
0.5B,gsm8k,gsm8k-0088,test,long,4,1.0,241.0,long_m4
0.5B,gsm8k,gsm8k-0088,test,debate,6,1.0,1708.0,debate_a3r2
0.5B,gsm8k,gsm8k-0089,test,single,1,0.0,277.0,
0.5B,gsm8k,gsm8k-0089,test,vote,4,1.0,1269.5,vote_k4
0.5B,gsm8k,gsm8k-0089,test,oracle,4,1.0,1269.5,oracle_k4
0.5B,gsm8k,gsm8k-0089,test,judge,4,1.0,2229.0,judge_k4
0.5B,gsm8k,gsm8k-0089,test,vote,8,1.0,2591.0,vote_k8
0.5B,gsm8k,gsm8k-0089,test,oracle,8,1.0,2591.0,oracle_k8
0.5B,gsm8k,gsm8k-0089,test,judge,8,1.0,4389.0,judge_k8
0.5B,gsm8k,gsm8k-0089,test,seq,1,0.0,277.0,seq_r1
0.5B,gsm8k,gsm8k-0089,test,seq,2,0.0,646.0,seq_r2
0.5B,gsm8k,gsm8k-0089,test,seq,3,1.0,1001.0,seq_r3
0.5B,gsm8k,gsm8k-0089,test,seq,4,1.0,1517.0,seq_r4
0.5B,gsm8k,gsm8k-0089,test,long,2,0.0,313.0,long_m2
0.5B,gsm8k,gsm8k-0089,test,long,4,0.0,313.0,long_m4
0.5B,gsm8k,gsm8k-0089,test,debate,6,1.0,2684.0,debate_a3r2
0.5B,logic,logic-0000,calib,single,1,0.0,59.0,
0.5B,logic,logic-0000,calib,vote,4,0.0,240.0,vote_k4
0.5B,logic,logic-0000,calib,oracle,4,0.0,240.0,oracle_k4
0.5B,logic,logic-0000,calib,judge,4,0.0,355.5,judge_k4
0.5B,logic,logic-0000,calib,vote,8,0.0,486.0,vote_k8
0.5B,logic,logic-0000,calib,oracle,8,0.0,486.0,oracle_k8
0.5B,logic,logic-0000,calib,judge,8,0.0,639.0,judge_k8
0.5B,logic,logic-0000,calib,seq,1,0.0,59.0,seq_r1
0.5B,logic,logic-0000,calib,seq,2,0.0,180.0,seq_r2
0.5B,logic,logic-0000,calib,seq,3,0.0,304.0,seq_r3
0.5B,logic,logic-0000,calib,seq,4,0.0,403.0,seq_r4
0.5B,logic,logic-0000,calib,long,2,0.0,91.0,long_m2
0.5B,logic,logic-0000,calib,long,4,0.0,91.0,long_m4
0.5B,logic,logic-0000,calib,debate,6,0.0,472.0,debate_a3r2
0.5B,logic,logic-0001,calib,single,1,0.0,60.0,
0.5B,logic,logic-0001,calib,vote,4,0.5,237.5,vote_k4
0.5B,logic,logic-0001,calib,oracle,4,1.0,237.5,oracle_k4
0.5B,logic,logic-0001,calib,judge,4,0.5,353.0,judge_k4
0.5B,logic,logic-0001,calib,vote,8,0.0,475.0,vote_k8
0.5B,logic,logic-0001,calib,oracle,8,1.0,475.0,oracle_k8
0.5B,logic,logic-0001,calib,judge,8,0.0,624.0,judge_k8
0.5B,logic,logic-0001,calib,seq,1,0.0,60.0,seq_r1
0.5B,logic,logic-0001,calib,seq,2,0.0,199.0,seq_r2
0.5B,logic,logic-0001,calib,seq,3,0.0,337.0,seq_r3
0.5B,logic,logic-0001,calib,seq,4,0.0,593.0,seq_r4
0.5B,logic,logic-0001,calib,long,2,0.0,326.0,long_m2
0.5B,logic,logic-0001,calib,long,4,0.0,326.0,long_m4
0.5B,logic,logic-0001,calib,debate,6,0.0,475.0,debate_a3r2
0.5B,logic,logic-0002,calib,single,1,0.0,59.0,
0.5B,logic,logic-0002,calib,vote,4,0.0,236.5,vote_k4
0.5B,logic,logic-0002,calib,oracle,4,0.0,236.5,oracle_k4
0.5B,logic,logic-0002,calib,judge,4,0.0,350.5,judge_k4
0.5B,logic,logic-0002,calib,vote,8,0.0,476.0,vote_k8
0.5B,logic,logic-0002,calib,oracle,8,0.0,476.0,oracle_k8
0.5B,logic,logic-0002,calib,judge,8,0.0,624.0,judge_k8
0.5B,logic,logic-0002,calib,seq,1,0.0,59.0,seq_r1
0.5B,logic,logic-0002,calib,seq,2,0.0,155.0,seq_r2
0.5B,logic,logic-0002,calib,seq,3,0.0,253.0,seq_r3
0.5B,logic,logic-0002,calib,seq,4,0.0,351.0,seq_r4
0.5B,logic,logic-0002,calib,long,2,0.0,212.0,long_m2
0.5B,logic,logic-0002,calib,long,4,0.0,212.0,long_m4
0.5B,logic,logic-0002,calib,debate,6,0.0,471.0,debate_a3r2
0.5B,logic,logic-0003,calib,single,1,1.0,60.0,
0.5B,logic,logic-0003,calib,vote,4,1.0,241.5,vote_k4
0.5B,logic,logic-0003,calib,oracle,4,1.0,241.5,oracle_k4
0.5B,logic,logic-0003,calib,judge,4,1.0,357.5,judge_k4
0.5B,logic,logic-0003,calib,vote,8,1.0,486.0,vote_k8
0.5B,logic,logic-0003,calib,oracle,8,1.0,486.0,oracle_k8
0.5B,logic,logic-0003,calib,judge,8,1.0,637.0,judge_k8
0.5B,logic,logic-0003,calib,seq,1,1.0,60.0,seq_r1
0.5B,logic,logic-0003,calib,seq,2,1.0,255.0,seq_r2
0.5B,logic,logic-0003,calib,seq,3,1.0,450.0,seq_r3
0.5B,logic,logic-0003,calib,seq,4,1.0,544.0,seq_r4
0.5B,logic,logic-0003,calib,long,2,1.0,92.0,long_m2
0.5B,logic,logic-0003,calib,long,4,1.0,92.0,long_m4
0.5B,logic,logic-0003,calib,debate,6,1.0,477.0,debate_a3r2
0.5B,logic,logic-0004,calib,single,1,1.0,68.0,
0.5B,logic,logic-0004,calib,vote,4,0.5,274.0,vote_k4
0.5B,logic,logic-0004,calib,oracle,4,1.0,274.0,oracle_k4
0.5B,logic,logic-0004,calib,judge,4,0.5,400.0,judge_k4
0.5B,logic,logic-0004,calib,vote,8,0.0,550.0,vote_k8
0.5B,logic,logic-0004,calib,oracle,8,1.0,550.0,oracle_k8
0.5B,logic,logic-0004,calib,judge,8,1.0,712.0,judge_k8
0.5B,logic,logic-0004,calib,seq,1,1.0,68.0,seq_r1
0.5B,logic,logic-0004,calib,seq,2,1.0,170.0,seq_r2
0.5B,logic,logic-0004,calib,seq,3,0.0,275.0,seq_r3
0.5B,logic,logic-0004,calib,seq,4,0.0,382.0,seq_r4
0.5B,logic,logic-0004,calib,long,2,0.0,369.0,long_m2
0.5B,logic,logic-0004,calib,long,4,0.0,369.0,long_m4
0.5B,logic,logic-0004,calib,debate,6,1.0,529.0,debate_a3r2
0.5B,logic,logic-0005,calib,single,1,0.0,66.0,
0.5B,logic,logic-0005,calib,vote,4,0.0,264.0,vote_k4
0.5B,logic,logic-0005,calib,oracle,4,0.0,264.0,oracle_k4
0.5B,logic,logic-0005,calib,judge,4,0.0,385.0,judge_k4
0.5B,logic,logic-0005,calib,vote,8,0.0,528.0,vote_k8
0.5B,logic,logic-0005,calib,oracle,8,0.0,528.0,oracle_k8
0.5B,logic,logic-0005,calib,judge,8,0.0,681.0,judge_k8
0.5B,logic,logic-0005,calib,seq,1,0.0,66.0,seq_r1
0.5B,logic,logic-0005,calib,seq,2,0.0,166.0,seq_r2
0.5B,logic,logic-0005,calib,seq,3,0.0,424.0,seq_r3
0.5B,logic,logic-0005,calib,seq,4,0.0,682.0,seq_r4
0.5B,logic,logic-0005,calib,long,2,0.0,338.0,long_m2
0.5B,logic,logic-0005,calib,long,4,0.0,338.0,long_m4
0.5B,logic,logic-0005,calib,debate,6,0.0,513.0,debate_a3r2
0.5B,logic,logic-0006,calib,single,1,0.0,69.0,
0.5B,logic,logic-0006,calib,vote,4,0.0,275.5,vote_k4
0.5B,logic,logic-0006,calib,oracle,4,0.0,275.5,oracle_k4
0.5B,logic,logic-0006,calib,judge,4,0.0,403.0,judge_k4
0.5B,logic,logic-0006,calib,vote,8,0.0,551.0,vote_k8
0.5B,logic,logic-0006,calib,oracle,8,0.0,551.0,oracle_k8
0.5B,logic,logic-0006,calib,judge,8,0.0,714.0,judge_k8
0.5B,logic,logic-0006,calib,seq,1,0.0,69.0,seq_r1
0.5B,logic,logic-0006,calib,seq,2,0.0,271.0,seq_r2
0.5B,logic,logic-0006,calib,seq,3,0.0,473.0,seq_r3
0.5B,logic,logic-0006,calib,seq,4,0.0,636.0,seq_r4
0.5B,logic,logic-0006,calib,long,2,0.0,101.0,long_m2
0.5B,logic,logic-0006,calib,long,4,0.0,101.0,long_m4
0.5B,logic,logic-0006,calib,debate,6,0.0,537.0,debate_a3r2
0.5B,logic,logic-0007,calib,single,1,0.0,61.0,
0.5B,logic,logic-0007,calib,vote,4,0.0,247.0,vote_k4
0.5B,logic,logic-0007,calib,oracle,4,0.0,247.0,oracle_k4
0.5B,logic,logic-0007,calib,judge,4,0.0,368.5,judge_k4
0.5B,logic,logic-0007,calib,vote,8,0.0,494.0,vote_k8
0.5B,logic,logic-0007,calib,oracle,8,0.0,494.0,oracle_k8
0.5B,logic,logic-0007,calib,judge,8,0.0,653.0,judge_k8
0.5B,logic,logic-0007,calib,seq,1,0.0,61.0,seq_r1
0.5B,logic,logic-0007,calib,seq,2,0.0,293.0,seq_r2
0.5B,logic,logic-0007,calib,seq,3,0.0,524.0,seq_r3
0.5B,logic,logic-0007,calib,seq,4,0.0,674.0,seq_r4
0.5B,logic,logic-0007,calib,long,2,0.0,229.0,long_m2
0.5B,logic,logic-0007,calib,long,4,0.0,229.0,long_m4
0.5B,logic,logic-0007,calib,debate,6,0.0,493.0,debate_a3r2
0.5B,logic,logic-0008,calib,single,1,1.0,65.0,
0.5B,logic,logic-0008,calib,vote,4,1.0,260.0,vote_k4
0.5B,logic,logic-0008,calib,oracle,4,1.0,260.0,oracle_k4
0.5B,logic,logic-0008,calib,judge,4,1.0,380.0,judge_k4
0.5B,logic,logic-0008,calib,vote,8,1.0,523.0,vote_k8
0.5B,logic,logic-0008,calib,oracle,8,1.0,523.0,oracle_k8
0.5B,logic,logic-0008,calib,judge,8,1.0,677.0,judge_k8
0.5B,logic,logic-0008,calib,seq,1,1.0,65.0,seq_r1
0.5B,logic,logic-0008,calib,seq,2,1.0,167.0,seq_r2
0.5B,logic,logic-0008,calib,seq,3,0.0,270.0,seq_r3
0.5B,logic,logic-0008,calib,seq,4,0.0,373.0,seq_r4
0.5B,logic,logic-0008,calib,long,2,1.0,97.0,long_m2
0.5B,logic,logic-0008,calib,long,4,1.0,97.0,long_m4
0.5B,logic,logic-0008,calib,debate,6,1.0,512.0,debate_a3r2
0.5B,logic,logic-0009,calib,single,1,1.0,68.0,
0.5B,logic,logic-0009,calib,vote,4,1.0,272.0,vote_k4
0.5B,logic,logic-0009,calib,oracle,4,1.0,272.0,oracle_k4
0.5B,logic,logic-0009,calib,judge,4,1.0,399.0,judge_k4
0.5B,logic,logic-0009,calib,vote,8,1.0,544.0,vote_k8
0.5B,logic,logic-0009,calib,oracle,8,1.0,544.0,oracle_k8
0.5B,logic,logic-0009,calib,judge,8,1.0,707.0,judge_k8
0.5B,logic,logic-0009,calib,seq,1,1.0,68.0,seq_r1
0.5B,logic,logic-0009,calib,seq,2,1.0,171.0,seq_r2
0.5B,logic,logic-0009,calib,seq,3,1.0,343.0,seq_r3
0.5B,logic,logic-0009,calib,seq,4,1.0,515.0,seq_r4
0.5B,logic,logic-0009,calib,long,2,0.0,101.0,long_m2
0.5B,logic,logic-0009,calib,long,4,0.0,101.0,long_m4
0.5B,logic,logic-0009,calib,debate,6,1.0,527.0,debate_a3r2
0.5B,logic,logic-0010,calib,single,1,1.0,59.0,
0.5B,logic,logic-0010,calib,vote,4,1.0,236.0,vote_k4
0.5B,logic,logic-0010,calib,oracle,4,1.0,236.0,oracle_k4
0.5B,logic,logic-0010,calib,judge,4,1.0,351.0,judge_k4
0.5B,logic,logic-0010,calib,vote,8,1.0,472.0,vote_k8
0.5B,logic,logic-0010,calib,oracle,8,1.0,472.0,oracle_k8
0.5B,logic,logic-0010,calib,judge,8,1.0,619.0,judge_k8
0.5B,logic,logic-0010,calib,seq,1,1.0,59.0,seq_r1
0.5B,logic,logic-0010,calib,seq,2,1.0,206.0,seq_r2
0.5B,logic,logic-0010,calib,seq,3,1.0,410.0,seq_r3
0.5B,logic,logic-0010,calib,seq,4,1.0,617.0,seq_r4
0.5B,logic,logic-0010,calib,long,2,1.0,91.0,long_m2
0.5B,logic,logic-0010,calib,long,4,1.0,91.0,long_m4
0.5B,logic,logic-0010,calib,debate,6,1.0,471.0,debate_a3r2
0.5B,logic,logic-0011,calib,single,1,0.0,76.0,
0.5B,logic,logic-0011,calib,vote,4,0.0,304.0,vote_k4
0.5B,logic,logic-0011,calib,oracle,4,0.0,304.0,oracle_k4
0.5B,logic,logic-0011,calib,judge,4,0.0,439.0,judge_k4
0.5B,logic,logic-0011,calib,vote,8,0.0,608.0,vote_k8
0.5B,logic,logic-0011,calib,oracle,8,0.0,608.0,oracle_k8
0.5B,logic,logic-0011,calib,judge,8,0.0,779.0,judge_k8
0.5B,logic,logic-0011,calib,seq,1,0.0,76.0,seq_r1
0.5B,logic,logic-0011,calib,seq,2,0.0,190.0,seq_r2
0.5B,logic,logic-0011,calib,seq,3,0.0,485.0,seq_r3
0.5B,logic,logic-0011,calib,seq,4,0.0,779.0,seq_r4
0.5B,logic,logic-0011,calib,long,2,0.0,361.0,long_m2
0.5B,logic,logic-0011,calib,long,4,0.0,361.0,long_m4
0.5B,logic,logic-0011,calib,debate,6,0.0,577.0,debate_a3r2
0.5B,logic,logic-0012,calib,single,1,1.0,60.0,
0.5B,logic,logic-0012,calib,vote,4,1.0,240.0,vote_k4
0.5B,logic,logic-0012,calib,oracle,4,1.0,240.0,oracle_k4
0.5B,logic,logic-0012,calib,judge,4,0.5,355.5,judge_k4
0.5B,logic,logic-0012,calib,vote,8,1.0,482.0,vote_k8
0.5B,logic,logic-0012,calib,oracle,8,1.0,482.0,oracle_k8
0.5B,logic,logic-0012,calib,judge,8,1.0,630.0,judge_k8
0.5B,logic,logic-0012,calib,seq,1,1.0,60.0,seq_r1
0.5B,logic,logic-0012,calib,seq,2,0.0,190.0,seq_r2
0.5B,logic,logic-0012,calib,seq,3,0.0,322.0,seq_r3
0.5B,logic,logic-0012,calib,seq,4,0.0,546.0,seq_r4
0.5B,logic,logic-0012,calib,long,2,0.0,256.0,long_m2
0.5B,logic,logic-0012,calib,long,4,0.0,256.0,long_m4
0.5B,logic,logic-0012,calib,debate,6,1.0,477.0,debate_a3r2
0.5B,logic,logic-0013,calib,single,1,0.0,69.0,
0.5B,logic,logic-0013,calib,vote,4,0.0,275.0,vote_k4
0.5B,logic,logic-0013,calib,oracle,4,0.0,275.0,oracle_k4
0.5B,logic,logic-0013,calib,judge,4,0.0,402.0,judge_k4
0.5B,logic,logic-0013,calib,vote,8,0.0,550.0,vote_k8
0.5B,logic,logic-0013,calib,oracle,8,0.0,550.0,oracle_k8
0.5B,logic,logic-0013,calib,judge,8,0.0,712.0,judge_k8
0.5B,logic,logic-0013,calib,seq,1,0.0,69.0,seq_r1
0.5B,logic,logic-0013,calib,seq,2,0.0,357.0,seq_r2
0.5B,logic,logic-0013,calib,seq,3,0.0,647.0,seq_r3
0.5B,logic,logic-0013,calib,seq,4,0.0,756.0,seq_r4
0.5B,logic,logic-0013,calib,long,2,0.0,564.0,long_m2
0.5B,logic,logic-0013,calib,long,4,0.0,564.0,long_m4
0.5B,logic,logic-0013,calib,debate,6,0.0,537.0,debate_a3r2
0.5B,logic,logic-0014,calib,single,1,0.0,65.0,
0.5B,logic,logic-0014,calib,vote,4,0.0,254.0,vote_k4
0.5B,logic,logic-0014,calib,oracle,4,0.0,254.0,oracle_k4
0.5B,logic,logic-0014,calib,judge,4,0.0,377.0,judge_k4
0.5B,logic,logic-0014,calib,vote,8,0.0,506.0,vote_k8
0.5B,logic,logic-0014,calib,oracle,8,0.0,506.0,oracle_k8
0.5B,logic,logic-0014,calib,judge,8,0.0,665.0,judge_k8
0.5B,logic,logic-0014,calib,seq,1,0.0,65.0,seq_r1
0.5B,logic,logic-0014,calib,seq,2,1.0,166.0,seq_r2
0.5B,logic,logic-0014,calib,seq,3,1.0,267.0,seq_r3
0.5B,logic,logic-0014,calib,seq,4,1.0,368.0,seq_r4
0.5B,logic,logic-0014,calib,long,2,0.0,420.0,long_m2
0.5B,logic,logic-0014,calib,long,4,0.0,420.0,long_m4
0.5B,logic,logic-0014,calib,debate,6,0.0,505.0,debate_a3r2
0.5B,logic,logic-0015,calib,single,1,0.0,67.0,
0.5B,logic,logic-0015,calib,vote,4,0.0,270.5,vote_k4
0.5B,logic,logic-0015,calib,oracle,4,0.0,270.5,oracle_k4
0.5B,logic,logic-0015,calib,judge,4,0.0,395.5,judge_k4
0.5B,logic,logic-0015,calib,vote,8,0.0,541.0,vote_k8
0.5B,logic,logic-0015,calib,oracle,8,0.0,541.0,oracle_k8
0.5B,logic,logic-0015,calib,judge,8,0.0,701.0,judge_k8
0.5B,logic,logic-0015,calib,seq,1,0.0,67.0,seq_r1
0.5B,logic,logic-0015,calib,seq,2,0.0,224.0,seq_r2
0.5B,logic,logic-0015,calib,seq,3,0.0,437.0,seq_r3
0.5B,logic,logic-0015,calib,seq,4,0.0,641.0,seq_r4
0.5B,logic,logic-0015,calib,long,2,0.0,100.0,long_m2
0.5B,logic,logic-0015,calib,long,4,0.0,100.0,long_m4
0.5B,logic,logic-0015,calib,debate,6,0.0,527.0,debate_a3r2
0.5B,logic,logic-0016,calib,single,1,0.0,59.0,
0.5B,logic,logic-0016,calib,vote,4,0.0,236.0,vote_k4
0.5B,logic,logic-0016,calib,oracle,4,0.0,236.0,oracle_k4
0.5B,logic,logic-0016,calib,judge,4,0.0,350.0,judge_k4
0.5B,logic,logic-0016,calib,vote,8,0.0,472.0,vote_k8
0.5B,logic,logic-0016,calib,oracle,8,0.0,472.0,oracle_k8
0.5B,logic,logic-0016,calib,judge,8,0.0,618.0,judge_k8
0.5B,logic,logic-0016,calib,seq,1,0.0,59.0,seq_r1
0.5B,logic,logic-0016,calib,seq,2,0.0,152.0,seq_r2
0.5B,logic,logic-0016,calib,seq,3,0.0,245.0,seq_r3
0.5B,logic,logic-0016,calib,seq,4,0.0,387.0,seq_r4
0.5B,logic,logic-0016,calib,long,2,1.0,179.0,long_m2
0.5B,logic,logic-0016,calib,long,4,1.0,179.0,long_m4
0.5B,logic,logic-0016,calib,debate,6,0.0,471.0,debate_a3r2
0.5B,logic,logic-0017,calib,single,1,1.0,73.0,
0.5B,logic,logic-0017,calib,vote,4,1.0,292.0,vote_k4
0.5B,logic,logic-0017,calib,oracle,4,1.0,292.0,oracle_k4
0.5B,logic,logic-0017,calib,judge,4,1.0,424.0,judge_k4
0.5B,logic,logic-0017,calib,vote,8,1.0,583.0,vote_k8
0.5B,logic,logic-0017,calib,oracle,8,1.0,583.0,oracle_k8
0.5B,logic,logic-0017,calib,judge,8,1.0,750.0,judge_k8
0.5B,logic,logic-0017,calib,seq,1,1.0,73.0,seq_r1
0.5B,logic,logic-0017,calib,seq,2,1.0,184.0,seq_r2
0.5B,logic,logic-0017,calib,seq,3,1.0,297.0,seq_r3
0.5B,logic,logic-0017,calib,seq,4,1.0,494.0,seq_r4
0.5B,logic,logic-0017,calib,long,2,0.0,355.0,long_m2
0.5B,logic,logic-0017,calib,long,4,0.0,355.0,long_m4
0.5B,logic,logic-0017,calib,debate,6,1.0,572.0,debate_a3r2
0.5B,logic,logic-0018,calib,single,1,0.0,68.0,
0.5B,logic,logic-0018,calib,vote,4,0.0,271.5,vote_k4
0.5B,logic,logic-0018,calib,oracle,4,0.0,271.5,oracle_k4
0.5B,logic,logic-0018,calib,judge,4,0.0,397.5,judge_k4
0.5B,logic,logic-0018,calib,vote,8,0.0,543.0,vote_k8
0.5B,logic,logic-0018,calib,oracle,8,0.0,543.0,oracle_k8
0.5B,logic,logic-0018,calib,judge,8,0.0,704.0,judge_k8
0.5B,logic,logic-0018,calib,seq,1,0.0,68.0,seq_r1
0.5B,logic,logic-0018,calib,seq,2,0.0,174.0,seq_r2
0.5B,logic,logic-0018,calib,seq,3,0.0,278.0,seq_r3
0.5B,logic,logic-0018,calib,seq,4,0.0,378.0,seq_r4
0.5B,logic,logic-0018,calib,long,2,0.0,373.0,long_m2
0.5B,logic,logic-0018,calib,long,4,0.0,373.0,long_m4
0.5B,logic,logic-0018,calib,debate,6,0.0,531.0,debate_a3r2
0.5B,logic,logic-0019,calib,single,1,0.0,64.0,
0.5B,logic,logic-0019,calib,vote,4,0.0,260.0,vote_k4
0.5B,logic,logic-0019,calib,oracle,4,0.5,260.0,oracle_k4
0.5B,logic,logic-0019,calib,judge,4,0.0,380.5,judge_k4
0.5B,logic,logic-0019,calib,vote,8,0.0,524.0,vote_k8
0.5B,logic,logic-0019,calib,oracle,8,1.0,524.0,oracle_k8
0.5B,logic,logic-0019,calib,judge,8,0.0,680.0,judge_k8
0.5B,logic,logic-0019,calib,seq,1,0.0,64.0,seq_r1
0.5B,logic,logic-0019,calib,seq,2,0.0,161.0,seq_r2
0.5B,logic,logic-0019,calib,seq,3,0.0,258.0,seq_r3
0.5B,logic,logic-0019,calib,seq,4,0.0,355.0,seq_r4
0.5B,logic,logic-0019,calib,long,2,0.0,100.0,long_m2
0.5B,logic,logic-0019,calib,long,4,0.0,100.0,long_m4
0.5B,logic,logic-0019,calib,debate,6,0.0,502.0,debate_a3r2
0.5B,logic,logic-0020,calib,single,1,1.0,68.0,
0.5B,logic,logic-0020,calib,vote,4,0.0,280.0,vote_k4
0.5B,logic,logic-0020,calib,oracle,4,1.0,280.0,oracle_k4
0.5B,logic,logic-0020,calib,judge,4,0.0,408.0,judge_k4
0.5B,logic,logic-0020,calib,vote,8,0.0,562.0,vote_k8
0.5B,logic,logic-0020,calib,oracle,8,1.0,562.0,oracle_k8
0.5B,logic,logic-0020,calib,judge,8,1.0,727.0,judge_k8
0.5B,logic,logic-0020,calib,seq,1,1.0,68.0,seq_r1
0.5B,logic,logic-0020,calib,seq,2,1.0,169.0,seq_r2
0.5B,logic,logic-0020,calib,seq,3,1.0,271.0,seq_r3
0.5B,logic,logic-0020,calib,seq,4,0.0,375.0,seq_r4
0.5B,logic,logic-0020,calib,long,2,0.0,102.0,long_m2
0.5B,logic,logic-0020,calib,long,4,0.0,102.0,long_m4
0.5B,logic,logic-0020,calib,debate,6,0.0,543.0,debate_a3r2
0.5B,logic,logic-0021,calib,single,1,0.0,67.0,
0.5B,logic,logic-0021,calib,vote,4,0.0,272.0,vote_k4
0.5B,logic,logic-0021,calib,oracle,4,0.0,272.0,oracle_k4
0.5B,logic,logic-0021,calib,judge,4,0.0,398.0,judge_k4
0.5B,logic,logic-0021,calib,vote,8,0.0,545.0,vote_k8
0.5B,logic,logic-0021,calib,oracle,8,0.0,545.0,oracle_k8
0.5B,logic,logic-0021,calib,judge,8,0.0,707.0,judge_k8
0.5B,logic,logic-0021,calib,seq,1,0.0,67.0,seq_r1
0.5B,logic,logic-0021,calib,seq,2,0.0,168.0,seq_r2
0.5B,logic,logic-0021,calib,seq,3,0.0,271.0,seq_r3
0.5B,logic,logic-0021,calib,seq,4,0.0,374.0,seq_r4
0.5B,logic,logic-0021,calib,long,2,0.0,413.0,long_m2
0.5B,logic,logic-0021,calib,long,4,0.0,413.0,long_m4
0.5B,logic,logic-0021,calib,debate,6,0.0,526.0,debate_a3r2
0.5B,logic,logic-0022,calib,single,1,0.0,60.0,
0.5B,logic,logic-0022,calib,vote,4,0.0,246.0,vote_k4
0.5B,logic,logic-0022,calib,oracle,4,1.0,246.0,oracle_k4
0.5B,logic,logic-0022,calib,judge,4,0.5,365.0,judge_k4
0.5B,logic,logic-0022,calib,vote,8,0.0,495.0,vote_k8
0.5B,logic,logic-0022,calib,oracle,8,1.0,495.0,oracle_k8
0.5B,logic,logic-0022,calib,judge,8,0.0,652.0,judge_k8
0.5B,logic,logic-0022,calib,seq,1,0.0,60.0,seq_r1
0.5B,logic,logic-0022,calib,seq,2,0.0,154.0,seq_r2
0.5B,logic,logic-0022,calib,seq,3,0.0,248.0,seq_r3
0.5B,logic,logic-0022,calib,seq,4,0.0,342.0,seq_r4
0.5B,logic,logic-0022,calib,long,2,0.0,494.0,long_m2
0.5B,logic,logic-0022,calib,long,4,0.0,494.0,long_m4
0.5B,logic,logic-0022,calib,debate,6,1.0,477.0,debate_a3r2
0.5B,logic,logic-0023,calib,single,1,0.0,75.0,
0.5B,logic,logic-0023,calib,vote,4,0.0,300.0,vote_k4
0.5B,logic,logic-0023,calib,oracle,4,0.0,300.0,oracle_k4
0.5B,logic,logic-0023,calib,judge,4,0.0,430.0,judge_k4
0.5B,logic,logic-0023,calib,vote,8,0.0,602.0,vote_k8
0.5B,logic,logic-0023,calib,oracle,8,0.0,602.0,oracle_k8
0.5B,logic,logic-0023,calib,judge,8,0.0,766.0,judge_k8
0.5B,logic,logic-0023,calib,seq,1,0.0,75.0,seq_r1
0.5B,logic,logic-0023,calib,seq,2,0.0,336.0,seq_r2
0.5B,logic,logic-0023,calib,seq,3,0.0,598.0,seq_r3
0.5B,logic,logic-0023,calib,seq,4,0.0,993.0,seq_r4
0.5B,logic,logic-0023,calib,long,2,0.0,138.0,long_m2
0.5B,logic,logic-0023,calib,long,4,0.0,138.0,long_m4
0.5B,logic,logic-0023,calib,debate,6,0.0,570.0,debate_a3r2
0.5B,logic,logic-0024,calib,single,1,0.0,70.0,
0.5B,logic,logic-0024,calib,vote,4,0.0,281.0,vote_k4
0.5B,logic,logic-0024,calib,oracle,4,0.0,281.0,oracle_k4
0.5B,logic,logic-0024,calib,judge,4,0.0,410.0,judge_k4
0.5B,logic,logic-0024,calib,vote,8,0.0,561.0,vote_k8
0.5B,logic,logic-0024,calib,oracle,8,0.0,561.0,oracle_k8
0.5B,logic,logic-0024,calib,judge,8,0.0,726.0,judge_k8
0.5B,logic,logic-0024,calib,seq,1,0.0,70.0,seq_r1
0.5B,logic,logic-0024,calib,seq,2,0.0,238.0,seq_r2
0.5B,logic,logic-0024,calib,seq,3,0.0,405.0,seq_r3
0.5B,logic,logic-0024,calib,seq,4,1.0,686.0,seq_r4
0.5B,logic,logic-0024,calib,long,2,0.0,365.0,long_m2
0.5B,logic,logic-0024,calib,long,4,0.0,365.0,long_m4
0.5B,logic,logic-0024,calib,debate,6,0.0,544.0,debate_a3r2
0.5B,logic,logic-0025,calib,single,1,0.0,68.0,
0.5B,logic,logic-0025,calib,vote,4,0.0,275.5,vote_k4
0.5B,logic,logic-0025,calib,oracle,4,0.0,275.5,oracle_k4
0.5B,logic,logic-0025,calib,judge,4,0.0,401.5,judge_k4
0.5B,logic,logic-0025,calib,vote,8,0.0,552.0,vote_k8
0.5B,logic,logic-0025,calib,oracle,8,0.0,552.0,oracle_k8
0.5B,logic,logic-0025,calib,judge,8,0.0,713.0,judge_k8
0.5B,logic,logic-0025,calib,seq,1,0.0,68.0,seq_r1
0.5B,logic,logic-0025,calib,seq,2,0.0,170.0,seq_r2
0.5B,logic,logic-0025,calib,seq,3,0.0,352.0,seq_r3
0.5B,logic,logic-0025,calib,seq,4,0.0,533.0,seq_r4
0.5B,logic,logic-0025,calib,long,2,0.0,269.0,long_m2
0.5B,logic,logic-0025,calib,long,4,0.0,269.0,long_m4
0.5B,logic,logic-0025,calib,debate,6,0.0,536.0,debate_a3r2
0.5B,logic,logic-0026,calib,single,1,0.0,68.0,
0.5B,logic,logic-0026,calib,vote,4,0.0,271.0,vote_k4
0.5B,logic,logic-0026,calib,oracle,4,1.0,271.0,oracle_k4
0.5B,logic,logic-0026,calib,judge,4,0.5,396.5,judge_k4
0.5B,logic,logic-0026,calib,vote,8,0.0,541.0,vote_k8
0.5B,logic,logic-0026,calib,oracle,8,1.0,541.0,oracle_k8
0.5B,logic,logic-0026,calib,judge,8,0.0,701.0,judge_k8
0.5B,logic,logic-0026,calib,seq,1,0.0,68.0,seq_r1
0.5B,logic,logic-0026,calib,seq,2,0.0,295.0,seq_r2
0.5B,logic,logic-0026,calib,seq,3,0.0,519.0,seq_r3
0.5B,logic,logic-0026,calib,seq,4,0.0,618.0,seq_r4
0.5B,logic,logic-0026,calib,long,2,0.0,303.0,long_m2
0.5B,logic,logic-0026,calib,long,4,0.0,303.0,long_m4
0.5B,logic,logic-0026,calib,debate,6,1.0,523.0,debate_a3r2
0.5B,logic,logic-0027,calib,single,1,0.0,68.0,
0.5B,logic,logic-0027,calib,vote,4,0.0,271.5,vote_k4
0.5B,logic,logic-0027,calib,oracle,4,0.0,271.5,oracle_k4
0.5B,logic,logic-0027,calib,judge,4,0.0,398.0,judge_k4
0.5B,logic,logic-0027,calib,vote,8,0.0,541.0,vote_k8
0.5B,logic,logic-0027,calib,oracle,8,0.0,541.0,oracle_k8
0.5B,logic,logic-0027,calib,judge,8,0.0,701.0,judge_k8
0.5B,logic,logic-0027,calib,seq,1,0.0,68.0,seq_r1
0.5B,logic,logic-0027,calib,seq,2,0.0,169.0,seq_r2
0.5B,logic,logic-0027,calib,seq,3,0.0,268.0,seq_r3
0.5B,logic,logic-0027,calib,seq,4,0.0,367.0,seq_r4
0.5B,logic,logic-0027,calib,long,2,0.0,399.0,long_m2
0.5B,logic,logic-0027,calib,long,4,0.0,399.0,long_m4
0.5B,logic,logic-0027,calib,debate,6,0.0,526.0,debate_a3r2
0.5B,logic,logic-0028,calib,single,1,0.0,70.0,
0.5B,logic,logic-0028,calib,vote,4,0.0,279.0,vote_k4
0.5B,logic,logic-0028,calib,oracle,4,0.0,279.0,oracle_k4
0.5B,logic,logic-0028,calib,judge,4,0.0,407.0,judge_k4
0.5B,logic,logic-0028,calib,vote,8,0.0,557.0,vote_k8
0.5B,logic,logic-0028,calib,oracle,8,0.0,557.0,oracle_k8
0.5B,logic,logic-0028,calib,judge,8,0.0,719.0,judge_k8
0.5B,logic,logic-0028,calib,seq,1,0.0,70.0,seq_r1
0.5B,logic,logic-0028,calib,seq,2,0.0,240.0,seq_r2
0.5B,logic,logic-0028,calib,seq,3,0.0,412.0,seq_r3
0.5B,logic,logic-0028,calib,seq,4,0.0,520.0,seq_r4
0.5B,logic,logic-0028,calib,long,2,0.0,276.0,long_m2
0.5B,logic,logic-0028,calib,long,4,0.0,276.0,long_m4
0.5B,logic,logic-0028,calib,debate,6,0.0,543.0,debate_a3r2
0.5B,logic,logic-0029,calib,single,1,0.0,63.0,
0.5B,logic,logic-0029,calib,vote,4,0.0,253.0,vote_k4
0.5B,logic,logic-0029,calib,oracle,4,0.0,253.0,oracle_k4
0.5B,logic,logic-0029,calib,judge,4,0.0,375.5,judge_k4
0.5B,logic,logic-0029,calib,vote,8,0.0,508.0,vote_k8
0.5B,logic,logic-0029,calib,oracle,8,0.0,508.0,oracle_k8
0.5B,logic,logic-0029,calib,judge,8,0.0,668.0,judge_k8
0.5B,logic,logic-0029,calib,seq,1,0.0,63.0,seq_r1
0.5B,logic,logic-0029,calib,seq,2,0.0,267.0,seq_r2
0.5B,logic,logic-0029,calib,seq,3,0.0,469.0,seq_r3
0.5B,logic,logic-0029,calib,seq,4,0.0,563.0,seq_r4
0.5B,logic,logic-0029,calib,long,2,0.0,95.0,long_m2
0.5B,logic,logic-0029,calib,long,4,0.0,95.0,long_m4
0.5B,logic,logic-0029,calib,debate,6,0.0,507.0,debate_a3r2
0.5B,logic,logic-0030,test,single,1,0.0,75.0,
0.5B,logic,logic-0030,test,vote,4,0.0,300.0,vote_k4
0.5B,logic,logic-0030,test,oracle,4,0.0,300.0,oracle_k4
0.5B,logic,logic-0030,test,judge,4,0.0,434.0,judge_k4
0.5B,logic,logic-0030,test,vote,8,0.0,600.0,vote_k8
0.5B,logic,logic-0030,test,oracle,8,0.0,600.0,oracle_k8
0.5B,logic,logic-0030,test,judge,8,0.0,770.0,judge_k8
0.5B,logic,logic-0030,test,seq,1,0.0,75.0,seq_r1
0.5B,logic,logic-0030,test,seq,2,0.0,188.0,seq_r2
0.5B,logic,logic-0030,test,seq,3,0.0,303.0,seq_r3
0.5B,logic,logic-0030,test,seq,4,0.0,418.0,seq_r4
0.5B,logic,logic-0030,test,long,2,0.0,390.0,long_m2
0.5B,logic,logic-0030,test,long,4,0.0,390.0,long_m4
0.5B,logic,logic-0030,test,debate,6,0.0,571.0,debate_a3r2
0.5B,logic,logic-0031,test,single,1,0.0,72.0,
0.5B,logic,logic-0031,test,vote,4,0.0,287.5,vote_k4
0.5B,logic,logic-0031,test,oracle,4,0.5,287.5,oracle_k4
0.5B,logic,logic-0031,test,judge,4,0.0,418.0,judge_k4
0.5B,logic,logic-0031,test,vote,8,0.0,575.0,vote_k8
0.5B,logic,logic-0031,test,oracle,8,1.0,575.0,oracle_k8
0.5B,logic,logic-0031,test,judge,8,0.0,741.0,judge_k8
0.5B,logic,logic-0031,test,seq,1,0.0,72.0,seq_r1
0.5B,logic,logic-0031,test,seq,2,0.0,304.0,seq_r2
0.5B,logic,logic-0031,test,seq,3,0.0,661.0,seq_r3
0.5B,logic,logic-0031,test,seq,4,0.0,1018.0,seq_r4
0.5B,logic,logic-0031,test,long,2,0.0,217.0,long_m2
0.5B,logic,logic-0031,test,long,4,0.0,217.0,long_m4
0.5B,logic,logic-0031,test,debate,6,0.0,555.0,debate_a3r2
0.5B,logic,logic-0032,test,single,1,0.0,63.0,
0.5B,logic,logic-0032,test,vote,4,0.0,251.0,vote_k4
0.5B,logic,logic-0032,test,oracle,4,0.0,251.0,oracle_k4
0.5B,logic,logic-0032,test,judge,4,0.0,371.0,judge_k4
0.5B,logic,logic-0032,test,vote,8,0.0,503.0,vote_k8
0.5B,logic,logic-0032,test,oracle,8,0.0,503.0,oracle_k8
0.5B,logic,logic-0032,test,judge,8,0.0,659.0,judge_k8
0.5B,logic,logic-0032,test,seq,1,0.0,63.0,seq_r1
0.5B,logic,logic-0032,test,seq,2,0.0,319.0,seq_r2
0.5B,logic,logic-0032,test,seq,3,0.0,737.0,seq_r3
0.5B,logic,logic-0032,test,seq,4,0.0,996.0,seq_r4
0.5B,logic,logic-0032,test,long,2,0.0,95.0,long_m2
0.5B,logic,logic-0032,test,long,4,0.0,95.0,long_m4
0.5B,logic,logic-0032,test,debate,6,0.0,492.0,debate_a3r2
0.5B,logic,logic-0033,test,single,1,0.0,60.0,
0.5B,logic,logic-0033,test,vote,4,0.0,241.0,vote_k4
0.5B,logic,logic-0033,test,oracle,4,0.5,241.0,oracle_k4
0.5B,logic,logic-0033,test,judge,4,0.0,358.0,judge_k4
0.5B,logic,logic-0033,test,vote,8,0.0,482.0,vote_k8
0.5B,logic,logic-0033,test,oracle,8,1.0,482.0,oracle_k8
0.5B,logic,logic-0033,test,judge,8,0.0,632.0,judge_k8
0.5B,logic,logic-0033,test,seq,1,0.0,60.0,seq_r1
0.5B,logic,logic-0033,test,seq,2,0.0,154.0,seq_r2
0.5B,logic,logic-0033,test,seq,3,0.0,335.0,seq_r3
0.5B,logic,logic-0033,test,seq,4,0.0,515.0,seq_r4
0.5B,logic,logic-0033,test,long,2,0.0,219.0,long_m2
0.5B,logic,logic-0033,test,long,4,0.0,219.0,long_m4
0.5B,logic,logic-0033,test,debate,6,0.0,477.0,debate_a3r2
0.5B,logic,logic-0034,test,single,1,0.0,66.0,
0.5B,logic,logic-0034,test,vote,4,0.0,264.0,vote_k4
0.5B,logic,logic-0034,test,oracle,4,0.0,264.0,oracle_k4
0.5B,logic,logic-0034,test,judge,4,0.0,386.0,judge_k4
0.5B,logic,logic-0034,test,vote,8,0.0,529.0,vote_k8
0.5B,logic,logic-0034,test,oracle,8,0.0,529.0,oracle_k8
0.5B,logic,logic-0034,test,judge,8,0.0,684.0,judge_k8
0.5B,logic,logic-0034,test,seq,1,0.0,66.0,seq_r1
0.5B,logic,logic-0034,test,seq,2,0.0,321.0,seq_r2
0.5B,logic,logic-0034,test,seq,3,0.0,576.0,seq_r3
0.5B,logic,logic-0034,test,seq,4,0.0,676.0,seq_r4
0.5B,logic,logic-0034,test,long,2,0.0,98.0,long_m2
0.5B,logic,logic-0034,test,long,4,0.0,98.0,long_m4
0.5B,logic,logic-0034,test,debate,6,0.0,511.0,debate_a3r2
0.5B,logic,logic-0035,test,single,1,0.0,69.0,
0.5B,logic,logic-0035,test,vote,4,0.0,276.0,vote_k4
0.5B,logic,logic-0035,test,oracle,4,0.0,276.0,oracle_k4
0.5B,logic,logic-0035,test,judge,4,0.0,404.0,judge_k4
0.5B,logic,logic-0035,test,vote,8,0.0,552.0,vote_k8
0.5B,logic,logic-0035,test,oracle,8,0.0,552.0,oracle_k8
0.5B,logic,logic-0035,test,judge,8,0.0,716.0,judge_k8
0.5B,logic,logic-0035,test,seq,1,0.0,69.0,seq_r1
0.5B,logic,logic-0035,test,seq,2,0.0,338.0,seq_r2
0.5B,logic,logic-0035,test,seq,3,0.0,605.0,seq_r3
0.5B,logic,logic-0035,test,seq,4,0.0,705.0,seq_r4
0.5B,logic,logic-0035,test,long,2,0.0,101.0,long_m2
0.5B,logic,logic-0035,test,long,4,0.0,101.0,long_m4
0.5B,logic,logic-0035,test,debate,6,0.0,533.0,debate_a3r2
0.5B,logic,logic-0036,test,single,1,0.0,68.0,
0.5B,logic,logic-0036,test,vote,4,0.0,272.0,vote_k4
0.5B,logic,logic-0036,test,oracle,4,0.0,272.0,oracle_k4
0.5B,logic,logic-0036,test,judge,4,0.0,395.0,judge_k4
0.5B,logic,logic-0036,test,vote,8,0.0,544.0,vote_k8
0.5B,logic,logic-0036,test,oracle,8,0.0,544.0,oracle_k8
0.5B,logic,logic-0036,test,judge,8,0.0,699.0,judge_k8
0.5B,logic,logic-0036,test,seq,1,0.0,68.0,seq_r1
0.5B,logic,logic-0036,test,seq,2,0.0,352.0,seq_r2
0.5B,logic,logic-0036,test,seq,3,0.0,636.0,seq_r3
0.5B,logic,logic-0036,test,seq,4,0.0,802.0,seq_r4
0.5B,logic,logic-0036,test,long,2,0.0,100.0,long_m2
0.5B,logic,logic-0036,test,long,4,0.0,100.0,long_m4
0.5B,logic,logic-0036,test,debate,6,0.0,525.0,debate_a3r2
0.5B,logic,logic-0037,test,single,1,0.0,75.0,
0.5B,logic,logic-0037,test,vote,4,0.0,299.5,vote_k4
0.5B,logic,logic-0037,test,oracle,4,0.0,299.5,oracle_k4
0.5B,logic,logic-0037,test,judge,4,0.0,433.0,judge_k4
0.5B,logic,logic-0037,test,vote,8,0.0,599.0,vote_k8
0.5B,logic,logic-0037,test,oracle,8,0.0,599.0,oracle_k8
0.5B,logic,logic-0037,test,judge,8,0.0,768.0,judge_k8
0.5B,logic,logic-0037,test,seq,1,0.0,75.0,seq_r1
0.5B,logic,logic-0037,test,seq,2,0.0,398.0,seq_r2
0.5B,logic,logic-0037,test,seq,3,0.0,973.0,seq_r3
0.5B,logic,logic-0037,test,seq,4,0.0,1335.0,seq_r4
0.5B,logic,logic-0037,test,long,2,0.0,353.0,long_m2
0.5B,logic,logic-0037,test,long,4,0.0,353.0,long_m4
0.5B,logic,logic-0037,test,debate,6,0.0,571.0,debate_a3r2
0.5B,logic,logic-0038,test,single,1,1.0,68.0,
0.5B,logic,logic-0038,test,vote,4,0.5,274.5,vote_k4
0.5B,logic,logic-0038,test,oracle,4,1.0,274.5,oracle_k4
0.5B,logic,logic-0038,test,judge,4,0.5,403.5,judge_k4
0.5B,logic,logic-0038,test,vote,8,1.0,549.0,vote_k8
0.5B,logic,logic-0038,test,oracle,8,1.0,549.0,oracle_k8
0.5B,logic,logic-0038,test,judge,8,1.0,716.0,judge_k8
0.5B,logic,logic-0038,test,seq,1,1.0,68.0,seq_r1
0.5B,logic,logic-0038,test,seq,2,1.0,169.0,seq_r2
0.5B,logic,logic-0038,test,seq,3,1.0,268.0,seq_r3
0.5B,logic,logic-0038,test,seq,4,1.0,369.0,seq_r4
0.5B,logic,logic-0038,test,long,2,1.0,317.0,long_m2
0.5B,logic,logic-0038,test,long,4,1.0,317.0,long_m4
0.5B,logic,logic-0038,test,debate,6,1.0,531.0,debate_a3r2
0.5B,logic,logic-0039,test,single,1,0.0,67.0,
0.5B,logic,logic-0039,test,vote,4,0.0,268.0,vote_k4
0.5B,logic,logic-0039,test,oracle,4,0.0,268.0,oracle_k4
0.5B,logic,logic-0039,test,judge,4,0.0,390.0,judge_k4
0.5B,logic,logic-0039,test,vote,8,0.0,536.0,vote_k8
0.5B,logic,logic-0039,test,oracle,8,0.0,536.0,oracle_k8
0.5B,logic,logic-0039,test,judge,8,0.0,690.0,judge_k8
0.5B,logic,logic-0039,test,seq,1,0.0,67.0,seq_r1
0.5B,logic,logic-0039,test,seq,2,0.0,225.0,seq_r2
0.5B,logic,logic-0039,test,seq,3,0.0,382.0,seq_r3
0.5B,logic,logic-0039,test,seq,4,0.0,507.0,seq_r4
0.5B,logic,logic-0039,test,long,2,0.0,385.0,long_m2
0.5B,logic,logic-0039,test,long,4,0.0,385.0,long_m4
0.5B,logic,logic-0039,test,debate,6,0.0,519.0,debate_a3r2
0.5B,logic,logic-0040,test,single,1,1.0,67.0,
0.5B,logic,logic-0040,test,vote,4,1.0,268.0,vote_k4
0.5B,logic,logic-0040,test,oracle,4,1.0,268.0,oracle_k4
0.5B,logic,logic-0040,test,judge,4,1.0,394.0,judge_k4
0.5B,logic,logic-0040,test,vote,8,1.0,536.0,vote_k8
0.5B,logic,logic-0040,test,oracle,8,1.0,536.0,oracle_k8
0.5B,logic,logic-0040,test,judge,8,1.0,698.0,judge_k8
0.5B,logic,logic-0040,test,seq,1,1.0,67.0,seq_r1
0.5B,logic,logic-0040,test,seq,2,0.0,175.0,seq_r2
0.5B,logic,logic-0040,test,seq,3,0.0,289.0,seq_r3
0.5B,logic,logic-0040,test,seq,4,0.0,396.0,seq_r4
0.5B,logic,logic-0040,test,long,2,1.0,99.0,long_m2
0.5B,logic,logic-0040,test,long,4,1.0,99.0,long_m4
0.5B,logic,logic-0040,test,debate,6,1.0,525.0,debate_a3r2
0.5B,logic,logic-0041,test,single,1,0.0,63.0,
0.5B,logic,logic-0041,test,vote,4,0.0,254.5,vote_k4
0.5B,logic,logic-0041,test,oracle,4,0.0,254.5,oracle_k4
0.5B,logic,logic-0041,test,judge,4,0.0,378.0,judge_k4
0.5B,logic,logic-0041,test,vote,8,0.0,511.0,vote_k8
0.5B,logic,logic-0041,test,oracle,8,0.0,511.0,oracle_k8
0.5B,logic,logic-0041,test,judge,8,0.0,673.0,judge_k8
0.5B,logic,logic-0041,test,seq,1,0.0,63.0,seq_r1
0.5B,logic,logic-0041,test,seq,2,0.0,164.0,seq_r2
0.5B,logic,logic-0041,test,seq,3,0.0,264.0,seq_r3
0.5B,logic,logic-0041,test,seq,4,0.0,495.0,seq_r4
0.5B,logic,logic-0041,test,long,2,0.0,410.0,long_m2
0.5B,logic,logic-0041,test,long,4,0.0,410.0,long_m4
0.5B,logic,logic-0041,test,debate,6,0.0,499.0,debate_a3r2
0.5B,logic,logic-0042,test,single,1,0.0,72.0,
0.5B,logic,logic-0042,test,vote,4,0.0,288.5,vote_k4
0.5B,logic,logic-0042,test,oracle,4,0.0,288.5,oracle_k4
0.5B,logic,logic-0042,test,judge,4,0.0,416.0,judge_k4
0.5B,logic,logic-0042,test,vote,8,0.0,578.0,vote_k8
0.5B,logic,logic-0042,test,oracle,8,0.0,578.0,oracle_k8
0.5B,logic,logic-0042,test,judge,8,0.0,739.0,judge_k8
0.5B,logic,logic-0042,test,seq,1,0.0,72.0,seq_r1
0.5B,logic,logic-0042,test,seq,2,1.0,300.0,seq_r2
0.5B,logic,logic-0042,test,seq,3,1.0,528.0,seq_r3
0.5B,logic,logic-0042,test,seq,4,0.0,790.0,seq_r4
0.5B,logic,logic-0042,test,long,2,1.0,488.0,long_m2
0.5B,logic,logic-0042,test,long,4,1.0,488.0,long_m4
0.5B,logic,logic-0042,test,debate,6,0.0,549.0,debate_a3r2
0.5B,logic,logic-0043,test,single,1,0.0,67.0,
0.5B,logic,logic-0043,test,vote,4,0.0,267.0,vote_k4
0.5B,logic,logic-0043,test,oracle,4,1.0,267.0,oracle_k4
0.5B,logic,logic-0043,test,judge,4,0.5,392.0,judge_k4
0.5B,logic,logic-0043,test,vote,8,0.0,533.0,vote_k8
0.5B,logic,logic-0043,test,oracle,8,1.0,533.0,oracle_k8
0.5B,logic,logic-0043,test,judge,8,0.0,692.0,judge_k8
0.5B,logic,logic-0043,test,seq,1,0.0,67.0,seq_r1
0.5B,logic,logic-0043,test,seq,2,0.0,171.0,seq_r2
0.5B,logic,logic-0043,test,seq,3,0.0,276.0,seq_r3
0.5B,logic,logic-0043,test,seq,4,0.0,381.0,seq_r4
0.5B,logic,logic-0043,test,long,2,0.0,102.0,long_m2
0.5B,logic,logic-0043,test,long,4,0.0,102.0,long_m4
0.5B,logic,logic-0043,test,debate,6,0.0,518.0,debate_a3r2
0.5B,logic,logic-0044,test,single,1,0.0,60.0,
0.5B,logic,logic-0044,test,vote,4,0.0,240.5,vote_k4
0.5B,logic,logic-0044,test,oracle,4,1.0,240.5,oracle_k4
0.5B,logic,logic-0044,test,judge,4,0.0,356.0,judge_k4
0.5B,logic,logic-0044,test,vote,8,0.0,481.0,vote_k8
0.5B,logic,logic-0044,test,oracle,8,1.0,481.0,oracle_k8
0.5B,logic,logic-0044,test,judge,8,0.0,629.0,judge_k8
0.5B,logic,logic-0044,test,seq,1,0.0,60.0,seq_r1
0.5B,logic,logic-0044,test,seq,2,0.0,165.0,seq_r2
0.5B,logic,logic-0044,test,seq,3,0.0,269.0,seq_r3
0.5B,logic,logic-0044,test,seq,4,0.0,361.0,seq_r4
0.5B,logic,logic-0044,test,long,2,0.0,261.0,long_m2
0.5B,logic,logic-0044,test,long,4,0.0,261.0,long_m4
0.5B,logic,logic-0044,test,debate,6,0.0,477.0,debate_a3r2
0.5B,logic,logic-0045,test,single,1,0.0,71.0,
0.5B,logic,logic-0045,test,vote,4,0.0,283.5,vote_k4
0.5B,logic,logic-0045,test,oracle,4,0.0,283.5,oracle_k4
0.5B,logic,logic-0045,test,judge,4,0.0,413.0,judge_k4
0.5B,logic,logic-0045,test,vote,8,0.0,567.0,vote_k8
0.5B,logic,logic-0045,test,oracle,8,1.0,567.0,oracle_k8
0.5B,logic,logic-0045,test,judge,8,0.0,732.0,judge_k8
0.5B,logic,logic-0045,test,seq,1,0.0,71.0,seq_r1
0.5B,logic,logic-0045,test,seq,2,0.0,177.0,seq_r2
0.5B,logic,logic-0045,test,seq,3,0.0,286.0,seq_r3
0.5B,logic,logic-0045,test,seq,4,0.0,393.0,seq_r4
0.5B,logic,logic-0045,test,long,2,0.0,409.0,long_m2
0.5B,logic,logic-0045,test,long,4,0.0,409.0,long_m4
0.5B,logic,logic-0045,test,debate,6,1.0,545.0,debate_a3r2
0.5B,logic,logic-0046,test,single,1,0.0,66.0,
0.5B,logic,logic-0046,test,vote,4,1.0,265.5,vote_k4
0.5B,logic,logic-0046,test,oracle,4,1.0,265.5,oracle_k4
0.5B,logic,logic-0046,test,judge,4,1.0,387.5,judge_k4
0.5B,logic,logic-0046,test,vote,8,1.0,531.0,vote_k8
0.5B,logic,logic-0046,test,oracle,8,1.0,531.0,oracle_k8
0.5B,logic,logic-0046,test,judge,8,0.0,686.0,judge_k8
0.5B,logic,logic-0046,test,seq,1,0.0,66.0,seq_r1
0.5B,logic,logic-0046,test,seq,2,1.0,358.0,seq_r2
0.5B,logic,logic-0046,test,seq,3,0.0,935.0,seq_r3
0.5B,logic,logic-0046,test,seq,4,1.0,1319.0,seq_r4
0.5B,logic,logic-0046,test,long,2,1.0,98.0,long_m2
0.5B,logic,logic-0046,test,long,4,1.0,98.0,long_m4
0.5B,logic,logic-0046,test,debate,6,1.0,513.0,debate_a3r2
0.5B,logic,logic-0047,test,single,1,0.0,67.0,
0.5B,logic,logic-0047,test,vote,4,1.0,265.0,vote_k4
0.5B,logic,logic-0047,test,oracle,4,1.0,265.0,oracle_k4
0.5B,logic,logic-0047,test,judge,4,1.0,387.0,judge_k4
0.5B,logic,logic-0047,test,vote,8,1.0,529.0,vote_k8
0.5B,logic,logic-0047,test,oracle,8,1.0,529.0,oracle_k8
0.5B,logic,logic-0047,test,judge,8,0.0,683.0,judge_k8
0.5B,logic,logic-0047,test,seq,1,0.0,67.0,seq_r1
0.5B,logic,logic-0047,test,seq,2,0.0,169.0,seq_r2
0.5B,logic,logic-0047,test,seq,3,0.0,271.0,seq_r3
0.5B,logic,logic-0047,test,seq,4,0.0,373.0,seq_r4
0.5B,logic,logic-0047,test,long,2,0.0,334.0,long_m2
0.5B,logic,logic-0047,test,long,4,0.0,334.0,long_m4
0.5B,logic,logic-0047,test,debate,6,1.0,516.0,debate_a3r2
0.5B,logic,logic-0048,test,single,1,0.0,67.0,
0.5B,logic,logic-0048,test,vote,4,0.0,270.0,vote_k4
0.5B,logic,logic-0048,test,oracle,4,0.0,270.0,oracle_k4
0.5B,logic,logic-0048,test,judge,4,0.0,397.0,judge_k4
0.5B,logic,logic-0048,test,vote,8,0.0,537.0,vote_k8
0.5B,logic,logic-0048,test,oracle,8,0.0,537.0,oracle_k8
0.5B,logic,logic-0048,test,judge,8,0.0,698.0,judge_k8
0.5B,logic,logic-0048,test,seq,1,0.0,67.0,seq_r1
0.5B,logic,logic-0048,test,seq,2,0.0,169.0,seq_r2
0.5B,logic,logic-0048,test,seq,3,0.0,271.0,seq_r3
0.5B,logic,logic-0048,test,seq,4,0.0,633.0,seq_r4
0.5B,logic,logic-0048,test,long,2,0.0,99.0,long_m2
0.5B,logic,logic-0048,test,long,4,0.0,99.0,long_m4
0.5B,logic,logic-0048,test,debate,6,0.0,519.0,debate_a3r2
0.5B,logic,logic-0049,test,single,1,0.0,62.0,
0.5B,logic,logic-0049,test,vote,4,0.0,248.0,vote_k4
0.5B,logic,logic-0049,test,oracle,4,0.0,248.0,oracle_k4
0.5B,logic,logic-0049,test,judge,4,0.0,367.0,judge_k4
0.5B,logic,logic-0049,test,vote,8,0.0,496.0,vote_k8
0.5B,logic,logic-0049,test,oracle,8,0.0,496.0,oracle_k8
0.5B,logic,logic-0049,test,judge,8,0.0,651.0,judge_k8
0.5B,logic,logic-0049,test,seq,1,0.0,62.0,seq_r1
0.5B,logic,logic-0049,test,seq,2,0.0,159.0,seq_r2
0.5B,logic,logic-0049,test,seq,3,0.0,257.0,seq_r3
0.5B,logic,logic-0049,test,seq,4,0.0,355.0,seq_r4
0.5B,logic,logic-0049,test,long,2,0.0,118.0,long_m2
0.5B,logic,logic-0049,test,long,4,0.0,118.0,long_m4
0.5B,logic,logic-0049,test,debate,6,0.0,493.0,debate_a3r2
0.5B,logic,logic-0050,test,single,1,1.0,58.0,
0.5B,logic,logic-0050,test,vote,4,0.5,232.0,vote_k4
0.5B,logic,logic-0050,test,oracle,4,1.0,232.0,oracle_k4
0.5B,logic,logic-0050,test,judge,4,0.5,345.0,judge_k4
0.5B,logic,logic-0050,test,vote,8,1.0,464.0,vote_k8
0.5B,logic,logic-0050,test,oracle,8,1.0,464.0,oracle_k8
0.5B,logic,logic-0050,test,judge,8,1.0,609.0,judge_k8
0.5B,logic,logic-0050,test,seq,1,1.0,58.0,seq_r1
0.5B,logic,logic-0050,test,seq,2,0.0,151.0,seq_r2
0.5B,logic,logic-0050,test,seq,3,0.0,244.0,seq_r3
0.5B,logic,logic-0050,test,seq,4,0.0,339.0,seq_r4
0.5B,logic,logic-0050,test,long,2,1.0,90.0,long_m2
0.5B,logic,logic-0050,test,long,4,1.0,90.0,long_m4
0.5B,logic,logic-0050,test,debate,6,1.0,465.0,debate_a3r2
0.5B,logic,logic-0051,test,single,1,0.0,72.0,
0.5B,logic,logic-0051,test,vote,4,0.0,290.5,vote_k4
0.5B,logic,logic-0051,test,oracle,4,0.0,290.5,oracle_k4
0.5B,logic,logic-0051,test,judge,4,0.0,421.0,judge_k4
0.5B,logic,logic-0051,test,vote,8,0.0,581.0,vote_k8
0.5B,logic,logic-0051,test,oracle,8,0.0,581.0,oracle_k8
0.5B,logic,logic-0051,test,judge,8,0.0,746.0,judge_k8
0.5B,logic,logic-0051,test,seq,1,0.0,72.0,seq_r1
0.5B,logic,logic-0051,test,seq,2,0.0,304.0,seq_r2
0.5B,logic,logic-0051,test,seq,3,0.0,539.0,seq_r3
0.5B,logic,logic-0051,test,seq,4,0.0,871.0,seq_r4
0.5B,logic,logic-0051,test,long,2,0.0,108.0,long_m2
0.5B,logic,logic-0051,test,long,4,0.0,108.0,long_m4
0.5B,logic,logic-0051,test,debate,6,0.0,556.0,debate_a3r2
0.5B,logic,logic-0052,test,single,1,0.0,60.0,
0.5B,logic,logic-0052,test,vote,4,0.0,244.0,vote_k4
0.5B,logic,logic-0052,test,oracle,4,0.0,244.0,oracle_k4
0.5B,logic,logic-0052,test,judge,4,0.0,363.0,judge_k4
0.5B,logic,logic-0052,test,vote,8,0.0,485.0,vote_k8
0.5B,logic,logic-0052,test,oracle,8,0.0,485.0,oracle_k8
0.5B,logic,logic-0052,test,judge,8,0.0,634.0,judge_k8
0.5B,logic,logic-0052,test,seq,1,0.0,60.0,seq_r1
0.5B,logic,logic-0052,test,seq,2,0.0,328.0,seq_r2
0.5B,logic,logic-0052,test,seq,3,0.0,596.0,seq_r3
0.5B,logic,logic-0052,test,seq,4,0.0,818.0,seq_r4
0.5B,logic,logic-0052,test,long,2,0.0,223.0,long_m2
0.5B,logic,logic-0052,test,long,4,0.0,223.0,long_m4
0.5B,logic,logic-0052,test,debate,6,0.0,482.0,debate_a3r2
0.5B,logic,logic-0053,test,single,1,1.0,73.0,
0.5B,logic,logic-0053,test,vote,4,1.0,291.5,vote_k4
0.5B,logic,logic-0053,test,oracle,4,1.0,291.5,oracle_k4
0.5B,logic,logic-0053,test,judge,4,1.0,423.0,judge_k4
0.5B,logic,logic-0053,test,vote,8,1.0,583.0,vote_k8
0.5B,logic,logic-0053,test,oracle,8,1.0,583.0,oracle_k8
0.5B,logic,logic-0053,test,judge,8,1.0,750.0,judge_k8
0.5B,logic,logic-0053,test,seq,1,1.0,73.0,seq_r1
0.5B,logic,logic-0053,test,seq,2,0.0,210.0,seq_r2
0.5B,logic,logic-0053,test,seq,3,1.0,346.0,seq_r3
0.5B,logic,logic-0053,test,seq,4,1.0,593.0,seq_r4
0.5B,logic,logic-0053,test,long,2,1.0,386.0,long_m2
0.5B,logic,logic-0053,test,long,4,1.0,386.0,long_m4
0.5B,logic,logic-0053,test,debate,6,1.0,561.0,debate_a3r2
0.5B,logic,logic-0054,test,single,1,0.0,69.0,
0.5B,logic,logic-0054,test,vote,4,0.0,276.0,vote_k4
0.5B,logic,logic-0054,test,oracle,4,0.0,276.0,oracle_k4
0.5B,logic,logic-0054,test,judge,4,0.0,404.0,judge_k4
0.5B,logic,logic-0054,test,vote,8,0.0,552.0,vote_k8
0.5B,logic,logic-0054,test,oracle,8,0.0,552.0,oracle_k8
0.5B,logic,logic-0054,test,judge,8,0.0,716.0,judge_k8
0.5B,logic,logic-0054,test,seq,1,0.0,69.0,seq_r1
0.5B,logic,logic-0054,test,seq,2,0.0,171.0,seq_r2
0.5B,logic,logic-0054,test,seq,3,0.0,271.0,seq_r3
0.5B,logic,logic-0054,test,seq,4,0.0,371.0,seq_r4
0.5B,logic,logic-0054,test,long,2,0.0,129.0,long_m2
0.5B,logic,logic-0054,test,long,4,0.0,129.0,long_m4
0.5B,logic,logic-0054,test,debate,6,0.0,537.0,debate_a3r2
0.5B,logic,logic-0055,test,single,1,0.0,61.0,
0.5B,logic,logic-0055,test,vote,4,0.0,243.0,vote_k4
0.5B,logic,logic-0055,test,oracle,4,0.0,243.0,oracle_k4
0.5B,logic,logic-0055,test,judge,4,0.0,362.0,judge_k4
0.5B,logic,logic-0055,test,vote,8,0.0,484.0,vote_k8
0.5B,logic,logic-0055,test,oracle,8,1.0,484.0,oracle_k8
0.5B,logic,logic-0055,test,judge,8,0.0,636.0,judge_k8
0.5B,logic,logic-0055,test,seq,1,0.0,61.0,seq_r1
0.5B,logic,logic-0055,test,seq,2,0.0,157.0,seq_r2
0.5B,logic,logic-0055,test,seq,3,0.0,253.0,seq_r3
0.5B,logic,logic-0055,test,seq,4,0.0,349.0,seq_r4
0.5B,logic,logic-0055,test,long,2,0.0,208.0,long_m2
0.5B,logic,logic-0055,test,long,4,0.0,208.0,long_m4
0.5B,logic,logic-0055,test,debate,6,0.0,486.0,debate_a3r2
0.5B,logic,logic-0056,test,single,1,0.0,60.0,
0.5B,logic,logic-0056,test,vote,4,0.0,240.0,vote_k4
0.5B,logic,logic-0056,test,oracle,4,0.0,240.0,oracle_k4
0.5B,logic,logic-0056,test,judge,4,0.0,355.0,judge_k4
0.5B,logic,logic-0056,test,vote,8,0.0,481.0,vote_k8
0.5B,logic,logic-0056,test,oracle,8,1.0,481.0,oracle_k8
0.5B,logic,logic-0056,test,judge,8,0.0,629.0,judge_k8
0.5B,logic,logic-0056,test,seq,1,0.0,60.0,seq_r1
0.5B,logic,logic-0056,test,seq,2,0.0,164.0,seq_r2
0.5B,logic,logic-0056,test,seq,3,0.0,277.0,seq_r3
0.5B,logic,logic-0056,test,seq,4,0.0,384.0,seq_r4
0.5B,logic,logic-0056,test,long,2,0.0,233.0,long_m2
0.5B,logic,logic-0056,test,long,4,0.0,233.0,long_m4
0.5B,logic,logic-0056,test,debate,6,0.0,480.0,debate_a3r2
0.5B,logic,logic-0057,test,single,1,0.0,66.0,
0.5B,logic,logic-0057,test,vote,4,0.0,266.0,vote_k4
0.5B,logic,logic-0057,test,oracle,4,0.5,266.0,oracle_k4
0.5B,logic,logic-0057,test,judge,4,0.0,385.5,judge_k4
0.5B,logic,logic-0057,test,vote,8,0.0,533.0,vote_k8
0.5B,logic,logic-0057,test,oracle,8,1.0,533.0,oracle_k8
0.5B,logic,logic-0057,test,judge,8,0.0,683.0,judge_k8
0.5B,logic,logic-0057,test,seq,1,0.0,66.0,seq_r1
0.5B,logic,logic-0057,test,seq,2,0.0,165.0,seq_r2
0.5B,logic,logic-0057,test,seq,3,0.0,264.0,seq_r3
0.5B,logic,logic-0057,test,seq,4,0.0,363.0,seq_r4
0.5B,logic,logic-0057,test,long,2,0.0,109.0,long_m2
0.5B,logic,logic-0057,test,long,4,0.0,109.0,long_m4
0.5B,logic,logic-0057,test,debate,6,0.0,504.0,debate_a3r2
0.5B,logic,logic-0058,test,single,1,1.0,67.0,
0.5B,logic,logic-0058,test,vote,4,0.0,271.0,vote_k4
0.5B,logic,logic-0058,test,oracle,4,1.0,271.0,oracle_k4
0.5B,logic,logic-0058,test,judge,4,0.0,392.0,judge_k4
0.5B,logic,logic-0058,test,vote,8,0.0,544.0,vote_k8
0.5B,logic,logic-0058,test,oracle,8,1.0,544.0,oracle_k8
0.5B,logic,logic-0058,test,judge,8,1.0,698.0,judge_k8
0.5B,logic,logic-0058,test,seq,1,1.0,67.0,seq_r1
0.5B,logic,logic-0058,test,seq,2,0.0,230.0,seq_r2
0.5B,logic,logic-0058,test,seq,3,0.0,408.0,seq_r3
0.5B,logic,logic-0058,test,seq,4,0.0,537.0,seq_r4
0.5B,logic,logic-0058,test,long,2,0.0,290.0,long_m2
0.5B,logic,logic-0058,test,long,4,0.0,290.0,long_m4
0.5B,logic,logic-0058,test,debate,6,0.0,520.0,debate_a3r2
0.5B,logic,logic-0059,test,single,1,0.0,76.0,
0.5B,logic,logic-0059,test,vote,4,0.0,304.0,vote_k4
0.5B,logic,logic-0059,test,oracle,4,0.0,304.0,oracle_k4
0.5B,logic,logic-0059,test,judge,4,0.0,439.0,judge_k4
0.5B,logic,logic-0059,test,vote,8,0.0,608.0,vote_k8
0.5B,logic,logic-0059,test,oracle,8,1.0,608.0,oracle_k8
0.5B,logic,logic-0059,test,judge,8,0.0,779.0,judge_k8
0.5B,logic,logic-0059,test,seq,1,0.0,76.0,seq_r1
0.5B,logic,logic-0059,test,seq,2,0.0,258.0,seq_r2
0.5B,logic,logic-0059,test,seq,3,0.0,455.0,seq_r3
0.5B,logic,logic-0059,test,seq,4,0.0,582.0,seq_r4
0.5B,logic,logic-0059,test,long,2,0.0,108.0,long_m2
0.5B,logic,logic-0059,test,long,4,0.0,108.0,long_m4
0.5B,logic,logic-0059,test,debate,6,0.0,579.0,debate_a3r2
0.5B,logic,logic-0060,test,single,1,0.0,68.0,
0.5B,logic,logic-0060,test,vote,4,0.5,274.0,vote_k4
0.5B,logic,logic-0060,test,oracle,4,1.0,274.0,oracle_k4
0.5B,logic,logic-0060,test,judge,4,0.5,398.0,judge_k4
0.5B,logic,logic-0060,test,vote,8,1.0,552.0,vote_k8
0.5B,logic,logic-0060,test,oracle,8,1.0,552.0,oracle_k8
0.5B,logic,logic-0060,test,judge,8,1.0,713.0,judge_k8
0.5B,logic,logic-0060,test,seq,1,0.0,68.0,seq_r1
0.5B,logic,logic-0060,test,seq,2,0.0,168.0,seq_r2
0.5B,logic,logic-0060,test,seq,3,0.0,357.0,seq_r3
0.5B,logic,logic-0060,test,seq,4,0.0,547.0,seq_r4
0.5B,logic,logic-0060,test,long,2,0.0,101.0,long_m2
0.5B,logic,logic-0060,test,long,4,0.0,101.0,long_m4
0.5B,logic,logic-0060,test,debate,6,0.0,528.0,debate_a3r2
0.5B,logic,logic-0061,test,single,1,0.0,68.0,
0.5B,logic,logic-0061,test,vote,4,0.0,272.5,vote_k4
0.5B,logic,logic-0061,test,oracle,4,0.5,272.5,oracle_k4
0.5B,logic,logic-0061,test,judge,4,0.5,396.0,judge_k4
0.5B,logic,logic-0061,test,vote,8,0.0,545.0,vote_k8
0.5B,logic,logic-0061,test,oracle,8,1.0,545.0,oracle_k8
0.5B,logic,logic-0061,test,judge,8,0.0,701.0,judge_k8
0.5B,logic,logic-0061,test,seq,1,0.0,68.0,seq_r1
0.5B,logic,logic-0061,test,seq,2,0.0,354.0,seq_r2
0.5B,logic,logic-0061,test,seq,3,0.0,644.0,seq_r3
0.5B,logic,logic-0061,test,seq,4,0.0,753.0,seq_r4
0.5B,logic,logic-0061,test,long,2,0.0,100.0,long_m2
0.5B,logic,logic-0061,test,long,4,0.0,100.0,long_m4
0.5B,logic,logic-0061,test,debate,6,0.0,524.0,debate_a3r2
0.5B,logic,logic-0062,test,single,1,0.0,67.0,
0.5B,logic,logic-0062,test,vote,4,0.0,265.0,vote_k4
0.5B,logic,logic-0062,test,oracle,4,0.0,265.0,oracle_k4
0.5B,logic,logic-0062,test,judge,4,0.0,387.0,judge_k4
0.5B,logic,logic-0062,test,vote,8,0.0,529.0,vote_k8
0.5B,logic,logic-0062,test,oracle,8,0.0,529.0,oracle_k8
0.5B,logic,logic-0062,test,judge,8,0.0,681.0,judge_k8
0.5B,logic,logic-0062,test,seq,1,0.0,67.0,seq_r1
0.5B,logic,logic-0062,test,seq,2,0.0,171.0,seq_r2
0.5B,logic,logic-0062,test,seq,3,0.0,274.0,seq_r3
0.5B,logic,logic-0062,test,seq,4,0.0,376.0,seq_r4
0.5B,logic,logic-0062,test,long,2,0.0,287.0,long_m2
0.5B,logic,logic-0062,test,long,4,0.0,287.0,long_m4
0.5B,logic,logic-0062,test,debate,6,0.0,516.0,debate_a3r2
0.5B,logic,logic-0063,test,single,1,1.0,67.0,
0.5B,logic,logic-0063,test,vote,4,1.0,268.0,vote_k4
0.5B,logic,logic-0063,test,oracle,4,1.0,268.0,oracle_k4
0.5B,logic,logic-0063,test,judge,4,1.0,390.0,judge_k4
0.5B,logic,logic-0063,test,vote,8,1.0,536.0,vote_k8
0.5B,logic,logic-0063,test,oracle,8,1.0,536.0,oracle_k8
0.5B,logic,logic-0063,test,judge,8,1.0,690.0,judge_k8
0.5B,logic,logic-0063,test,seq,1,1.0,67.0,seq_r1
0.5B,logic,logic-0063,test,seq,2,1.0,192.0,seq_r2
0.5B,logic,logic-0063,test,seq,3,1.0,316.0,seq_r3
0.5B,logic,logic-0063,test,seq,4,1.0,468.0,seq_r4
0.5B,logic,logic-0063,test,long,2,1.0,244.0,long_m2
0.5B,logic,logic-0063,test,long,4,1.0,244.0,long_m4
0.5B,logic,logic-0063,test,debate,6,1.0,519.0,debate_a3r2
0.5B,logic,logic-0064,test,single,1,0.0,75.0,
0.5B,logic,logic-0064,test,vote,4,0.0,300.0,vote_k4
0.5B,logic,logic-0064,test,oracle,4,0.0,300.0,oracle_k4
0.5B,logic,logic-0064,test,judge,4,0.0,434.0,judge_k4
0.5B,logic,logic-0064,test,vote,8,0.0,599.0,vote_k8
0.5B,logic,logic-0064,test,oracle,8,1.0,599.0,oracle_k8
0.5B,logic,logic-0064,test,judge,8,0.0,768.0,judge_k8
0.5B,logic,logic-0064,test,seq,1,0.0,75.0,seq_r1
0.5B,logic,logic-0064,test,seq,2,0.0,276.0,seq_r2
0.5B,logic,logic-0064,test,seq,3,0.0,474.0,seq_r3
0.5B,logic,logic-0064,test,seq,4,0.0,580.0,seq_r4
0.5B,logic,logic-0064,test,long,2,0.0,394.0,long_m2
0.5B,logic,logic-0064,test,long,4,0.0,394.0,long_m4
0.5B,logic,logic-0064,test,debate,6,0.0,568.0,debate_a3r2
0.5B,logic,logic-0065,test,single,1,0.0,61.0,
0.5B,logic,logic-0065,test,vote,4,0.0,245.5,vote_k4
0.5B,logic,logic-0065,test,oracle,4,0.0,245.5,oracle_k4
0.5B,logic,logic-0065,test,judge,4,0.0,361.5,judge_k4
0.5B,logic,logic-0065,test,vote,8,0.0,493.0,vote_k8
0.5B,logic,logic-0065,test,oracle,8,0.0,493.0,oracle_k8
0.5B,logic,logic-0065,test,judge,8,0.0,642.0,judge_k8
0.5B,logic,logic-0065,test,seq,1,0.0,61.0,seq_r1
0.5B,logic,logic-0065,test,seq,2,0.0,162.0,seq_r2
0.5B,logic,logic-0065,test,seq,3,0.0,269.0,seq_r3
0.5B,logic,logic-0065,test,seq,4,0.0,370.0,seq_r4
0.5B,logic,logic-0065,test,long,2,0.0,93.0,long_m2
0.5B,logic,logic-0065,test,long,4,0.0,93.0,long_m4
0.5B,logic,logic-0065,test,debate,6,0.0,491.0,debate_a3r2
0.5B,logic,logic-0066,test,single,1,0.0,66.0,
0.5B,logic,logic-0066,test,vote,4,0.0,264.5,vote_k4
0.5B,logic,logic-0066,test,oracle,4,0.0,264.5,oracle_k4
0.5B,logic,logic-0066,test,judge,4,0.0,386.5,judge_k4
0.5B,logic,logic-0066,test,vote,8,0.0,527.0,vote_k8
0.5B,logic,logic-0066,test,oracle,8,0.0,527.0,oracle_k8
0.5B,logic,logic-0066,test,judge,8,0.0,680.0,judge_k8
0.5B,logic,logic-0066,test,seq,1,0.0,66.0,seq_r1
0.5B,logic,logic-0066,test,seq,2,0.0,270.0,seq_r2
0.5B,logic,logic-0066,test,seq,3,0.0,578.0,seq_r3
0.5B,logic,logic-0066,test,seq,4,0.0,886.0,seq_r4
0.5B,logic,logic-0066,test,long,2,0.0,98.0,long_m2
0.5B,logic,logic-0066,test,long,4,0.0,98.0,long_m4
0.5B,logic,logic-0066,test,debate,6,0.0,511.0,debate_a3r2
0.5B,logic,logic-0067,test,single,1,1.0,69.0,
0.5B,logic,logic-0067,test,vote,4,1.0,277.5,vote_k4
0.5B,logic,logic-0067,test,oracle,4,1.0,277.5,oracle_k4
0.5B,logic,logic-0067,test,judge,4,1.0,402.5,judge_k4
0.5B,logic,logic-0067,test,vote,8,1.0,554.0,vote_k8
0.5B,logic,logic-0067,test,oracle,8,1.0,554.0,oracle_k8
0.5B,logic,logic-0067,test,judge,8,1.0,709.0,judge_k8
0.5B,logic,logic-0067,test,seq,1,1.0,69.0,seq_r1
0.5B,logic,logic-0067,test,seq,2,0.0,340.0,seq_r2
0.5B,logic,logic-0067,test,seq,3,0.0,612.0,seq_r3
0.5B,logic,logic-0067,test,seq,4,0.0,749.0,seq_r4
0.5B,logic,logic-0067,test,long,2,0.0,102.0,long_m2
0.5B,logic,logic-0067,test,long,4,0.0,102.0,long_m4
0.5B,logic,logic-0067,test,debate,6,1.0,526.0,debate_a3r2
0.5B,logic,logic-0068,test,single,1,0.0,72.0,
0.5B,logic,logic-0068,test,vote,4,0.0,285.0,vote_k4
0.5B,logic,logic-0068,test,oracle,4,0.0,285.0,oracle_k4
0.5B,logic,logic-0068,test,judge,4,0.0,412.0,judge_k4
0.5B,logic,logic-0068,test,vote,8,0.0,570.0,vote_k8
0.5B,logic,logic-0068,test,oracle,8,0.0,570.0,oracle_k8
0.5B,logic,logic-0068,test,judge,8,0.0,730.0,judge_k8
0.5B,logic,logic-0068,test,seq,1,0.0,72.0,seq_r1
0.5B,logic,logic-0068,test,seq,2,0.0,358.0,seq_r2
0.5B,logic,logic-0068,test,seq,3,0.0,642.0,seq_r3
0.5B,logic,logic-0068,test,seq,4,0.0,893.0,seq_r4
0.5B,logic,logic-0068,test,long,2,0.0,105.0,long_m2
0.5B,logic,logic-0068,test,long,4,0.0,105.0,long_m4
0.5B,logic,logic-0068,test,debate,6,0.0,550.0,debate_a3r2
0.5B,logic,logic-0069,test,single,1,1.0,66.0,
0.5B,logic,logic-0069,test,vote,4,1.0,266.0,vote_k4
0.5B,logic,logic-0069,test,oracle,4,1.0,266.0,oracle_k4
0.5B,logic,logic-0069,test,judge,4,0.5,392.0,judge_k4
0.5B,logic,logic-0069,test,vote,8,1.0,530.0,vote_k8
0.5B,logic,logic-0069,test,oracle,8,1.0,530.0,oracle_k8
0.5B,logic,logic-0069,test,judge,8,1.0,692.0,judge_k8
0.5B,logic,logic-0069,test,seq,1,1.0,66.0,seq_r1
0.5B,logic,logic-0069,test,seq,2,0.0,169.0,seq_r2
0.5B,logic,logic-0069,test,seq,3,0.0,273.0,seq_r3
0.5B,logic,logic-0069,test,seq,4,0.0,377.0,seq_r4
0.5B,logic,logic-0069,test,long,2,1.0,98.0,long_m2
0.5B,logic,logic-0069,test,long,4,1.0,98.0,long_m4
0.5B,logic,logic-0069,test,debate,6,1.0,521.0,debate_a3r2
0.5B,logic,logic-0070,test,single,1,0.0,63.0,
0.5B,logic,logic-0070,test,vote,4,0.0,252.0,vote_k4
0.5B,logic,logic-0070,test,oracle,4,0.5,252.0,oracle_k4
0.5B,logic,logic-0070,test,judge,4,0.0,373.0,judge_k4
0.5B,logic,logic-0070,test,vote,8,0.0,505.0,vote_k8
0.5B,logic,logic-0070,test,oracle,8,1.0,505.0,oracle_k8
0.5B,logic,logic-0070,test,judge,8,0.0,663.0,judge_k8
0.5B,logic,logic-0070,test,seq,1,0.0,63.0,seq_r1
0.5B,logic,logic-0070,test,seq,2,0.0,159.0,seq_r2
0.5B,logic,logic-0070,test,seq,3,0.0,257.0,seq_r3
0.5B,logic,logic-0070,test,seq,4,0.0,358.0,seq_r4
0.5B,logic,logic-0070,test,long,2,0.0,344.0,long_m2
0.5B,logic,logic-0070,test,long,4,0.0,344.0,long_m4
0.5B,logic,logic-0070,test,debate,6,0.0,496.0,debate_a3r2
0.5B,logic,logic-0071,test,single,1,0.0,76.0,
0.5B,logic,logic-0071,test,vote,4,0.0,303.0,vote_k4
0.5B,logic,logic-0071,test,oracle,4,0.5,303.0,oracle_k4
0.5B,logic,logic-0071,test,judge,4,0.5,437.0,judge_k4
0.5B,logic,logic-0071,test,vote,8,0.0,604.0,vote_k8
0.5B,logic,logic-0071,test,oracle,8,1.0,604.0,oracle_k8
0.5B,logic,logic-0071,test,judge,8,0.0,771.0,judge_k8
0.5B,logic,logic-0071,test,seq,1,0.0,76.0,seq_r1
0.5B,logic,logic-0071,test,seq,2,0.0,190.0,seq_r2
0.5B,logic,logic-0071,test,seq,3,0.0,303.0,seq_r3
0.5B,logic,logic-0071,test,seq,4,0.0,414.0,seq_r4
0.5B,logic,logic-0071,test,long,2,0.0,108.0,long_m2
0.5B,logic,logic-0071,test,long,4,0.0,108.0,long_m4
0.5B,logic,logic-0071,test,debate,6,0.0,571.0,debate_a3r2
0.5B,logic,logic-0072,test,single,1,0.0,69.0,
0.5B,logic,logic-0072,test,vote,4,0.0,276.0,vote_k4
0.5B,logic,logic-0072,test,oracle,4,0.0,276.0,oracle_k4
0.5B,logic,logic-0072,test,judge,4,0.0,404.0,judge_k4
0.5B,logic,logic-0072,test,vote,8,0.0,552.0,vote_k8
0.5B,logic,logic-0072,test,oracle,8,0.0,552.0,oracle_k8
0.5B,logic,logic-0072,test,judge,8,0.0,716.0,judge_k8
0.5B,logic,logic-0072,test,seq,1,0.0,69.0,seq_r1
0.5B,logic,logic-0072,test,seq,2,0.0,182.0,seq_r2
0.5B,logic,logic-0072,test,seq,3,0.0,303.0,seq_r3
0.5B,logic,logic-0072,test,seq,4,0.0,416.0,seq_r4
0.5B,logic,logic-0072,test,long,2,0.0,101.0,long_m2
0.5B,logic,logic-0072,test,long,4,0.0,101.0,long_m4
0.5B,logic,logic-0072,test,debate,6,0.0,537.0,debate_a3r2
0.5B,logic,logic-0073,test,single,1,0.0,62.0,
0.5B,logic,logic-0073,test,vote,4,0.0,251.0,vote_k4
0.5B,logic,logic-0073,test,oracle,4,0.0,251.0,oracle_k4
0.5B,logic,logic-0073,test,judge,4,0.0,372.0,judge_k4
0.5B,logic,logic-0073,test,vote,8,0.0,503.0,vote_k8
0.5B,logic,logic-0073,test,oracle,8,0.0,503.0,oracle_k8
0.5B,logic,logic-0073,test,judge,8,0.0,660.0,judge_k8
0.5B,logic,logic-0073,test,seq,1,0.0,62.0,seq_r1
0.5B,logic,logic-0073,test,seq,2,0.0,232.0,seq_r2
0.5B,logic,logic-0073,test,seq,3,0.0,403.0,seq_r3
0.5B,logic,logic-0073,test,seq,4,1.0,503.0,seq_r4
0.5B,logic,logic-0073,test,long,2,0.0,149.0,long_m2
0.5B,logic,logic-0073,test,long,4,0.0,149.0,long_m4
0.5B,logic,logic-0073,test,debate,6,0.0,497.0,debate_a3r2
0.5B,logic,logic-0074,test,single,1,0.0,76.0,
0.5B,logic,logic-0074,test,vote,4,1.0,303.5,vote_k4
0.5B,logic,logic-0074,test,oracle,4,1.0,303.5,oracle_k4
0.5B,logic,logic-0074,test,judge,4,0.5,438.0,judge_k4
0.5B,logic,logic-0074,test,vote,8,1.0,607.0,vote_k8
0.5B,logic,logic-0074,test,oracle,8,1.0,607.0,oracle_k8
0.5B,logic,logic-0074,test,judge,8,0.0,777.0,judge_k8
0.5B,logic,logic-0074,test,seq,1,0.0,76.0,seq_r1
0.5B,logic,logic-0074,test,seq,2,0.0,185.0,seq_r2
0.5B,logic,logic-0074,test,seq,3,0.0,292.0,seq_r3
0.5B,logic,logic-0074,test,seq,4,0.0,399.0,seq_r4
0.5B,logic,logic-0074,test,long,2,0.0,316.0,long_m2
0.5B,logic,logic-0074,test,long,4,0.0,316.0,long_m4
0.5B,logic,logic-0074,test,debate,6,0.0,575.0,debate_a3r2
0.5B,logic,logic-0075,test,single,1,0.0,76.0,
0.5B,logic,logic-0075,test,vote,4,0.0,303.5,vote_k4
0.5B,logic,logic-0075,test,oracle,4,0.0,303.5,oracle_k4
0.5B,logic,logic-0075,test,judge,4,0.0,437.5,judge_k4
0.5B,logic,logic-0075,test,vote,8,0.0,607.0,vote_k8
0.5B,logic,logic-0075,test,oracle,8,0.0,607.0,oracle_k8
0.5B,logic,logic-0075,test,judge,8,0.0,776.0,judge_k8
0.5B,logic,logic-0075,test,seq,1,0.0,76.0,seq_r1
0.5B,logic,logic-0075,test,seq,2,0.0,187.0,seq_r2
0.5B,logic,logic-0075,test,seq,3,0.0,401.0,seq_r3
0.5B,logic,logic-0075,test,seq,4,0.0,614.0,seq_r4
0.5B,logic,logic-0075,test,long,2,0.0,108.0,long_m2
0.5B,logic,logic-0075,test,long,4,0.0,108.0,long_m4
0.5B,logic,logic-0075,test,debate,6,0.0,579.0,debate_a3r2
0.5B,logic,logic-0076,test,single,1,0.0,61.0,
0.5B,logic,logic-0076,test,vote,4,0.0,245.0,vote_k4
0.5B,logic,logic-0076,test,oracle,4,0.0,245.0,oracle_k4
0.5B,logic,logic-0076,test,judge,4,0.0,362.0,judge_k4
0.5B,logic,logic-0076,test,vote,8,0.0,490.0,vote_k8
0.5B,logic,logic-0076,test,oracle,8,1.0,490.0,oracle_k8
0.5B,logic,logic-0076,test,judge,8,0.0,640.0,judge_k8
0.5B,logic,logic-0076,test,seq,1,0.0,61.0,seq_r1
0.5B,logic,logic-0076,test,seq,2,0.0,158.0,seq_r2
0.5B,logic,logic-0076,test,seq,3,0.0,324.0,seq_r3
0.5B,logic,logic-0076,test,seq,4,0.0,491.0,seq_r4
0.5B,logic,logic-0076,test,long,2,0.0,93.0,long_m2
0.5B,logic,logic-0076,test,long,4,0.0,93.0,long_m4
0.5B,logic,logic-0076,test,debate,6,0.0,483.0,debate_a3r2
0.5B,logic,logic-0077,test,single,1,0.0,62.0,
0.5B,logic,logic-0077,test,vote,4,0.0,248.0,vote_k4
0.5B,logic,logic-0077,test,oracle,4,0.5,248.0,oracle_k4
0.5B,logic,logic-0077,test,judge,4,0.0,368.5,judge_k4
0.5B,logic,logic-0077,test,vote,8,0.0,495.0,vote_k8
0.5B,logic,logic-0077,test,oracle,8,1.0,495.0,oracle_k8
0.5B,logic,logic-0077,test,judge,8,0.0,650.0,judge_k8
0.5B,logic,logic-0077,test,seq,1,0.0,62.0,seq_r1
0.5B,logic,logic-0077,test,seq,2,0.0,162.0,seq_r2
0.5B,logic,logic-0077,test,seq,3,0.0,264.0,seq_r3
0.5B,logic,logic-0077,test,seq,4,0.0,366.0,seq_r4
0.5B,logic,logic-0077,test,long,2,0.0,293.0,long_m2
0.5B,logic,logic-0077,test,long,4,0.0,293.0,long_m4
0.5B,logic,logic-0077,test,debate,6,0.0,495.0,debate_a3r2
0.5B,logic,logic-0078,test,single,1,1.0,59.0,
0.5B,logic,logic-0078,test,vote,4,1.0,234.5,vote_k4
0.5B,logic,logic-0078,test,oracle,4,1.0,234.5,oracle_k4
0.5B,logic,logic-0078,test,judge,4,1.0,347.0,judge_k4
0.5B,logic,logic-0078,test,vote,8,1.0,473.0,vote_k8
0.5B,logic,logic-0078,test,oracle,8,1.0,473.0,oracle_k8
0.5B,logic,logic-0078,test,judge,8,1.0,619.0,judge_k8
0.5B,logic,logic-0078,test,seq,1,1.0,59.0,seq_r1
0.5B,logic,logic-0078,test,seq,2,1.0,152.0,seq_r2
0.5B,logic,logic-0078,test,seq,3,0.0,339.0,seq_r3
0.5B,logic,logic-0078,test,seq,4,0.0,537.0,seq_r4
0.5B,logic,logic-0078,test,long,2,0.0,306.0,long_m2
0.5B,logic,logic-0078,test,long,4,0.0,306.0,long_m4
0.5B,logic,logic-0078,test,debate,6,0.0,483.0,debate_a3r2
0.5B,logic,logic-0079,test,single,1,1.0,68.0,
0.5B,logic,logic-0079,test,vote,4,1.0,271.0,vote_k4
0.5B,logic,logic-0079,test,oracle,4,1.0,271.0,oracle_k4
0.5B,logic,logic-0079,test,judge,4,0.5,396.5,judge_k4
0.5B,logic,logic-0079,test,vote,8,1.0,541.0,vote_k8
0.5B,logic,logic-0079,test,oracle,8,1.0,541.0,oracle_k8
0.5B,logic,logic-0079,test,judge,8,1.0,701.0,judge_k8
0.5B,logic,logic-0079,test,seq,1,1.0,68.0,seq_r1
0.5B,logic,logic-0079,test,seq,2,1.0,174.0,seq_r2
0.5B,logic,logic-0079,test,seq,3,1.0,279.0,seq_r3
0.5B,logic,logic-0079,test,seq,4,0.0,386.0,seq_r4
0.5B,logic,logic-0079,test,long,2,1.0,100.0,long_m2
0.5B,logic,logic-0079,test,long,4,1.0,100.0,long_m4
0.5B,logic,logic-0079,test,debate,6,1.0,531.0,debate_a3r2
0.5B,logic,logic-0080,test,single,1,1.0,63.0,
0.5B,logic,logic-0080,test,vote,4,0.0,243.0,vote_k4
0.5B,logic,logic-0080,test,oracle,4,1.0,243.0,oracle_k4
0.5B,logic,logic-0080,test,judge,4,0.0,360.0,judge_k4
0.5B,logic,logic-0080,test,vote,8,0.0,486.0,vote_k8
0.5B,logic,logic-0080,test,oracle,8,1.0,486.0,oracle_k8
0.5B,logic,logic-0080,test,judge,8,1.0,637.0,judge_k8
0.5B,logic,logic-0080,test,seq,1,1.0,63.0,seq_r1
0.5B,logic,logic-0080,test,seq,2,1.0,162.0,seq_r2
0.5B,logic,logic-0080,test,seq,3,1.0,307.0,seq_r3
0.5B,logic,logic-0080,test,seq,4,1.0,448.0,seq_r4
0.5B,logic,logic-0080,test,long,2,1.0,281.0,long_m2
0.5B,logic,logic-0080,test,long,4,1.0,281.0,long_m4
0.5B,logic,logic-0080,test,debate,6,0.0,482.0,debate_a3r2
0.5B,logic,logic-0081,test,single,1,0.0,66.0,
0.5B,logic,logic-0081,test,vote,4,0.5,258.0,vote_k4
0.5B,logic,logic-0081,test,oracle,4,1.0,258.0,oracle_k4
0.5B,logic,logic-0081,test,judge,4,0.5,381.0,judge_k4
0.5B,logic,logic-0081,test,vote,8,0.0,514.0,vote_k8
0.5B,logic,logic-0081,test,oracle,8,1.0,514.0,oracle_k8
0.5B,logic,logic-0081,test,judge,8,0.0,672.0,judge_k8
0.5B,logic,logic-0081,test,seq,1,0.0,66.0,seq_r1
0.5B,logic,logic-0081,test,seq,2,0.0,168.0,seq_r2
0.5B,logic,logic-0081,test,seq,3,0.0,268.0,seq_r3
0.5B,logic,logic-0081,test,seq,4,0.0,369.0,seq_r4
0.5B,logic,logic-0081,test,long,2,1.0,295.0,long_m2
0.5B,logic,logic-0081,test,long,4,1.0,295.0,long_m4
0.5B,logic,logic-0081,test,debate,6,1.0,501.0,debate_a3r2
0.5B,logic,logic-0082,test,single,1,0.0,75.0,
0.5B,logic,logic-0082,test,vote,4,0.0,300.0,vote_k4
0.5B,logic,logic-0082,test,oracle,4,0.0,300.0,oracle_k4
0.5B,logic,logic-0082,test,judge,4,0.0,434.0,judge_k4
0.5B,logic,logic-0082,test,vote,8,0.0,599.0,vote_k8
0.5B,logic,logic-0082,test,oracle,8,0.0,599.0,oracle_k8
0.5B,logic,logic-0082,test,judge,8,0.0,768.0,judge_k8
0.5B,logic,logic-0082,test,seq,1,0.0,75.0,seq_r1
0.5B,logic,logic-0082,test,seq,2,0.0,188.0,seq_r2
0.5B,logic,logic-0082,test,seq,3,0.0,303.0,seq_r3
0.5B,logic,logic-0082,test,seq,4,0.0,418.0,seq_r4
0.5B,logic,logic-0082,test,long,2,0.0,340.0,long_m2
0.5B,logic,logic-0082,test,long,4,0.0,340.0,long_m4
0.5B,logic,logic-0082,test,debate,6,0.0,570.0,debate_a3r2
0.5B,logic,logic-0083,test,single,1,0.0,67.0,
0.5B,logic,logic-0083,test,vote,4,0.0,268.0,vote_k4
0.5B,logic,logic-0083,test,oracle,4,0.0,268.0,oracle_k4
0.5B,logic,logic-0083,test,judge,4,0.0,394.0,judge_k4
0.5B,logic,logic-0083,test,vote,8,0.0,536.0,vote_k8
0.5B,logic,logic-0083,test,oracle,8,0.0,536.0,oracle_k8
0.5B,logic,logic-0083,test,judge,8,0.0,698.0,judge_k8
0.5B,logic,logic-0083,test,seq,1,0.0,67.0,seq_r1
0.5B,logic,logic-0083,test,seq,2,0.0,169.0,seq_r2
0.5B,logic,logic-0083,test,seq,3,0.0,271.0,seq_r3
0.5B,logic,logic-0083,test,seq,4,0.0,527.0,seq_r4
0.5B,logic,logic-0083,test,long,2,0.0,99.0,long_m2
0.5B,logic,logic-0083,test,long,4,0.0,99.0,long_m4
0.5B,logic,logic-0083,test,debate,6,0.0,525.0,debate_a3r2
0.5B,logic,logic-0084,test,single,1,0.0,58.0,
0.5B,logic,logic-0084,test,vote,4,0.0,232.0,vote_k4
0.5B,logic,logic-0084,test,oracle,4,0.0,232.0,oracle_k4
0.5B,logic,logic-0084,test,judge,4,0.0,345.0,judge_k4
0.5B,logic,logic-0084,test,vote,8,0.0,467.0,vote_k8
0.5B,logic,logic-0084,test,oracle,8,0.0,467.0,oracle_k8
0.5B,logic,logic-0084,test,judge,8,0.0,614.0,judge_k8
0.5B,logic,logic-0084,test,seq,1,0.0,58.0,seq_r1
0.5B,logic,logic-0084,test,seq,2,0.0,169.0,seq_r2
0.5B,logic,logic-0084,test,seq,3,0.0,299.0,seq_r3
0.5B,logic,logic-0084,test,seq,4,0.0,429.0,seq_r4
0.5B,logic,logic-0084,test,long,2,0.0,299.0,long_m2
0.5B,logic,logic-0084,test,long,4,0.0,299.0,long_m4
0.5B,logic,logic-0084,test,debate,6,0.0,470.0,debate_a3r2
0.5B,logic,logic-0085,test,single,1,0.0,61.0,
0.5B,logic,logic-0085,test,vote,4,0.0,251.5,vote_k4
0.5B,logic,logic-0085,test,oracle,4,0.0,251.5,oracle_k4
0.5B,logic,logic-0085,test,judge,4,0.0,372.5,judge_k4
0.5B,logic,logic-0085,test,vote,8,0.0,507.0,vote_k8
0.5B,logic,logic-0085,test,oracle,8,0.0,507.0,oracle_k8
0.5B,logic,logic-0085,test,judge,8,0.0,673.0,judge_k8
0.5B,logic,logic-0085,test,seq,1,0.0,61.0,seq_r1
0.5B,logic,logic-0085,test,seq,2,0.0,255.0,seq_r2
0.5B,logic,logic-0085,test,seq,3,0.0,450.0,seq_r3
0.5B,logic,logic-0085,test,seq,4,0.0,664.0,seq_r4
0.5B,logic,logic-0085,test,long,2,1.0,238.0,long_m2
0.5B,logic,logic-0085,test,long,4,1.0,238.0,long_m4
0.5B,logic,logic-0085,test,debate,6,0.0,498.0,debate_a3r2
0.5B,logic,logic-0086,test,single,1,0.0,66.0,
0.5B,logic,logic-0086,test,vote,4,0.0,269.5,vote_k4
0.5B,logic,logic-0086,test,oracle,4,0.0,269.5,oracle_k4
0.5B,logic,logic-0086,test,judge,4,0.0,392.0,judge_k4
0.5B,logic,logic-0086,test,vote,8,0.0,539.0,vote_k8
0.5B,logic,logic-0086,test,oracle,8,0.0,539.0,oracle_k8
0.5B,logic,logic-0086,test,judge,8,0.0,694.0,judge_k8
0.5B,logic,logic-0086,test,seq,1,0.0,66.0,seq_r1
0.5B,logic,logic-0086,test,seq,2,0.0,348.0,seq_r2
0.5B,logic,logic-0086,test,seq,3,0.0,633.0,seq_r3
0.5B,logic,logic-0086,test,seq,4,0.0,738.0,seq_r4
0.5B,logic,logic-0086,test,long,2,0.0,329.0,long_m2
0.5B,logic,logic-0086,test,long,4,0.0,329.0,long_m4
0.5B,logic,logic-0086,test,debate,6,0.0,519.0,debate_a3r2
0.5B,logic,logic-0087,test,single,1,0.0,58.0,
0.5B,logic,logic-0087,test,vote,4,0.0,232.0,vote_k4
0.5B,logic,logic-0087,test,oracle,4,0.5,232.0,oracle_k4
0.5B,logic,logic-0087,test,judge,4,0.0,345.0,judge_k4
0.5B,logic,logic-0087,test,vote,8,0.0,464.0,vote_k8
0.5B,logic,logic-0087,test,oracle,8,1.0,464.0,oracle_k8
0.5B,logic,logic-0087,test,judge,8,0.0,609.0,judge_k8
0.5B,logic,logic-0087,test,seq,1,0.0,58.0,seq_r1
0.5B,logic,logic-0087,test,seq,2,0.0,153.0,seq_r2
0.5B,logic,logic-0087,test,seq,3,0.0,250.0,seq_r3
0.5B,logic,logic-0087,test,seq,4,0.0,347.0,seq_r4
0.5B,logic,logic-0087,test,long,2,1.0,300.0,long_m2
0.5B,logic,logic-0087,test,long,4,1.0,300.0,long_m4
0.5B,logic,logic-0087,test,debate,6,0.0,465.0,debate_a3r2
0.5B,logic,logic-0088,test,single,1,0.0,68.0,
0.5B,logic,logic-0088,test,vote,4,0.5,272.0,vote_k4
0.5B,logic,logic-0088,test,oracle,4,1.0,272.0,oracle_k4
0.5B,logic,logic-0088,test,judge,4,0.5,399.0,judge_k4
0.5B,logic,logic-0088,test,vote,8,1.0,544.0,vote_k8
0.5B,logic,logic-0088,test,oracle,8,1.0,544.0,oracle_k8
0.5B,logic,logic-0088,test,judge,8,0.0,707.0,judge_k8
0.5B,logic,logic-0088,test,seq,1,0.0,68.0,seq_r1
0.5B,logic,logic-0088,test,seq,2,0.0,353.0,seq_r2
0.5B,logic,logic-0088,test,seq,3,0.0,635.0,seq_r3
0.5B,logic,logic-0088,test,seq,4,1.0,739.0,seq_r4
0.5B,logic,logic-0088,test,long,2,0.0,100.0,long_m2
0.5B,logic,logic-0088,test,long,4,0.0,100.0,long_m4
0.5B,logic,logic-0088,test,debate,6,0.0,531.0,debate_a3r2
0.5B,logic,logic-0089,test,single,1,1.0,62.0,
0.5B,logic,logic-0089,test,vote,4,1.0,247.0,vote_k4
0.5B,logic,logic-0089,test,oracle,4,1.0,247.0,oracle_k4
0.5B,logic,logic-0089,test,judge,4,0.5,367.0,judge_k4
0.5B,logic,logic-0089,test,vote,8,1.0,495.0,vote_k8
0.5B,logic,logic-0089,test,oracle,8,1.0,495.0,oracle_k8
0.5B,logic,logic-0089,test,judge,8,1.0,651.0,judge_k8
0.5B,logic,logic-0089,test,seq,1,1.0,62.0,seq_r1
0.5B,logic,logic-0089,test,seq,2,1.0,212.0,seq_r2
0.5B,logic,logic-0089,test,seq,3,1.0,360.0,seq_r3
0.5B,logic,logic-0089,test,seq,4,1.0,458.0,seq_r4
0.5B,logic,logic-0089,test,long,2,0.0,93.0,long_m2
0.5B,logic,logic-0089,test,long,4,0.0,93.0,long_m4
0.5B,logic,logic-0089,test,debate,6,1.0,492.0,debate_a3r2
0.5B,mbpp,mbpp-0000,calib,single,1,0.0,410.0,
0.5B,mbpp,mbpp-0000,calib,prog,4,0.0,1424.0,prog_k4
0.5B,mbpp,mbpp-0000,calib,oracle,4,0.0,1424.0,oracle_k4
0.5B,mbpp,mbpp-0000,calib,judge,4,0.0,2398.0,judge_k4
0.5B,mbpp,mbpp-0000,calib,prog,8,0.0,2746.0,prog_k8
0.5B,mbpp,mbpp-0000,calib,oracle,8,0.0,2746.0,oracle_k8
0.5B,mbpp,mbpp-0000,calib,judge,8,0.0,4469.0,judge_k8
0.5B,mbpp,mbpp-0000,calib,seq,1,0.0,410.0,seq_r1
0.5B,mbpp,mbpp-0000,calib,seq,2,0.0,976.0,seq_r2
0.5B,mbpp,mbpp-0000,calib,seq,3,0.0,1387.0,seq_r3
0.5B,mbpp,mbpp-0000,calib,seq,4,0.0,1814.0,seq_r4
0.5B,mbpp,mbpp-0000,calib,long,2,0.0,412.0,long_m2
0.5B,mbpp,mbpp-0000,calib,long,4,0.0,412.0,long_m4
0.5B,mbpp,mbpp-0000,calib,debate,6,0.0,2819.0,debate_a3r2
0.5B,mbpp,mbpp-0001,calib,single,1,1.0,115.0,
0.5B,mbpp,mbpp-0001,calib,prog,4,1.0,467.0,prog_k4
0.5B,mbpp,mbpp-0001,calib,oracle,4,1.0,467.0,oracle_k4
0.5B,mbpp,mbpp-0001,calib,judge,4,1.0,780.0,judge_k4
0.5B,mbpp,mbpp-0001,calib,prog,8,1.0,923.0,prog_k8
0.5B,mbpp,mbpp-0001,calib,oracle,8,1.0,923.0,oracle_k8
0.5B,mbpp,mbpp-0001,calib,judge,8,1.0,1443.0,judge_k8
0.5B,mbpp,mbpp-0001,calib,seq,1,1.0,115.0,seq_r1
0.5B,mbpp,mbpp-0001,calib,seq,2,1.0,309.0,seq_r2
0.5B,mbpp,mbpp-0001,calib,seq,3,1.0,527.0,seq_r3
0.5B,mbpp,mbpp-0001,calib,seq,4,1.0,769.0,seq_r4
0.5B,mbpp,mbpp-0001,calib,long,2,0.0,246.0,long_m2
0.5B,mbpp,mbpp-0001,calib,long,4,0.0,246.0,long_m4
0.5B,mbpp,mbpp-0001,calib,debate,6,1.0,1036.0,debate_a3r2
0.5B,mbpp,mbpp-0002,calib,single,1,0.0,158.0,
0.5B,mbpp,mbpp-0002,calib,prog,4,0.0,621.0,prog_k4
0.5B,mbpp,mbpp-0002,calib,oracle,4,0.0,621.0,oracle_k4
0.5B,mbpp,mbpp-0002,calib,judge,4,0.0,1058.0,judge_k4
0.5B,mbpp,mbpp-0002,calib,prog,8,0.0,1212.0,prog_k8
0.5B,mbpp,mbpp-0002,calib,oracle,8,0.0,1212.0,oracle_k8
0.5B,mbpp,mbpp-0002,calib,judge,8,0.0,1952.0,judge_k8
0.5B,mbpp,mbpp-0002,calib,seq,1,0.0,158.0,seq_r1
0.5B,mbpp,mbpp-0002,calib,seq,2,0.0,429.0,seq_r2
0.5B,mbpp,mbpp-0002,calib,seq,3,0.0,700.0,seq_r3
0.5B,mbpp,mbpp-0002,calib,seq,4,0.0,971.0,seq_r4
0.5B,mbpp,mbpp-0002,calib,long,2,0.0,223.0,long_m2
0.5B,mbpp,mbpp-0002,calib,long,4,0.0,223.0,long_m4
0.5B,mbpp,mbpp-0002,calib,debate,6,0.0,1332.0,debate_a3r2
0.5B,mbpp,mbpp-0003,calib,single,1,0.0,200.0,
0.5B,mbpp,mbpp-0003,calib,prog,4,0.0,789.5,prog_k4
0.5B,mbpp,mbpp-0003,calib,oracle,4,0.0,789.5,oracle_k4
0.5B,mbpp,mbpp-0003,calib,judge,4,0.0,1337.0,judge_k4
0.5B,mbpp,mbpp-0003,calib,prog,8,0.0,1632.0,prog_k8
0.5B,mbpp,mbpp-0003,calib,oracle,8,0.0,1632.0,oracle_k8
0.5B,mbpp,mbpp-0003,calib,judge,8,0.0,2658.0,judge_k8
0.5B,mbpp,mbpp-0003,calib,seq,1,0.0,200.0,seq_r1
0.5B,mbpp,mbpp-0003,calib,seq,2,0.0,535.0,seq_r2
0.5B,mbpp,mbpp-0003,calib,seq,3,0.0,870.0,seq_r3
0.5B,mbpp,mbpp-0003,calib,seq,4,0.0,1205.0,seq_r4
0.5B,mbpp,mbpp-0003,calib,long,2,1.0,239.0,long_m2
0.5B,mbpp,mbpp-0003,calib,long,4,1.0,239.0,long_m4
0.5B,mbpp,mbpp-0003,calib,debate,6,0.0,1905.0,debate_a3r2
0.5B,mbpp,mbpp-0004,calib,single,1,0.0,338.0,
0.5B,mbpp,mbpp-0004,calib,prog,4,1.0,1109.5,prog_k4
0.5B,mbpp,mbpp-0004,calib,oracle,4,1.0,1109.5,oracle_k4
0.5B,mbpp,mbpp-0004,calib,judge,4,1.0,1953.0,judge_k4
0.5B,mbpp,mbpp-0004,calib,prog,8,1.0,2160.0,prog_k8
0.5B,mbpp,mbpp-0004,calib,oracle,8,1.0,2160.0,oracle_k8
0.5B,mbpp,mbpp-0004,calib,judge,8,0.0,3724.0,judge_k8
0.5B,mbpp,mbpp-0004,calib,seq,1,0.0,338.0,seq_r1
0.5B,mbpp,mbpp-0004,calib,seq,2,0.0,954.0,seq_r2
0.5B,mbpp,mbpp-0004,calib,seq,3,0.0,1570.0,seq_r3
0.5B,mbpp,mbpp-0004,calib,seq,4,0.0,2186.0,seq_r4
0.5B,mbpp,mbpp-0004,calib,long,2,0.0,411.0,long_m2
0.5B,mbpp,mbpp-0004,calib,long,4,0.0,411.0,long_m4
0.5B,mbpp,mbpp-0004,calib,debate,6,1.0,2393.0,debate_a3r2
0.5B,mbpp,mbpp-0005,calib,single,1,0.0,399.0,
0.5B,mbpp,mbpp-0005,calib,prog,4,0.0,1734.0,prog_k4
0.5B,mbpp,mbpp-0005,calib,oracle,4,0.0,1734.0,oracle_k4
0.5B,mbpp,mbpp-0005,calib,judge,4,0.0,2734.0,judge_k4
0.5B,mbpp,mbpp-0005,calib,prog,8,0.0,3310.0,prog_k8
0.5B,mbpp,mbpp-0005,calib,oracle,8,0.0,3310.0,oracle_k8
0.5B,mbpp,mbpp-0005,calib,judge,8,0.0,4993.0,judge_k8
0.5B,mbpp,mbpp-0005,calib,seq,1,0.0,399.0,seq_r1
0.5B,mbpp,mbpp-0005,calib,seq,2,0.0,1048.0,seq_r2
0.5B,mbpp,mbpp-0005,calib,seq,3,0.0,1697.0,seq_r3
0.5B,mbpp,mbpp-0005,calib,seq,4,0.0,2346.0,seq_r4
0.5B,mbpp,mbpp-0005,calib,long,2,0.0,325.0,long_m2
0.5B,mbpp,mbpp-0005,calib,long,4,0.0,325.0,long_m4
0.5B,mbpp,mbpp-0005,calib,debate,6,0.0,2780.0,debate_a3r2
0.5B,mbpp,mbpp-0006,calib,single,1,0.0,242.0,
0.5B,mbpp,mbpp-0006,calib,prog,4,0.0,866.5,prog_k4
0.5B,mbpp,mbpp-0006,calib,oracle,4,0.0,866.5,oracle_k4
0.5B,mbpp,mbpp-0006,calib,judge,4,0.0,1494.0,judge_k4
0.5B,mbpp,mbpp-0006,calib,prog,8,0.0,1704.0,prog_k8
0.5B,mbpp,mbpp-0006,calib,oracle,8,0.0,1704.0,oracle_k8
0.5B,mbpp,mbpp-0006,calib,judge,8,0.0,2809.0,judge_k8
0.5B,mbpp,mbpp-0006,calib,seq,1,0.0,242.0,seq_r1
0.5B,mbpp,mbpp-0006,calib,seq,2,0.0,662.0,seq_r2
0.5B,mbpp,mbpp-0006,calib,seq,3,0.0,1082.0,seq_r3
0.5B,mbpp,mbpp-0006,calib,seq,4,0.0,1502.0,seq_r4
0.5B,mbpp,mbpp-0006,calib,long,2,0.0,347.0,long_m2
0.5B,mbpp,mbpp-0006,calib,long,4,0.0,347.0,long_m4
0.5B,mbpp,mbpp-0006,calib,debate,6,0.0,2283.0,debate_a3r2
0.5B,mbpp,mbpp-0007,calib,single,1,0.0,122.0,
0.5B,mbpp,mbpp-0007,calib,prog,4,0.0,608.0,prog_k4
0.5B,mbpp,mbpp-0007,calib,oracle,4,0.0,608.0,oracle_k4
0.5B,mbpp,mbpp-0007,calib,judge,4,0.0,1063.0,judge_k4
0.5B,mbpp,mbpp-0007,calib,prog,8,0.0,1205.0,prog_k8
0.5B,mbpp,mbpp-0007,calib,oracle,8,0.0,1205.0,oracle_k8
0.5B,mbpp,mbpp-0007,calib,judge,8,0.0,2008.0,judge_k8
0.5B,mbpp,mbpp-0007,calib,seq,1,0.0,122.0,seq_r1
0.5B,mbpp,mbpp-0007,calib,seq,2,0.0,331.0,seq_r2
0.5B,mbpp,mbpp-0007,calib,seq,3,0.0,564.0,seq_r3
0.5B,mbpp,mbpp-0007,calib,seq,4,0.0,821.0,seq_r4
0.5B,mbpp,mbpp-0007,calib,long,2,0.0,203.0,long_m2
0.5B,mbpp,mbpp-0007,calib,long,4,0.0,203.0,long_m4
0.5B,mbpp,mbpp-0007,calib,debate,6,0.0,1471.0,debate_a3r2
0.5B,mbpp,mbpp-0008,calib,single,1,0.0,167.0,
0.5B,mbpp,mbpp-0008,calib,prog,4,0.0,760.5,prog_k4
0.5B,mbpp,mbpp-0008,calib,oracle,4,0.0,760.5,oracle_k4
0.5B,mbpp,mbpp-0008,calib,judge,4,0.0,1306.0,judge_k4
0.5B,mbpp,mbpp-0008,calib,prog,8,0.0,1499.0,prog_k8
0.5B,mbpp,mbpp-0008,calib,oracle,8,0.0,1499.0,oracle_k8
0.5B,mbpp,mbpp-0008,calib,judge,8,0.0,2455.0,judge_k8
0.5B,mbpp,mbpp-0008,calib,seq,1,0.0,167.0,seq_r1
0.5B,mbpp,mbpp-0008,calib,seq,2,0.0,445.0,seq_r2
0.5B,mbpp,mbpp-0008,calib,seq,3,0.0,723.0,seq_r3
0.5B,mbpp,mbpp-0008,calib,seq,4,0.0,1001.0,seq_r4
0.5B,mbpp,mbpp-0008,calib,long,2,0.0,287.0,long_m2
0.5B,mbpp,mbpp-0008,calib,long,4,0.0,287.0,long_m4
0.5B,mbpp,mbpp-0008,calib,debate,6,0.0,2025.0,debate_a3r2
0.5B,mbpp,mbpp-0009,calib,single,1,0.0,175.0,
0.5B,mbpp,mbpp-0009,calib,prog,4,0.0,605.5,prog_k4
0.5B,mbpp,mbpp-0009,calib,oracle,4,0.0,605.5,oracle_k4
0.5B,mbpp,mbpp-0009,calib,judge,4,0.0,1057.0,judge_k4
0.5B,mbpp,mbpp-0009,calib,prog,8,0.0,1203.0,prog_k8
0.5B,mbpp,mbpp-0009,calib,oracle,8,0.0,1203.0,oracle_k8
0.5B,mbpp,mbpp-0009,calib,judge,8,0.0,2004.0,judge_k8
0.5B,mbpp,mbpp-0009,calib,seq,1,0.0,175.0,seq_r1
0.5B,mbpp,mbpp-0009,calib,seq,2,0.0,523.0,seq_r2
0.5B,mbpp,mbpp-0009,calib,seq,3,0.0,937.0,seq_r3
0.5B,mbpp,mbpp-0009,calib,seq,4,0.0,1594.0,seq_r4
0.5B,mbpp,mbpp-0009,calib,long,2,0.0,221.0,long_m2
0.5B,mbpp,mbpp-0009,calib,long,4,0.0,221.0,long_m4
0.5B,mbpp,mbpp-0009,calib,debate,6,0.0,1517.0,debate_a3r2
0.5B,mbpp,mbpp-0010,calib,single,1,0.0,349.0,
0.5B,mbpp,mbpp-0010,calib,prog,4,0.0,987.5,prog_k4
0.5B,mbpp,mbpp-0010,calib,oracle,4,0.0,987.5,oracle_k4
0.5B,mbpp,mbpp-0010,calib,judge,4,0.0,1676.0,judge_k4
0.5B,mbpp,mbpp-0010,calib,prog,8,0.0,1990.0,prog_k8
0.5B,mbpp,mbpp-0010,calib,oracle,8,0.0,1990.0,oracle_k8
0.5B,mbpp,mbpp-0010,calib,judge,8,0.0,3226.0,judge_k8
0.5B,mbpp,mbpp-0010,calib,seq,1,0.0,349.0,seq_r1
0.5B,mbpp,mbpp-0010,calib,seq,2,0.0,991.0,seq_r2
0.5B,mbpp,mbpp-0010,calib,seq,3,0.0,1593.0,seq_r3
0.5B,mbpp,mbpp-0010,calib,seq,4,0.0,2318.0,seq_r4
0.5B,mbpp,mbpp-0010,calib,long,2,0.0,401.0,long_m2
0.5B,mbpp,mbpp-0010,calib,long,4,0.0,401.0,long_m4
0.5B,mbpp,mbpp-0010,calib,debate,6,0.0,2174.0,debate_a3r2
0.5B,mbpp,mbpp-0011,calib,single,1,0.0,201.0,
0.5B,mbpp,mbpp-0011,calib,prog,4,1.0,610.5,prog_k4
0.5B,mbpp,mbpp-0011,calib,oracle,4,1.0,610.5,oracle_k4
0.5B,mbpp,mbpp-0011,calib,judge,4,1.0,1058.0,judge_k4
0.5B,mbpp,mbpp-0011,calib,prog,8,1.0,1199.0,prog_k8
0.5B,mbpp,mbpp-0011,calib,oracle,8,1.0,1199.0,oracle_k8
0.5B,mbpp,mbpp-0011,calib,judge,8,0.0,1975.0,judge_k8
0.5B,mbpp,mbpp-0011,calib,seq,1,0.0,201.0,seq_r1
0.5B,mbpp,mbpp-0011,calib,seq,2,0.0,565.0,seq_r2
0.5B,mbpp,mbpp-0011,calib,seq,3,0.0,929.0,seq_r3
0.5B,mbpp,mbpp-0011,calib,seq,4,0.0,1293.0,seq_r4
0.5B,mbpp,mbpp-0011,calib,long,2,0.0,257.0,long_m2
0.5B,mbpp,mbpp-0011,calib,long,4,0.0,257.0,long_m4
0.5B,mbpp,mbpp-0011,calib,debate,6,0.0,1567.0,debate_a3r2
0.5B,mbpp,mbpp-0012,calib,single,1,0.0,262.0,
0.5B,mbpp,mbpp-0012,calib,prog,4,0.0,977.5,prog_k4
0.5B,mbpp,mbpp-0012,calib,oracle,4,0.0,977.5,oracle_k4
0.5B,mbpp,mbpp-0012,calib,judge,4,0.0,1672.5,judge_k4
0.5B,mbpp,mbpp-0012,calib,prog,8,0.0,1906.0,prog_k8
0.5B,mbpp,mbpp-0012,calib,oracle,8,0.0,1906.0,oracle_k8
0.5B,mbpp,mbpp-0012,calib,judge,8,0.0,3188.0,judge_k8
0.5B,mbpp,mbpp-0012,calib,seq,1,0.0,262.0,seq_r1
0.5B,mbpp,mbpp-0012,calib,seq,2,0.0,755.0,seq_r2
0.5B,mbpp,mbpp-0012,calib,seq,3,0.0,1248.0,seq_r3
0.5B,mbpp,mbpp-0012,calib,seq,4,0.0,1741.0,seq_r4
0.5B,mbpp,mbpp-0012,calib,long,2,0.0,221.0,long_m2
0.5B,mbpp,mbpp-0012,calib,long,4,0.0,221.0,long_m4
0.5B,mbpp,mbpp-0012,calib,debate,6,0.0,2091.0,debate_a3r2
0.5B,mbpp,mbpp-0013,calib,single,1,1.0,155.0,
0.5B,mbpp,mbpp-0013,calib,prog,4,1.0,827.5,prog_k4
0.5B,mbpp,mbpp-0013,calib,oracle,4,1.0,827.5,oracle_k4
0.5B,mbpp,mbpp-0013,calib,judge,4,1.0,1296.0,judge_k4
0.5B,mbpp,mbpp-0013,calib,prog,8,1.0,2036.0,prog_k8
0.5B,mbpp,mbpp-0013,calib,oracle,8,1.0,2036.0,oracle_k8
0.5B,mbpp,mbpp-0013,calib,judge,8,1.0,3193.0,judge_k8
0.5B,mbpp,mbpp-0013,calib,seq,1,1.0,155.0,seq_r1
0.5B,mbpp,mbpp-0013,calib,seq,2,1.0,361.0,seq_r2
0.5B,mbpp,mbpp-0013,calib,seq,3,1.0,657.0,seq_r3
0.5B,mbpp,mbpp-0013,calib,seq,4,1.0,1043.0,seq_r4
0.5B,mbpp,mbpp-0013,calib,long,2,1.0,349.0,long_m2
0.5B,mbpp,mbpp-0013,calib,long,4,1.0,349.0,long_m4
0.5B,mbpp,mbpp-0013,calib,debate,6,1.0,1533.0,debate_a3r2
0.5B,mbpp,mbpp-0014,calib,single,1,0.0,301.0,
0.5B,mbpp,mbpp-0014,calib,prog,4,0.0,931.5,prog_k4
0.5B,mbpp,mbpp-0014,calib,oracle,4,0.0,931.5,oracle_k4
0.5B,mbpp,mbpp-0014,calib,judge,4,0.0,1544.0,judge_k4
0.5B,mbpp,mbpp-0014,calib,prog,8,0.0,1865.0,prog_k8
0.5B,mbpp,mbpp-0014,calib,oracle,8,0.0,1865.0,oracle_k8
0.5B,mbpp,mbpp-0014,calib,judge,8,0.0,2983.0,judge_k8
0.5B,mbpp,mbpp-0014,calib,seq,1,0.0,301.0,seq_r1
0.5B,mbpp,mbpp-0014,calib,seq,2,0.0,886.0,seq_r2
0.5B,mbpp,mbpp-0014,calib,seq,3,0.0,1471.0,seq_r3
0.5B,mbpp,mbpp-0014,calib,seq,4,0.0,2018.0,seq_r4
0.5B,mbpp,mbpp-0014,calib,long,2,0.0,331.0,long_m2
0.5B,mbpp,mbpp-0014,calib,long,4,0.0,331.0,long_m4
0.5B,mbpp,mbpp-0014,calib,debate,6,0.0,2281.0,debate_a3r2
0.5B,mbpp,mbpp-0015,calib,single,1,0.0,322.0,
0.5B,mbpp,mbpp-0015,calib,prog,4,0.0,1118.0,prog_k4
0.5B,mbpp,mbpp-0015,calib,oracle,4,0.0,1118.0,oracle_k4
0.5B,mbpp,mbpp-0015,calib,judge,4,0.0,1853.0,judge_k4
0.5B,mbpp,mbpp-0015,calib,prog,8,0.0,2247.0,prog_k8
0.5B,mbpp,mbpp-0015,calib,oracle,8,0.0,2247.0,oracle_k8
0.5B,mbpp,mbpp-0015,calib,judge,8,0.0,3572.0,judge_k8
0.5B,mbpp,mbpp-0015,calib,seq,1,0.0,322.0,seq_r1
0.5B,mbpp,mbpp-0015,calib,seq,2,0.0,873.0,seq_r2
0.5B,mbpp,mbpp-0015,calib,seq,3,0.0,1419.0,seq_r3
0.5B,mbpp,mbpp-0015,calib,seq,4,0.0,1954.0,seq_r4
0.5B,mbpp,mbpp-0015,calib,long,2,0.0,321.0,long_m2
0.5B,mbpp,mbpp-0015,calib,long,4,0.0,321.0,long_m4
0.5B,mbpp,mbpp-0015,calib,debate,6,0.0,2194.0,debate_a3r2
0.5B,mbpp,mbpp-0016,calib,single,1,1.0,77.0,
0.5B,mbpp,mbpp-0016,calib,prog,4,1.0,320.5,prog_k4
0.5B,mbpp,mbpp-0016,calib,oracle,4,1.0,320.5,oracle_k4
0.5B,mbpp,mbpp-0016,calib,judge,4,1.0,505.0,judge_k4
0.5B,mbpp,mbpp-0016,calib,prog,8,1.0,651.0,prog_k8
0.5B,mbpp,mbpp-0016,calib,oracle,8,1.0,651.0,oracle_k8
0.5B,mbpp,mbpp-0016,calib,judge,8,1.0,942.0,judge_k8
0.5B,mbpp,mbpp-0016,calib,seq,1,1.0,77.0,seq_r1
0.5B,mbpp,mbpp-0016,calib,seq,2,1.0,202.0,seq_r2
0.5B,mbpp,mbpp-0016,calib,seq,3,1.0,349.0,seq_r3
0.5B,mbpp,mbpp-0016,calib,seq,4,1.0,518.0,seq_r4
0.5B,mbpp,mbpp-0016,calib,long,2,1.0,146.0,long_m2
0.5B,mbpp,mbpp-0016,calib,long,4,1.0,146.0,long_m4
0.5B,mbpp,mbpp-0016,calib,debate,6,1.0,690.0,debate_a3r2
0.5B,mbpp,mbpp-0017,calib,single,1,0.0,146.0,
0.5B,mbpp,mbpp-0017,calib,prog,4,0.0,557.5,prog_k4
0.5B,mbpp,mbpp-0017,calib,oracle,4,0.0,557.5,oracle_k4
0.5B,mbpp,mbpp-0017,calib,judge,4,0.0,960.0,judge_k4
0.5B,mbpp,mbpp-0017,calib,prog,8,0.0,1195.0,prog_k8
0.5B,mbpp,mbpp-0017,calib,oracle,8,0.0,1195.0,oracle_k8
0.5B,mbpp,mbpp-0017,calib,judge,8,0.0,1987.0,judge_k8
0.5B,mbpp,mbpp-0017,calib,seq,1,0.0,146.0,seq_r1
0.5B,mbpp,mbpp-0017,calib,seq,2,0.0,402.0,seq_r2
0.5B,mbpp,mbpp-0017,calib,seq,3,0.0,636.0,seq_r3
0.5B,mbpp,mbpp-0017,calib,seq,4,0.0,826.0,seq_r4
0.5B,mbpp,mbpp-0017,calib,long,2,0.0,244.0,long_m2
0.5B,mbpp,mbpp-0017,calib,long,4,0.0,244.0,long_m4
0.5B,mbpp,mbpp-0017,calib,debate,6,0.0,1518.0,debate_a3r2
0.5B,mbpp,mbpp-0018,calib,single,1,0.0,171.0,
0.5B,mbpp,mbpp-0018,calib,prog,4,1.0,680.0,prog_k4
0.5B,mbpp,mbpp-0018,calib,oracle,4,1.0,680.0,oracle_k4
0.5B,mbpp,mbpp-0018,calib,judge,4,0.5,1185.0,judge_k4
0.5B,mbpp,mbpp-0018,calib,prog,8,1.0,1379.0,prog_k8
0.5B,mbpp,mbpp-0018,calib,oracle,8,1.0,1379.0,oracle_k8
0.5B,mbpp,mbpp-0018,calib,judge,8,1.0,2307.0,judge_k8
0.5B,mbpp,mbpp-0018,calib,seq,1,0.0,171.0,seq_r1
0.5B,mbpp,mbpp-0018,calib,seq,2,0.0,471.0,seq_r2
0.5B,mbpp,mbpp-0018,calib,seq,3,0.0,771.0,seq_r3
0.5B,mbpp,mbpp-0018,calib,seq,4,0.0,1071.0,seq_r4
0.5B,mbpp,mbpp-0018,calib,long,2,0.0,274.0,long_m2
0.5B,mbpp,mbpp-0018,calib,long,4,0.0,274.0,long_m4
0.5B,mbpp,mbpp-0018,calib,debate,6,0.0,1743.0,debate_a3r2
0.5B,mbpp,mbpp-0019,calib,single,1,0.0,160.0,
0.5B,mbpp,mbpp-0019,calib,prog,4,0.5,739.0,prog_k4
0.5B,mbpp,mbpp-0019,calib,oracle,4,0.5,739.0,oracle_k4
0.5B,mbpp,mbpp-0019,calib,judge,4,0.5,1225.0,judge_k4
0.5B,mbpp,mbpp-0019,calib,prog,8,0.0,1534.0,prog_k8
0.5B,mbpp,mbpp-0019,calib,oracle,8,1.0,1534.0,oracle_k8
0.5B,mbpp,mbpp-0019,calib,judge,8,0.0,2435.0,judge_k8
0.5B,mbpp,mbpp-0019,calib,seq,1,0.0,160.0,seq_r1
0.5B,mbpp,mbpp-0019,calib,seq,2,0.0,412.0,seq_r2
0.5B,mbpp,mbpp-0019,calib,seq,3,0.0,665.0,seq_r3
0.5B,mbpp,mbpp-0019,calib,seq,4,0.0,919.0,seq_r4
0.5B,mbpp,mbpp-0019,calib,long,2,0.0,238.0,long_m2
0.5B,mbpp,mbpp-0019,calib,long,4,0.0,238.0,long_m4
0.5B,mbpp,mbpp-0019,calib,debate,6,0.0,1657.0,debate_a3r2
0.5B,mbpp,mbpp-0020,calib,single,1,0.0,146.0,
0.5B,mbpp,mbpp-0020,calib,prog,4,1.0,618.0,prog_k4
0.5B,mbpp,mbpp-0020,calib,oracle,4,1.0,618.0,oracle_k4
0.5B,mbpp,mbpp-0020,calib,judge,4,0.5,1057.5,judge_k4
0.5B,mbpp,mbpp-0020,calib,prog,8,1.0,1218.0,prog_k8
0.5B,mbpp,mbpp-0020,calib,oracle,8,1.0,1218.0,oracle_k8
0.5B,mbpp,mbpp-0020,calib,judge,8,1.0,1977.0,judge_k8
0.5B,mbpp,mbpp-0020,calib,seq,1,0.0,146.0,seq_r1
0.5B,mbpp,mbpp-0020,calib,seq,2,0.0,395.0,seq_r2
0.5B,mbpp,mbpp-0020,calib,seq,3,0.0,644.0,seq_r3
0.5B,mbpp,mbpp-0020,calib,seq,4,0.0,893.0,seq_r4
0.5B,mbpp,mbpp-0020,calib,long,2,1.0,236.0,long_m2
0.5B,mbpp,mbpp-0020,calib,long,4,1.0,236.0,long_m4
0.5B,mbpp,mbpp-0020,calib,debate,6,0.0,1268.0,debate_a3r2
0.5B,mbpp,mbpp-0021,calib,single,1,0.0,129.0,
0.5B,mbpp,mbpp-0021,calib,prog,4,0.5,605.5,prog_k4
0.5B,mbpp,mbpp-0021,calib,oracle,4,0.5,605.5,oracle_k4
0.5B,mbpp,mbpp-0021,calib,judge,4,0.0,1039.0,judge_k4
0.5B,mbpp,mbpp-0021,calib,prog,8,1.0,1199.0,prog_k8
0.5B,mbpp,mbpp-0021,calib,oracle,8,1.0,1199.0,oracle_k8
0.5B,mbpp,mbpp-0021,calib,judge,8,1.0,1954.0,judge_k8
0.5B,mbpp,mbpp-0021,calib,seq,1,0.0,129.0,seq_r1
0.5B,mbpp,mbpp-0021,calib,seq,2,0.0,346.0,seq_r2
0.5B,mbpp,mbpp-0021,calib,seq,3,0.0,563.0,seq_r3
0.5B,mbpp,mbpp-0021,calib,seq,4,0.0,807.0,seq_r4
0.5B,mbpp,mbpp-0021,calib,long,2,0.0,251.0,long_m2
0.5B,mbpp,mbpp-0021,calib,long,4,0.0,251.0,long_m4
0.5B,mbpp,mbpp-0021,calib,debate,6,0.0,1621.0,debate_a3r2
0.5B,mbpp,mbpp-0022,calib,single,1,0.0,152.0,
0.5B,mbpp,mbpp-0022,calib,prog,4,0.0,659.0,prog_k4
0.5B,mbpp,mbpp-0022,calib,oracle,4,0.0,659.0,oracle_k4
0.5B,mbpp,mbpp-0022,calib,judge,4,0.0,1089.0,judge_k4
0.5B,mbpp,mbpp-0022,calib,prog,8,0.0,1278.0,prog_k8
0.5B,mbpp,mbpp-0022,calib,oracle,8,0.0,1278.0,oracle_k8
0.5B,mbpp,mbpp-0022,calib,judge,8,0.0,1979.0,judge_k8
0.5B,mbpp,mbpp-0022,calib,seq,1,0.0,152.0,seq_r1
0.5B,mbpp,mbpp-0022,calib,seq,2,0.0,396.0,seq_r2
0.5B,mbpp,mbpp-0022,calib,seq,3,0.0,640.0,seq_r3
0.5B,mbpp,mbpp-0022,calib,seq,4,0.0,886.0,seq_r4
0.5B,mbpp,mbpp-0022,calib,long,2,0.0,215.0,long_m2
0.5B,mbpp,mbpp-0022,calib,long,4,0.0,215.0,long_m4
0.5B,mbpp,mbpp-0022,calib,debate,6,0.0,1460.0,debate_a3r2
0.5B,mbpp,mbpp-0023,calib,single,1,1.0,160.0,
0.5B,mbpp,mbpp-0023,calib,prog,4,0.0,529.0,prog_k4
0.5B,mbpp,mbpp-0023,calib,oracle,4,1.0,529.0,oracle_k4
0.5B,mbpp,mbpp-0023,calib,judge,4,0.5,886.0,judge_k4
0.5B,mbpp,mbpp-0023,calib,prog,8,1.0,993.0,prog_k8
0.5B,mbpp,mbpp-0023,calib,oracle,8,1.0,993.0,oracle_k8
0.5B,mbpp,mbpp-0023,calib,judge,8,0.0,1542.0,judge_k8
0.5B,mbpp,mbpp-0023,calib,seq,1,1.0,160.0,seq_r1
0.5B,mbpp,mbpp-0023,calib,seq,2,1.0,439.0,seq_r2
0.5B,mbpp,mbpp-0023,calib,seq,3,1.0,718.0,seq_r3
0.5B,mbpp,mbpp-0023,calib,seq,4,1.0,997.0,seq_r4
0.5B,mbpp,mbpp-0023,calib,long,2,1.0,217.0,long_m2
0.5B,mbpp,mbpp-0023,calib,long,4,1.0,217.0,long_m4
0.5B,mbpp,mbpp-0023,calib,debate,6,0.0,1385.0,debate_a3r2
0.5B,mbpp,mbpp-0024,calib,single,1,0.0,294.0,
0.5B,mbpp,mbpp-0024,calib,prog,4,1.0,1072.5,prog_k4
0.5B,mbpp,mbpp-0024,calib,oracle,4,1.0,1072.5,oracle_k4
0.5B,mbpp,mbpp-0024,calib,judge,4,0.0,1867.0,judge_k4
0.5B,mbpp,mbpp-0024,calib,prog,8,1.0,2088.0,prog_k8
0.5B,mbpp,mbpp-0024,calib,oracle,8,1.0,2088.0,oracle_k8
0.5B,mbpp,mbpp-0024,calib,judge,8,1.0,3486.0,judge_k8
0.5B,mbpp,mbpp-0024,calib,seq,1,0.0,294.0,seq_r1
0.5B,mbpp,mbpp-0024,calib,seq,2,0.0,805.0,seq_r2
0.5B,mbpp,mbpp-0024,calib,seq,3,0.0,1316.0,seq_r3
0.5B,mbpp,mbpp-0024,calib,seq,4,0.0,1763.0,seq_r4
0.5B,mbpp,mbpp-0024,calib,long,2,0.0,353.0,long_m2
0.5B,mbpp,mbpp-0024,calib,long,4,0.0,353.0,long_m4
0.5B,mbpp,mbpp-0024,calib,debate,6,1.0,2245.0,debate_a3r2
0.5B,mbpp,mbpp-0025,calib,single,1,0.0,134.0,
0.5B,mbpp,mbpp-0025,calib,prog,4,0.0,577.5,prog_k4
0.5B,mbpp,mbpp-0025,calib,oracle,4,0.0,577.5,oracle_k4
0.5B,mbpp,mbpp-0025,calib,judge,4,0.0,944.0,judge_k4
0.5B,mbpp,mbpp-0025,calib,prog,8,0.0,1181.0,prog_k8
0.5B,mbpp,mbpp-0025,calib,oracle,8,0.0,1181.0,oracle_k8
0.5B,mbpp,mbpp-0025,calib,judge,8,0.0,1826.0,judge_k8
0.5B,mbpp,mbpp-0025,calib,seq,1,0.0,134.0,seq_r1
0.5B,mbpp,mbpp-0025,calib,seq,2,0.0,393.0,seq_r2
0.5B,mbpp,mbpp-0025,calib,seq,3,0.0,698.0,seq_r3
0.5B,mbpp,mbpp-0025,calib,seq,4,0.0,1003.0,seq_r4
0.5B,mbpp,mbpp-0025,calib,long,2,0.0,344.0,long_m2
0.5B,mbpp,mbpp-0025,calib,long,4,0.0,344.0,long_m4
0.5B,mbpp,mbpp-0025,calib,debate,6,0.0,1297.0,debate_a3r2
0.5B,mbpp,mbpp-0026,calib,single,1,0.0,369.0,
0.5B,mbpp,mbpp-0026,calib,prog,4,0.0,1561.0,prog_k4
0.5B,mbpp,mbpp-0026,calib,oracle,4,0.0,1561.0,oracle_k4
0.5B,mbpp,mbpp-0026,calib,judge,4,0.0,2399.5,judge_k4
0.5B,mbpp,mbpp-0026,calib,prog,8,0.0,2986.0,prog_k8
0.5B,mbpp,mbpp-0026,calib,oracle,8,0.0,2986.0,oracle_k8
0.5B,mbpp,mbpp-0026,calib,judge,8,0.0,4540.0,judge_k8
0.5B,mbpp,mbpp-0026,calib,seq,1,0.0,369.0,seq_r1
0.5B,mbpp,mbpp-0026,calib,seq,2,0.0,1018.0,seq_r2
0.5B,mbpp,mbpp-0026,calib,seq,3,0.0,1604.0,seq_r3
0.5B,mbpp,mbpp-0026,calib,seq,4,0.0,2131.0,seq_r4
0.5B,mbpp,mbpp-0026,calib,long,2,0.0,443.0,long_m2
0.5B,mbpp,mbpp-0026,calib,long,4,0.0,443.0,long_m4
0.5B,mbpp,mbpp-0026,calib,debate,6,0.0,2899.0,debate_a3r2
0.5B,mbpp,mbpp-0027,calib,single,1,0.0,253.0,
0.5B,mbpp,mbpp-0027,calib,prog,4,1.0,859.5,prog_k4
0.5B,mbpp,mbpp-0027,calib,oracle,4,1.0,859.5,oracle_k4
0.5B,mbpp,mbpp-0027,calib,judge,4,0.0,1431.5,judge_k4
0.5B,mbpp,mbpp-0027,calib,prog,8,1.0,1596.0,prog_k8
0.5B,mbpp,mbpp-0027,calib,oracle,8,1.0,1596.0,oracle_k8
0.5B,mbpp,mbpp-0027,calib,judge,8,1.0,2474.0,judge_k8
0.5B,mbpp,mbpp-0027,calib,seq,1,0.0,253.0,seq_r1
0.5B,mbpp,mbpp-0027,calib,seq,2,0.0,678.0,seq_r2
0.5B,mbpp,mbpp-0027,calib,seq,3,0.0,1103.0,seq_r3
0.5B,mbpp,mbpp-0027,calib,seq,4,0.0,1528.0,seq_r4
0.5B,mbpp,mbpp-0027,calib,long,2,0.0,465.0,long_m2
0.5B,mbpp,mbpp-0027,calib,long,4,0.0,465.0,long_m4
0.5B,mbpp,mbpp-0027,calib,debate,6,0.0,1904.0,debate_a3r2
0.5B,mbpp,mbpp-0028,calib,single,1,0.0,191.0,
0.5B,mbpp,mbpp-0028,calib,prog,4,0.0,675.5,prog_k4
0.5B,mbpp,mbpp-0028,calib,oracle,4,0.0,675.5,oracle_k4
0.5B,mbpp,mbpp-0028,calib,judge,4,0.0,1157.0,judge_k4
0.5B,mbpp,mbpp-0028,calib,prog,8,0.0,1351.0,prog_k8
0.5B,mbpp,mbpp-0028,calib,oracle,8,0.0,1351.0,oracle_k8
0.5B,mbpp,mbpp-0028,calib,judge,8,0.0,2208.0,judge_k8
0.5B,mbpp,mbpp-0028,calib,seq,1,0.0,191.0,seq_r1
0.5B,mbpp,mbpp-0028,calib,seq,2,0.0,524.0,seq_r2
0.5B,mbpp,mbpp-0028,calib,seq,3,0.0,857.0,seq_r3
0.5B,mbpp,mbpp-0028,calib,seq,4,0.0,1190.0,seq_r4
0.5B,mbpp,mbpp-0028,calib,long,2,0.0,296.0,long_m2
0.5B,mbpp,mbpp-0028,calib,long,4,0.0,296.0,long_m4
0.5B,mbpp,mbpp-0028,calib,debate,6,0.0,1775.0,debate_a3r2
0.5B,mbpp,mbpp-0029,calib,single,1,0.0,133.0,
0.5B,mbpp,mbpp-0029,calib,prog,4,0.0,740.5,prog_k4
0.5B,mbpp,mbpp-0029,calib,oracle,4,0.0,740.5,oracle_k4
0.5B,mbpp,mbpp-0029,calib,judge,4,0.0,1275.0,judge_k4
0.5B,mbpp,mbpp-0029,calib,prog,8,0.0,1598.0,prog_k8
0.5B,mbpp,mbpp-0029,calib,oracle,8,0.0,1598.0,oracle_k8
0.5B,mbpp,mbpp-0029,calib,judge,8,0.0,2674.0,judge_k8
0.5B,mbpp,mbpp-0029,calib,seq,1,0.0,133.0,seq_r1
0.5B,mbpp,mbpp-0029,calib,seq,2,0.0,346.0,seq_r2
0.5B,mbpp,mbpp-0029,calib,seq,3,0.0,631.0,seq_r3
0.5B,mbpp,mbpp-0029,calib,seq,4,0.0,988.0,seq_r4
0.5B,mbpp,mbpp-0029,calib,long,2,0.0,223.0,long_m2
0.5B,mbpp,mbpp-0029,calib,long,4,0.0,223.0,long_m4
0.5B,mbpp,mbpp-0029,calib,debate,6,0.0,1638.0,debate_a3r2
0.5B,mbpp,mbpp-0030,test,single,1,0.0,185.0,
0.5B,mbpp,mbpp-0030,test,prog,4,1.0,743.5,prog_k4
0.5B,mbpp,mbpp-0030,test,oracle,4,1.0,743.5,oracle_k4
0.5B,mbpp,mbpp-0030,test,judge,4,0.5,1255.0,judge_k4
0.5B,mbpp,mbpp-0030,test,prog,8,1.0,1436.0,prog_k8
0.5B,mbpp,mbpp-0030,test,oracle,8,1.0,1436.0,oracle_k8
0.5B,mbpp,mbpp-0030,test,judge,8,0.0,2288.0,judge_k8
0.5B,mbpp,mbpp-0030,test,seq,1,0.0,185.0,seq_r1
0.5B,mbpp,mbpp-0030,test,seq,2,0.0,543.0,seq_r2
0.5B,mbpp,mbpp-0030,test,seq,3,0.0,950.0,seq_r3
0.5B,mbpp,mbpp-0030,test,seq,4,0.0,1308.0,seq_r4
0.5B,mbpp,mbpp-0030,test,long,2,0.0,245.0,long_m2
0.5B,mbpp,mbpp-0030,test,long,4,0.0,245.0,long_m4
0.5B,mbpp,mbpp-0030,test,debate,6,1.0,1691.0,debate_a3r2
0.5B,mbpp,mbpp-0031,test,single,1,1.0,133.0,
0.5B,mbpp,mbpp-0031,test,prog,4,1.0,447.5,prog_k4
0.5B,mbpp,mbpp-0031,test,oracle,4,1.0,447.5,oracle_k4
0.5B,mbpp,mbpp-0031,test,judge,4,1.0,735.0,judge_k4
0.5B,mbpp,mbpp-0031,test,prog,8,1.0,944.0,prog_k8
0.5B,mbpp,mbpp-0031,test,oracle,8,1.0,944.0,oracle_k8
0.5B,mbpp,mbpp-0031,test,judge,8,1.0,1472.0,judge_k8
0.5B,mbpp,mbpp-0031,test,seq,1,1.0,133.0,seq_r1
0.5B,mbpp,mbpp-0031,test,seq,2,1.0,362.0,seq_r2
0.5B,mbpp,mbpp-0031,test,seq,3,1.0,591.0,seq_r3
0.5B,mbpp,mbpp-0031,test,seq,4,1.0,820.0,seq_r4
0.5B,mbpp,mbpp-0031,test,long,2,0.0,162.0,long_m2
0.5B,mbpp,mbpp-0031,test,long,4,0.0,162.0,long_m4
0.5B,mbpp,mbpp-0031,test,debate,6,1.0,1096.0,debate_a3r2
0.5B,mbpp,mbpp-0032,test,single,1,1.0,130.0,
0.5B,mbpp,mbpp-0032,test,prog,4,0.5,656.5,prog_k4
0.5B,mbpp,mbpp-0032,test,oracle,4,1.0,656.5,oracle_k4
0.5B,mbpp,mbpp-0032,test,judge,4,1.0,1166.0,judge_k4
0.5B,mbpp,mbpp-0032,test,prog,8,1.0,1446.0,prog_k8
0.5B,mbpp,mbpp-0032,test,oracle,8,1.0,1446.0,oracle_k8
0.5B,mbpp,mbpp-0032,test,judge,8,0.0,2507.0,judge_k8
0.5B,mbpp,mbpp-0032,test,seq,1,1.0,130.0,seq_r1
0.5B,mbpp,mbpp-0032,test,seq,2,1.0,358.0,seq_r2
0.5B,mbpp,mbpp-0032,test,seq,3,1.0,586.0,seq_r3
0.5B,mbpp,mbpp-0032,test,seq,4,1.0,814.0,seq_r4
0.5B,mbpp,mbpp-0032,test,long,2,1.0,339.0,long_m2
0.5B,mbpp,mbpp-0032,test,long,4,1.0,339.0,long_m4
0.5B,mbpp,mbpp-0032,test,debate,6,1.0,1725.0,debate_a3r2
0.5B,mbpp,mbpp-0033,test,single,1,1.0,187.0,
0.5B,mbpp,mbpp-0033,test,prog,4,1.0,566.5,prog_k4
0.5B,mbpp,mbpp-0033,test,oracle,4,1.0,566.5,oracle_k4
0.5B,mbpp,mbpp-0033,test,judge,4,1.0,988.0,judge_k4
0.5B,mbpp,mbpp-0033,test,prog,8,1.0,1108.0,prog_k8
0.5B,mbpp,mbpp-0033,test,oracle,8,1.0,1108.0,oracle_k8
0.5B,mbpp,mbpp-0033,test,judge,8,1.0,1835.0,judge_k8
0.5B,mbpp,mbpp-0033,test,seq,1,1.0,187.0,seq_r1
0.5B,mbpp,mbpp-0033,test,seq,2,1.0,529.0,seq_r2
0.5B,mbpp,mbpp-0033,test,seq,3,1.0,871.0,seq_r3
0.5B,mbpp,mbpp-0033,test,seq,4,1.0,1213.0,seq_r4
0.5B,mbpp,mbpp-0033,test,long,2,1.0,209.0,long_m2
0.5B,mbpp,mbpp-0033,test,long,4,1.0,209.0,long_m4
0.5B,mbpp,mbpp-0033,test,debate,6,1.0,1791.0,debate_a3r2
0.5B,mbpp,mbpp-0034,test,single,1,0.0,225.0,
0.5B,mbpp,mbpp-0034,test,prog,4,0.0,764.5,prog_k4
0.5B,mbpp,mbpp-0034,test,oracle,4,0.0,764.5,oracle_k4
0.5B,mbpp,mbpp-0034,test,judge,4,0.0,1329.0,judge_k4
0.5B,mbpp,mbpp-0034,test,prog,8,0.0,1436.0,prog_k8
0.5B,mbpp,mbpp-0034,test,oracle,8,0.0,1436.0,oracle_k8
0.5B,mbpp,mbpp-0034,test,judge,8,0.0,2364.0,judge_k8
0.5B,mbpp,mbpp-0034,test,seq,1,0.0,225.0,seq_r1
0.5B,mbpp,mbpp-0034,test,seq,2,0.0,624.0,seq_r2
0.5B,mbpp,mbpp-0034,test,seq,3,0.0,1028.0,seq_r3
0.5B,mbpp,mbpp-0034,test,seq,4,0.0,1437.0,seq_r4
0.5B,mbpp,mbpp-0034,test,long,2,0.0,287.0,long_m2
0.5B,mbpp,mbpp-0034,test,long,4,0.0,287.0,long_m4
0.5B,mbpp,mbpp-0034,test,debate,6,0.0,1973.0,debate_a3r2
0.5B,mbpp,mbpp-0035,test,single,1,0.0,273.0,
0.5B,mbpp,mbpp-0035,test,prog,4,0.0,1001.0,prog_k4
0.5B,mbpp,mbpp-0035,test,oracle,4,0.0,1001.0,oracle_k4
0.5B,mbpp,mbpp-0035,test,judge,4,0.0,1718.0,judge_k4
0.5B,mbpp,mbpp-0035,test,prog,8,0.0,1867.0,prog_k8
0.5B,mbpp,mbpp-0035,test,oracle,8,0.0,1867.0,oracle_k8
0.5B,mbpp,mbpp-0035,test,judge,8,0.0,3030.0,judge_k8
0.5B,mbpp,mbpp-0035,test,seq,1,0.0,273.0,seq_r1
0.5B,mbpp,mbpp-0035,test,seq,2,0.0,740.0,seq_r2
0.5B,mbpp,mbpp-0035,test,seq,3,0.0,1207.0,seq_r3
0.5B,mbpp,mbpp-0035,test,seq,4,0.0,1674.0,seq_r4
0.5B,mbpp,mbpp-0035,test,long,2,0.0,318.0,long_m2
0.5B,mbpp,mbpp-0035,test,long,4,0.0,318.0,long_m4
0.5B,mbpp,mbpp-0035,test,debate,6,0.0,2130.0,debate_a3r2
0.5B,mbpp,mbpp-0036,test,single,1,0.0,186.0,
0.5B,mbpp,mbpp-0036,test,prog,4,0.0,728.0,prog_k4
0.5B,mbpp,mbpp-0036,test,oracle,4,0.0,728.0,oracle_k4
0.5B,mbpp,mbpp-0036,test,judge,4,0.0,1295.0,judge_k4
0.5B,mbpp,mbpp-0036,test,prog,8,0.0,1503.0,prog_k8
0.5B,mbpp,mbpp-0036,test,oracle,8,0.0,1503.0,oracle_k8
0.5B,mbpp,mbpp-0036,test,judge,8,0.0,2589.0,judge_k8
0.5B,mbpp,mbpp-0036,test,seq,1,0.0,186.0,seq_r1
0.5B,mbpp,mbpp-0036,test,seq,2,0.0,520.0,seq_r2
0.5B,mbpp,mbpp-0036,test,seq,3,0.0,829.0,seq_r3
0.5B,mbpp,mbpp-0036,test,seq,4,0.0,1113.0,seq_r4
0.5B,mbpp,mbpp-0036,test,long,2,0.0,231.0,long_m2
0.5B,mbpp,mbpp-0036,test,long,4,0.0,231.0,long_m4
0.5B,mbpp,mbpp-0036,test,debate,6,0.0,1904.0,debate_a3r2
0.5B,mbpp,mbpp-0037,test,single,1,0.0,124.0,
0.5B,mbpp,mbpp-0037,test,prog,4,0.0,688.0,prog_k4
0.5B,mbpp,mbpp-0037,test,oracle,4,0.0,688.0,oracle_k4
0.5B,mbpp,mbpp-0037,test,judge,4,0.0,1188.0,judge_k4
0.5B,mbpp,mbpp-0037,test,prog,8,0.0,1411.0,prog_k8
0.5B,mbpp,mbpp-0037,test,oracle,8,0.0,1411.0,oracle_k8
0.5B,mbpp,mbpp-0037,test,judge,8,0.0,2364.0,judge_k8
0.5B,mbpp,mbpp-0037,test,seq,1,0.0,124.0,seq_r1
0.5B,mbpp,mbpp-0037,test,seq,2,0.0,335.0,seq_r2
0.5B,mbpp,mbpp-0037,test,seq,3,0.0,546.0,seq_r3
0.5B,mbpp,mbpp-0037,test,seq,4,0.0,778.0,seq_r4
0.5B,mbpp,mbpp-0037,test,long,2,0.0,292.0,long_m2
0.5B,mbpp,mbpp-0037,test,long,4,0.0,292.0,long_m4
0.5B,mbpp,mbpp-0037,test,debate,6,0.0,1635.0,debate_a3r2
0.5B,mbpp,mbpp-0038,test,single,1,1.0,159.0,
0.5B,mbpp,mbpp-0038,test,prog,4,1.0,702.0,prog_k4
0.5B,mbpp,mbpp-0038,test,oracle,4,1.0,702.0,oracle_k4
0.5B,mbpp,mbpp-0038,test,judge,4,1.0,1217.0,judge_k4
0.5B,mbpp,mbpp-0038,test,prog,8,1.0,1344.0,prog_k8
0.5B,mbpp,mbpp-0038,test,oracle,8,1.0,1344.0,oracle_k8
0.5B,mbpp,mbpp-0038,test,judge,8,1.0,2209.0,judge_k8
0.5B,mbpp,mbpp-0038,test,seq,1,1.0,159.0,seq_r1
0.5B,mbpp,mbpp-0038,test,seq,2,1.0,431.0,seq_r2
0.5B,mbpp,mbpp-0038,test,seq,3,1.0,703.0,seq_r3
0.5B,mbpp,mbpp-0038,test,seq,4,1.0,975.0,seq_r4
0.5B,mbpp,mbpp-0038,test,long,2,1.0,194.0,long_m2
0.5B,mbpp,mbpp-0038,test,long,4,1.0,194.0,long_m4
0.5B,mbpp,mbpp-0038,test,debate,6,1.0,1672.0,debate_a3r2
0.5B,mbpp,mbpp-0039,test,single,1,0.0,171.0,
0.5B,mbpp,mbpp-0039,test,prog,4,0.0,527.0,prog_k4
0.5B,mbpp,mbpp-0039,test,oracle,4,0.0,527.0,oracle_k4
0.5B,mbpp,mbpp-0039,test,judge,4,0.0,920.0,judge_k4
0.5B,mbpp,mbpp-0039,test,prog,8,0.0,998.0,prog_k8
0.5B,mbpp,mbpp-0039,test,oracle,8,0.0,998.0,oracle_k8
0.5B,mbpp,mbpp-0039,test,judge,8,0.0,1642.0,judge_k8
0.5B,mbpp,mbpp-0039,test,seq,1,0.0,171.0,seq_r1
0.5B,mbpp,mbpp-0039,test,seq,2,0.0,484.0,seq_r2
0.5B,mbpp,mbpp-0039,test,seq,3,0.0,797.0,seq_r3
0.5B,mbpp,mbpp-0039,test,seq,4,0.0,1110.0,seq_r4
0.5B,mbpp,mbpp-0039,test,long,2,0.0,180.0,long_m2
0.5B,mbpp,mbpp-0039,test,long,4,0.0,180.0,long_m4
0.5B,mbpp,mbpp-0039,test,debate,6,0.0,1518.0,debate_a3r2
0.5B,mbpp,mbpp-0040,test,single,1,0.0,213.0,
0.5B,mbpp,mbpp-0040,test,prog,4,0.0,675.0,prog_k4
0.5B,mbpp,mbpp-0040,test,oracle,4,0.0,675.0,oracle_k4
0.5B,mbpp,mbpp-0040,test,judge,4,0.0,1144.0,judge_k4
0.5B,mbpp,mbpp-0040,test,prog,8,0.0,1291.0,prog_k8
0.5B,mbpp,mbpp-0040,test,oracle,8,0.0,1291.0,oracle_k8
0.5B,mbpp,mbpp-0040,test,judge,8,0.0,2060.0,judge_k8
0.5B,mbpp,mbpp-0040,test,seq,1,0.0,213.0,seq_r1
0.5B,mbpp,mbpp-0040,test,seq,2,0.0,586.0,seq_r2
0.5B,mbpp,mbpp-0040,test,seq,3,0.0,959.0,seq_r3
0.5B,mbpp,mbpp-0040,test,seq,4,0.0,1332.0,seq_r4
0.5B,mbpp,mbpp-0040,test,long,2,0.0,286.0,long_m2
0.5B,mbpp,mbpp-0040,test,long,4,0.0,286.0,long_m4
0.5B,mbpp,mbpp-0040,test,debate,6,0.0,1661.0,debate_a3r2
0.5B,mbpp,mbpp-0041,test,single,1,1.0,246.0,
0.5B,mbpp,mbpp-0041,test,prog,4,1.0,960.0,prog_k4
0.5B,mbpp,mbpp-0041,test,oracle,4,1.0,960.0,oracle_k4
0.5B,mbpp,mbpp-0041,test,judge,4,1.0,1565.0,judge_k4
0.5B,mbpp,mbpp-0041,test,prog,8,1.0,2048.0,prog_k8
0.5B,mbpp,mbpp-0041,test,oracle,8,1.0,2048.0,oracle_k8
0.5B,mbpp,mbpp-0041,test,judge,8,1.0,3139.0,judge_k8
0.5B,mbpp,mbpp-0041,test,seq,1,1.0,246.0,seq_r1
0.5B,mbpp,mbpp-0041,test,seq,2,1.0,636.0,seq_r2
0.5B,mbpp,mbpp-0041,test,seq,3,1.0,1026.0,seq_r3
0.5B,mbpp,mbpp-0041,test,seq,4,1.0,1416.0,seq_r4
0.5B,mbpp,mbpp-0041,test,long,2,1.0,273.0,long_m2
0.5B,mbpp,mbpp-0041,test,long,4,1.0,273.0,long_m4
0.5B,mbpp,mbpp-0041,test,debate,6,1.0,1769.0,debate_a3r2
0.5B,mbpp,mbpp-0042,test,single,1,1.0,74.0,
0.5B,mbpp,mbpp-0042,test,prog,4,1.0,414.0,prog_k4
0.5B,mbpp,mbpp-0042,test,oracle,4,1.0,414.0,oracle_k4
0.5B,mbpp,mbpp-0042,test,judge,4,1.0,695.0,judge_k4
0.5B,mbpp,mbpp-0042,test,prog,8,1.0,818.0,prog_k8
0.5B,mbpp,mbpp-0042,test,oracle,8,1.0,818.0,oracle_k8
0.5B,mbpp,mbpp-0042,test,judge,8,1.0,1283.0,judge_k8
0.5B,mbpp,mbpp-0042,test,seq,1,1.0,74.0,seq_r1
0.5B,mbpp,mbpp-0042,test,seq,2,1.0,194.0,seq_r2
0.5B,mbpp,mbpp-0042,test,seq,3,1.0,314.0,seq_r3
0.5B,mbpp,mbpp-0042,test,seq,4,1.0,434.0,seq_r4
0.5B,mbpp,mbpp-0042,test,long,2,1.0,180.0,long_m2
0.5B,mbpp,mbpp-0042,test,long,4,1.0,180.0,long_m4
0.5B,mbpp,mbpp-0042,test,debate,6,1.0,670.0,debate_a3r2
0.5B,mbpp,mbpp-0043,test,single,1,0.0,137.0,
0.5B,mbpp,mbpp-0043,test,prog,4,0.0,705.5,prog_k4
0.5B,mbpp,mbpp-0043,test,oracle,4,0.0,705.5,oracle_k4
0.5B,mbpp,mbpp-0043,test,judge,4,0.0,1160.0,judge_k4
0.5B,mbpp,mbpp-0043,test,prog,8,0.0,1457.0,prog_k8
0.5B,mbpp,mbpp-0043,test,oracle,8,0.0,1457.0,oracle_k8
0.5B,mbpp,mbpp-0043,test,judge,8,0.0,2287.0,judge_k8
0.5B,mbpp,mbpp-0043,test,seq,1,0.0,137.0,seq_r1
0.5B,mbpp,mbpp-0043,test,seq,2,0.0,402.0,seq_r2
0.5B,mbpp,mbpp-0043,test,seq,3,0.0,722.0,seq_r3
0.5B,mbpp,mbpp-0043,test,seq,4,0.0,1038.0,seq_r4
0.5B,mbpp,mbpp-0043,test,long,2,0.0,232.0,long_m2
0.5B,mbpp,mbpp-0043,test,long,4,0.0,232.0,long_m4
0.5B,mbpp,mbpp-0043,test,debate,6,0.0,1493.0,debate_a3r2
0.5B,mbpp,mbpp-0044,test,single,1,0.0,233.0,
0.5B,mbpp,mbpp-0044,test,prog,4,1.0,824.5,prog_k4
0.5B,mbpp,mbpp-0044,test,oracle,4,1.0,824.5,oracle_k4
0.5B,mbpp,mbpp-0044,test,judge,4,0.5,1471.0,judge_k4
0.5B,mbpp,mbpp-0044,test,prog,8,0.0,1390.0,prog_k8
0.5B,mbpp,mbpp-0044,test,oracle,8,1.0,1390.0,oracle_k8
0.5B,mbpp,mbpp-0044,test,judge,8,1.0,2322.0,judge_k8
0.5B,mbpp,mbpp-0044,test,seq,1,0.0,233.0,seq_r1
0.5B,mbpp,mbpp-0044,test,seq,2,0.0,656.0,seq_r2
0.5B,mbpp,mbpp-0044,test,seq,3,0.0,1071.0,seq_r3
0.5B,mbpp,mbpp-0044,test,seq,4,0.0,1478.0,seq_r4
0.5B,mbpp,mbpp-0044,test,long,2,0.0,274.0,long_m2
0.5B,mbpp,mbpp-0044,test,long,4,0.0,274.0,long_m4
0.5B,mbpp,mbpp-0044,test,debate,6,1.0,1930.0,debate_a3r2
0.5B,mbpp,mbpp-0045,test,single,1,0.0,155.0,
0.5B,mbpp,mbpp-0045,test,prog,4,0.5,762.5,prog_k4
0.5B,mbpp,mbpp-0045,test,oracle,4,0.5,762.5,oracle_k4
0.5B,mbpp,mbpp-0045,test,judge,4,0.0,1226.0,judge_k4
0.5B,mbpp,mbpp-0045,test,prog,8,1.0,1701.0,prog_k8
0.5B,mbpp,mbpp-0045,test,oracle,8,1.0,1701.0,oracle_k8
0.5B,mbpp,mbpp-0045,test,judge,8,0.0,2662.0,judge_k8
0.5B,mbpp,mbpp-0045,test,seq,1,0.0,155.0,seq_r1
0.5B,mbpp,mbpp-0045,test,seq,2,0.0,453.0,seq_r2
0.5B,mbpp,mbpp-0045,test,seq,3,0.0,823.0,seq_r3
0.5B,mbpp,mbpp-0045,test,seq,4,0.0,1121.0,seq_r4
0.5B,mbpp,mbpp-0045,test,long,2,0.0,226.0,long_m2
0.5B,mbpp,mbpp-0045,test,long,4,0.0,226.0,long_m4
0.5B,mbpp,mbpp-0045,test,debate,6,0.0,1780.0,debate_a3r2
0.5B,mbpp,mbpp-0046,test,single,1,0.0,316.0,
0.5B,mbpp,mbpp-0046,test,prog,4,0.0,1196.0,prog_k4
0.5B,mbpp,mbpp-0046,test,oracle,4,0.0,1196.0,oracle_k4
0.5B,mbpp,mbpp-0046,test,judge,4,0.0,2015.5,judge_k4
0.5B,mbpp,mbpp-0046,test,prog,8,0.0,2393.0,prog_k8
0.5B,mbpp,mbpp-0046,test,oracle,8,0.0,2393.0,oracle_k8
0.5B,mbpp,mbpp-0046,test,judge,8,0.0,3917.0,judge_k8
0.5B,mbpp,mbpp-0046,test,seq,1,0.0,316.0,seq_r1
0.5B,mbpp,mbpp-0046,test,seq,2,0.0,882.0,seq_r2
0.5B,mbpp,mbpp-0046,test,seq,3,0.0,1448.0,seq_r3
0.5B,mbpp,mbpp-0046,test,seq,4,0.0,1973.0,seq_r4
0.5B,mbpp,mbpp-0046,test,long,2,0.0,397.0,long_m2
0.5B,mbpp,mbpp-0046,test,long,4,0.0,397.0,long_m4
0.5B,mbpp,mbpp-0046,test,debate,6,0.0,2359.0,debate_a3r2
0.5B,mbpp,mbpp-0047,test,single,1,1.0,203.0,
0.5B,mbpp,mbpp-0047,test,prog,4,1.0,759.0,prog_k4
0.5B,mbpp,mbpp-0047,test,oracle,4,1.0,759.0,oracle_k4
0.5B,mbpp,mbpp-0047,test,judge,4,1.0,1260.5,judge_k4
0.5B,mbpp,mbpp-0047,test,prog,8,1.0,1386.0,prog_k8
0.5B,mbpp,mbpp-0047,test,oracle,8,1.0,1386.0,oracle_k8
0.5B,mbpp,mbpp-0047,test,judge,8,1.0,2130.0,judge_k8
0.5B,mbpp,mbpp-0047,test,seq,1,1.0,203.0,seq_r1
0.5B,mbpp,mbpp-0047,test,seq,2,1.0,489.0,seq_r2
0.5B,mbpp,mbpp-0047,test,seq,3,1.0,725.0,seq_r3
0.5B,mbpp,mbpp-0047,test,seq,4,1.0,961.0,seq_r4
0.5B,mbpp,mbpp-0047,test,long,2,1.0,231.0,long_m2
0.5B,mbpp,mbpp-0047,test,long,4,1.0,231.0,long_m4
0.5B,mbpp,mbpp-0047,test,debate,6,1.0,1740.0,debate_a3r2
0.5B,mbpp,mbpp-0048,test,single,1,0.0,226.0,
0.5B,mbpp,mbpp-0048,test,prog,4,0.0,730.5,prog_k4
0.5B,mbpp,mbpp-0048,test,oracle,4,0.0,730.5,oracle_k4
0.5B,mbpp,mbpp-0048,test,judge,4,0.0,1234.0,judge_k4
0.5B,mbpp,mbpp-0048,test,prog,8,0.0,1360.0,prog_k8
0.5B,mbpp,mbpp-0048,test,oracle,8,0.0,1360.0,oracle_k8
0.5B,mbpp,mbpp-0048,test,judge,8,0.0,2149.0,judge_k8
0.5B,mbpp,mbpp-0048,test,seq,1,0.0,226.0,seq_r1
0.5B,mbpp,mbpp-0048,test,seq,2,0.0,580.0,seq_r2
0.5B,mbpp,mbpp-0048,test,seq,3,0.0,896.0,seq_r3
0.5B,mbpp,mbpp-0048,test,seq,4,0.0,1250.0,seq_r4
0.5B,mbpp,mbpp-0048,test,long,2,0.0,206.0,long_m2
0.5B,mbpp,mbpp-0048,test,long,4,0.0,206.0,long_m4
0.5B,mbpp,mbpp-0048,test,debate,6,0.0,1818.0,debate_a3r2
0.5B,mbpp,mbpp-0049,test,single,1,0.0,131.0,
0.5B,mbpp,mbpp-0049,test,prog,4,0.0,582.0,prog_k4
0.5B,mbpp,mbpp-0049,test,oracle,4,0.0,582.0,oracle_k4
0.5B,mbpp,mbpp-0049,test,judge,4,0.0,1016.0,judge_k4
0.5B,mbpp,mbpp-0049,test,prog,8,0.0,1201.0,prog_k8
0.5B,mbpp,mbpp-0049,test,oracle,8,0.0,1201.0,oracle_k8
0.5B,mbpp,mbpp-0049,test,judge,8,0.0,2014.0,judge_k8
0.5B,mbpp,mbpp-0049,test,seq,1,0.0,131.0,seq_r1
0.5B,mbpp,mbpp-0049,test,seq,2,0.0,380.0,seq_r2
0.5B,mbpp,mbpp-0049,test,seq,3,0.0,649.0,seq_r3
0.5B,mbpp,mbpp-0049,test,seq,4,0.0,948.0,seq_r4
0.5B,mbpp,mbpp-0049,test,long,2,0.0,186.0,long_m2
0.5B,mbpp,mbpp-0049,test,long,4,0.0,186.0,long_m4
0.5B,mbpp,mbpp-0049,test,debate,6,0.0,1257.0,debate_a3r2
0.5B,mbpp,mbpp-0050,test,single,1,0.0,150.0,
0.5B,mbpp,mbpp-0050,test,prog,4,0.0,659.0,prog_k4
0.5B,mbpp,mbpp-0050,test,oracle,4,0.0,659.0,oracle_k4
0.5B,mbpp,mbpp-0050,test,judge,4,0.0,1111.5,judge_k4
0.5B,mbpp,mbpp-0050,test,prog,8,0.0,1323.0,prog_k8
0.5B,mbpp,mbpp-0050,test,oracle,8,0.0,1323.0,oracle_k8
0.5B,mbpp,mbpp-0050,test,judge,8,0.0,2129.0,judge_k8
0.5B,mbpp,mbpp-0050,test,seq,1,0.0,150.0,seq_r1
0.5B,mbpp,mbpp-0050,test,seq,2,0.0,406.0,seq_r2
0.5B,mbpp,mbpp-0050,test,seq,3,0.0,662.0,seq_r3
0.5B,mbpp,mbpp-0050,test,seq,4,0.0,917.0,seq_r4
0.5B,mbpp,mbpp-0050,test,long,2,0.0,230.0,long_m2
0.5B,mbpp,mbpp-0050,test,long,4,0.0,230.0,long_m4
0.5B,mbpp,mbpp-0050,test,debate,6,0.0,1486.0,debate_a3r2
0.5B,mbpp,mbpp-0051,test,single,1,1.0,121.0,
0.5B,mbpp,mbpp-0051,test,prog,4,1.0,479.0,prog_k4
0.5B,mbpp,mbpp-0051,test,oracle,4,1.0,479.0,oracle_k4
0.5B,mbpp,mbpp-0051,test,judge,4,1.0,828.0,judge_k4
0.5B,mbpp,mbpp-0051,test,prog,8,1.0,909.0,prog_k8
0.5B,mbpp,mbpp-0051,test,oracle,8,1.0,909.0,oracle_k8
0.5B,mbpp,mbpp-0051,test,judge,8,1.0,1472.0,judge_k8
0.5B,mbpp,mbpp-0051,test,seq,1,1.0,121.0,seq_r1
0.5B,mbpp,mbpp-0051,test,seq,2,1.0,336.0,seq_r2
0.5B,mbpp,mbpp-0051,test,seq,3,1.0,551.0,seq_r3
0.5B,mbpp,mbpp-0051,test,seq,4,1.0,766.0,seq_r4
0.5B,mbpp,mbpp-0051,test,long,2,1.0,175.0,long_m2
0.5B,mbpp,mbpp-0051,test,long,4,1.0,175.0,long_m4
0.5B,mbpp,mbpp-0051,test,debate,6,1.0,1083.0,debate_a3r2
0.5B,mbpp,mbpp-0052,test,single,1,0.0,151.0,
0.5B,mbpp,mbpp-0052,test,prog,4,0.0,692.5,prog_k4
0.5B,mbpp,mbpp-0052,test,oracle,4,0.0,692.5,oracle_k4
0.5B,mbpp,mbpp-0052,test,judge,4,0.0,1192.0,judge_k4
0.5B,mbpp,mbpp-0052,test,prog,8,0.0,1375.0,prog_k8
0.5B,mbpp,mbpp-0052,test,oracle,8,0.0,1375.0,oracle_k8
0.5B,mbpp,mbpp-0052,test,judge,8,0.0,2257.0,judge_k8
0.5B,mbpp,mbpp-0052,test,seq,1,0.0,151.0,seq_r1
0.5B,mbpp,mbpp-0052,test,seq,2,1.0,407.0,seq_r2
0.5B,mbpp,mbpp-0052,test,seq,3,1.0,665.0,seq_r3
0.5B,mbpp,mbpp-0052,test,seq,4,0.0,921.0,seq_r4
0.5B,mbpp,mbpp-0052,test,long,2,0.0,183.0,long_m2
0.5B,mbpp,mbpp-0052,test,long,4,0.0,183.0,long_m4
0.5B,mbpp,mbpp-0052,test,debate,6,0.0,1358.0,debate_a3r2
0.5B,mbpp,mbpp-0053,test,single,1,0.0,133.0,
0.5B,mbpp,mbpp-0053,test,prog,4,0.5,519.5,prog_k4
0.5B,mbpp,mbpp-0053,test,oracle,4,0.5,519.5,oracle_k4
0.5B,mbpp,mbpp-0053,test,judge,4,0.0,881.0,judge_k4
0.5B,mbpp,mbpp-0053,test,prog,8,1.0,1097.0,prog_k8
0.5B,mbpp,mbpp-0053,test,oracle,8,1.0,1097.0,oracle_k8
0.5B,mbpp,mbpp-0053,test,judge,8,1.0,1783.0,judge_k8
0.5B,mbpp,mbpp-0053,test,seq,1,0.0,133.0,seq_r1
0.5B,mbpp,mbpp-0053,test,seq,2,0.0,362.0,seq_r2
0.5B,mbpp,mbpp-0053,test,seq,3,0.0,591.0,seq_r3
0.5B,mbpp,mbpp-0053,test,seq,4,0.0,820.0,seq_r4
0.5B,mbpp,mbpp-0053,test,long,2,0.0,208.0,long_m2
0.5B,mbpp,mbpp-0053,test,long,4,0.0,208.0,long_m4
0.5B,mbpp,mbpp-0053,test,debate,6,0.0,1247.0,debate_a3r2
0.5B,mbpp,mbpp-0054,test,single,1,1.0,81.0,
0.5B,mbpp,mbpp-0054,test,prog,4,1.0,325.5,prog_k4
0.5B,mbpp,mbpp-0054,test,oracle,4,1.0,325.5,oracle_k4
0.5B,mbpp,mbpp-0054,test,judge,4,1.0,515.0,judge_k4
0.5B,mbpp,mbpp-0054,test,prog,8,1.0,651.0,prog_k8
0.5B,mbpp,mbpp-0054,test,oracle,8,1.0,651.0,oracle_k8
0.5B,mbpp,mbpp-0054,test,judge,8,1.0,930.0,judge_k8
0.5B,mbpp,mbpp-0054,test,seq,1,1.0,81.0,seq_r1
0.5B,mbpp,mbpp-0054,test,seq,2,1.0,211.0,seq_r2
0.5B,mbpp,mbpp-0054,test,seq,3,1.0,341.0,seq_r3
0.5B,mbpp,mbpp-0054,test,seq,4,1.0,471.0,seq_r4
0.5B,mbpp,mbpp-0054,test,long,2,1.0,131.0,long_m2
0.5B,mbpp,mbpp-0054,test,long,4,1.0,131.0,long_m4
0.5B,mbpp,mbpp-0054,test,debate,6,1.0,690.0,debate_a3r2
0.5B,mbpp,mbpp-0055,test,single,1,0.0,99.0,
0.5B,mbpp,mbpp-0055,test,prog,4,0.0,517.0,prog_k4
0.5B,mbpp,mbpp-0055,test,oracle,4,0.0,517.0,oracle_k4
0.5B,mbpp,mbpp-0055,test,judge,4,0.0,871.0,judge_k4
0.5B,mbpp,mbpp-0055,test,prog,8,0.0,1041.0,prog_k8
0.5B,mbpp,mbpp-0055,test,oracle,8,0.0,1041.0,oracle_k8
0.5B,mbpp,mbpp-0055,test,judge,8,0.0,1659.0,judge_k8
0.5B,mbpp,mbpp-0055,test,seq,1,0.0,99.0,seq_r1
0.5B,mbpp,mbpp-0055,test,seq,2,0.0,284.0,seq_r2
0.5B,mbpp,mbpp-0055,test,seq,3,0.0,494.0,seq_r3
0.5B,mbpp,mbpp-0055,test,seq,4,0.0,714.0,seq_r4
0.5B,mbpp,mbpp-0055,test,long,2,0.0,189.0,long_m2
0.5B,mbpp,mbpp-0055,test,long,4,0.0,189.0,long_m4
0.5B,mbpp,mbpp-0055,test,debate,6,0.0,1263.0,debate_a3r2
0.5B,mbpp,mbpp-0056,test,single,1,1.0,184.0,
0.5B,mbpp,mbpp-0056,test,prog,4,1.0,714.0,prog_k4
0.5B,mbpp,mbpp-0056,test,oracle,4,1.0,714.0,oracle_k4
0.5B,mbpp,mbpp-0056,test,judge,4,0.5,1235.0,judge_k4
0.5B,mbpp,mbpp-0056,test,prog,8,1.0,1392.0,prog_k8
0.5B,mbpp,mbpp-0056,test,oracle,8,1.0,1392.0,oracle_k8
0.5B,mbpp,mbpp-0056,test,judge,8,1.0,2291.0,judge_k8
0.5B,mbpp,mbpp-0056,test,seq,1,1.0,184.0,seq_r1
0.5B,mbpp,mbpp-0056,test,seq,2,1.0,504.0,seq_r2
0.5B,mbpp,mbpp-0056,test,seq,3,1.0,824.0,seq_r3
0.5B,mbpp,mbpp-0056,test,seq,4,1.0,1144.0,seq_r4
0.5B,mbpp,mbpp-0056,test,long,2,0.0,234.0,long_m2
0.5B,mbpp,mbpp-0056,test,long,4,0.0,234.0,long_m4
0.5B,mbpp,mbpp-0056,test,debate,6,0.0,1850.0,debate_a3r2
0.5B,mbpp,mbpp-0057,test,single,1,0.0,153.0,
0.5B,mbpp,mbpp-0057,test,prog,4,0.0,783.0,prog_k4
0.5B,mbpp,mbpp-0057,test,oracle,4,0.0,783.0,oracle_k4
0.5B,mbpp,mbpp-0057,test,judge,4,0.0,1390.0,judge_k4
0.5B,mbpp,mbpp-0057,test,prog,8,0.0,1478.0,prog_k8
0.5B,mbpp,mbpp-0057,test,oracle,8,0.0,1478.0,oracle_k8
0.5B,mbpp,mbpp-0057,test,judge,8,0.0,2532.0,judge_k8
0.5B,mbpp,mbpp-0057,test,seq,1,0.0,153.0,seq_r1
0.5B,mbpp,mbpp-0057,test,seq,2,0.0,424.0,seq_r2
0.5B,mbpp,mbpp-0057,test,seq,3,0.0,716.0,seq_r3
0.5B,mbpp,mbpp-0057,test,seq,4,0.0,1029.0,seq_r4
0.5B,mbpp,mbpp-0057,test,long,2,0.0,210.0,long_m2
0.5B,mbpp,mbpp-0057,test,long,4,0.0,210.0,long_m4
0.5B,mbpp,mbpp-0057,test,debate,6,0.0,1788.0,debate_a3r2
0.5B,mbpp,mbpp-0058,test,single,1,1.0,197.0,
0.5B,mbpp,mbpp-0058,test,prog,4,1.0,802.0,prog_k4
0.5B,mbpp,mbpp-0058,test,oracle,4,1.0,802.0,oracle_k4
0.5B,mbpp,mbpp-0058,test,judge,4,1.0,1365.0,judge_k4
0.5B,mbpp,mbpp-0058,test,prog,8,1.0,1602.0,prog_k8
0.5B,mbpp,mbpp-0058,test,oracle,8,1.0,1602.0,oracle_k8
0.5B,mbpp,mbpp-0058,test,judge,8,1.0,2605.0,judge_k8
0.5B,mbpp,mbpp-0058,test,seq,1,1.0,197.0,seq_r1
0.5B,mbpp,mbpp-0058,test,seq,2,1.0,527.0,seq_r2
0.5B,mbpp,mbpp-0058,test,seq,3,1.0,857.0,seq_r3
0.5B,mbpp,mbpp-0058,test,seq,4,1.0,1200.0,seq_r4
0.5B,mbpp,mbpp-0058,test,long,2,0.0,275.0,long_m2
0.5B,mbpp,mbpp-0058,test,long,4,0.0,275.0,long_m4
0.5B,mbpp,mbpp-0058,test,debate,6,1.0,1969.0,debate_a3r2
0.5B,mbpp,mbpp-0059,test,single,1,0.0,270.0,
0.5B,mbpp,mbpp-0059,test,prog,4,0.0,828.5,prog_k4
0.5B,mbpp,mbpp-0059,test,oracle,4,0.0,828.5,oracle_k4
0.5B,mbpp,mbpp-0059,test,judge,4,0.0,1404.0,judge_k4
0.5B,mbpp,mbpp-0059,test,prog,8,0.0,1551.0,prog_k8
0.5B,mbpp,mbpp-0059,test,oracle,8,0.0,1551.0,oracle_k8
0.5B,mbpp,mbpp-0059,test,judge,8,0.0,2465.0,judge_k8
0.5B,mbpp,mbpp-0059,test,seq,1,0.0,270.0,seq_r1
0.5B,mbpp,mbpp-0059,test,seq,2,0.0,741.0,seq_r2
0.5B,mbpp,mbpp-0059,test,seq,3,0.0,1212.0,seq_r3
0.5B,mbpp,mbpp-0059,test,seq,4,0.0,1683.0,seq_r4
0.5B,mbpp,mbpp-0059,test,long,2,0.0,284.0,long_m2
0.5B,mbpp,mbpp-0059,test,long,4,0.0,284.0,long_m4
0.5B,mbpp,mbpp-0059,test,debate,6,0.0,2091.0,debate_a3r2
0.5B,mbpp,mbpp-0060,test,single,1,1.0,110.0,
0.5B,mbpp,mbpp-0060,test,prog,4,1.0,509.0,prog_k4
0.5B,mbpp,mbpp-0060,test,oracle,4,1.0,509.0,oracle_k4
0.5B,mbpp,mbpp-0060,test,judge,4,1.0,861.0,judge_k4
0.5B,mbpp,mbpp-0060,test,prog,8,1.0,1025.0,prog_k8
0.5B,mbpp,mbpp-0060,test,oracle,8,1.0,1025.0,oracle_k8
0.5B,mbpp,mbpp-0060,test,judge,8,1.0,1641.0,judge_k8
0.5B,mbpp,mbpp-0060,test,seq,1,1.0,110.0,seq_r1
0.5B,mbpp,mbpp-0060,test,seq,2,1.0,318.0,seq_r2
0.5B,mbpp,mbpp-0060,test,seq,3,1.0,526.0,seq_r3
0.5B,mbpp,mbpp-0060,test,seq,4,1.0,734.0,seq_r4
0.5B,mbpp,mbpp-0060,test,long,2,1.0,200.0,long_m2
0.5B,mbpp,mbpp-0060,test,long,4,1.0,200.0,long_m4
0.5B,mbpp,mbpp-0060,test,debate,6,1.0,1308.0,debate_a3r2
0.5B,mbpp,mbpp-0061,test,single,1,0.0,264.0,
0.5B,mbpp,mbpp-0061,test,prog,4,0.0,1121.5,prog_k4
0.5B,mbpp,mbpp-0061,test,oracle,4,0.0,1121.5,oracle_k4
0.5B,mbpp,mbpp-0061,test,judge,4,0.0,1999.0,judge_k4
0.5B,mbpp,mbpp-0061,test,prog,8,0.0,2276.0,prog_k8
0.5B,mbpp,mbpp-0061,test,oracle,8,0.0,2276.0,oracle_k8
0.5B,mbpp,mbpp-0061,test,judge,8,0.0,3940.0,judge_k8
0.5B,mbpp,mbpp-0061,test,seq,1,0.0,264.0,seq_r1
0.5B,mbpp,mbpp-0061,test,seq,2,0.0,733.0,seq_r2
0.5B,mbpp,mbpp-0061,test,seq,3,0.0,1208.0,seq_r3
0.5B,mbpp,mbpp-0061,test,seq,4,0.0,1683.0,seq_r4
0.5B,mbpp,mbpp-0061,test,long,2,0.0,305.0,long_m2
0.5B,mbpp,mbpp-0061,test,long,4,0.0,305.0,long_m4
0.5B,mbpp,mbpp-0061,test,debate,6,0.0,2744.0,debate_a3r2
0.5B,mbpp,mbpp-0062,test,single,1,1.0,199.0,
0.5B,mbpp,mbpp-0062,test,prog,4,1.0,854.0,prog_k4
0.5B,mbpp,mbpp-0062,test,oracle,4,1.0,854.0,oracle_k4
0.5B,mbpp,mbpp-0062,test,judge,4,1.0,1419.0,judge_k4
0.5B,mbpp,mbpp-0062,test,prog,8,1.0,1508.0,prog_k8
0.5B,mbpp,mbpp-0062,test,oracle,8,1.0,1508.0,oracle_k8
0.5B,mbpp,mbpp-0062,test,judge,8,1.0,2483.0,judge_k8
0.5B,mbpp,mbpp-0062,test,seq,1,1.0,199.0,seq_r1
0.5B,mbpp,mbpp-0062,test,seq,2,1.0,563.0,seq_r2
0.5B,mbpp,mbpp-0062,test,seq,3,1.0,927.0,seq_r3
0.5B,mbpp,mbpp-0062,test,seq,4,1.0,1291.0,seq_r4
0.5B,mbpp,mbpp-0062,test,long,2,0.0,311.0,long_m2
0.5B,mbpp,mbpp-0062,test,long,4,0.0,311.0,long_m4
0.5B,mbpp,mbpp-0062,test,debate,6,1.0,2401.0,debate_a3r2
0.5B,mbpp,mbpp-0063,test,single,1,0.0,173.0,
0.5B,mbpp,mbpp-0063,test,prog,4,0.0,701.5,prog_k4
0.5B,mbpp,mbpp-0063,test,oracle,4,0.0,701.5,oracle_k4
0.5B,mbpp,mbpp-0063,test,judge,4,0.0,1023.0,judge_k4
0.5B,mbpp,mbpp-0063,test,prog,8,0.0,1395.0,prog_k8
0.5B,mbpp,mbpp-0063,test,oracle,8,0.0,1395.0,oracle_k8
0.5B,mbpp,mbpp-0063,test,judge,8,0.0,1862.0,judge_k8
0.5B,mbpp,mbpp-0063,test,seq,1,0.0,173.0,seq_r1
0.5B,mbpp,mbpp-0063,test,seq,2,0.0,417.0,seq_r2
0.5B,mbpp,mbpp-0063,test,seq,3,0.0,670.0,seq_r3
0.5B,mbpp,mbpp-0063,test,seq,4,0.0,923.0,seq_r4
0.5B,mbpp,mbpp-0063,test,long,2,0.0,371.0,long_m2
0.5B,mbpp,mbpp-0063,test,long,4,0.0,371.0,long_m4
0.5B,mbpp,mbpp-0063,test,debate,6,0.0,1374.0,debate_a3r2
0.5B,mbpp,mbpp-0064,test,single,1,0.0,251.0,
0.5B,mbpp,mbpp-0064,test,prog,4,0.0,945.0,prog_k4
0.5B,mbpp,mbpp-0064,test,oracle,4,0.0,945.0,oracle_k4
0.5B,mbpp,mbpp-0064,test,judge,4,0.0,1682.0,judge_k4
0.5B,mbpp,mbpp-0064,test,prog,8,0.0,1770.0,prog_k8
0.5B,mbpp,mbpp-0064,test,oracle,8,0.0,1770.0,oracle_k8
0.5B,mbpp,mbpp-0064,test,judge,8,0.0,3052.0,judge_k8
0.5B,mbpp,mbpp-0064,test,seq,1,0.0,251.0,seq_r1
0.5B,mbpp,mbpp-0064,test,seq,2,0.0,696.0,seq_r2
0.5B,mbpp,mbpp-0064,test,seq,3,0.0,1116.0,seq_r3
0.5B,mbpp,mbpp-0064,test,seq,4,0.0,1534.0,seq_r4
0.5B,mbpp,mbpp-0064,test,long,2,0.0,389.0,long_m2
0.5B,mbpp,mbpp-0064,test,long,4,0.0,389.0,long_m4
0.5B,mbpp,mbpp-0064,test,debate,6,0.0,2043.0,debate_a3r2
0.5B,mbpp,mbpp-0065,test,single,1,0.0,109.0,
0.5B,mbpp,mbpp-0065,test,prog,4,0.5,633.0,prog_k4
0.5B,mbpp,mbpp-0065,test,oracle,4,0.5,633.0,oracle_k4
0.5B,mbpp,mbpp-0065,test,judge,4,0.5,1100.0,judge_k4
0.5B,mbpp,mbpp-0065,test,prog,8,0.0,1323.0,prog_k8
0.5B,mbpp,mbpp-0065,test,oracle,8,1.0,1323.0,oracle_k8
0.5B,mbpp,mbpp-0065,test,judge,8,1.0,2216.0,judge_k8
0.5B,mbpp,mbpp-0065,test,seq,1,0.0,109.0,seq_r1
0.5B,mbpp,mbpp-0065,test,seq,2,0.0,288.0,seq_r2
0.5B,mbpp,mbpp-0065,test,seq,3,0.0,467.0,seq_r3
0.5B,mbpp,mbpp-0065,test,seq,4,0.0,646.0,seq_r4
0.5B,mbpp,mbpp-0065,test,long,2,1.0,208.0,long_m2
0.5B,mbpp,mbpp-0065,test,long,4,1.0,208.0,long_m4
0.5B,mbpp,mbpp-0065,test,debate,6,0.0,1435.0,debate_a3r2
0.5B,mbpp,mbpp-0066,test,single,1,0.0,215.0,
0.5B,mbpp,mbpp-0066,test,prog,4,0.5,939.0,prog_k4
0.5B,mbpp,mbpp-0066,test,oracle,4,0.5,939.0,oracle_k4
0.5B,mbpp,mbpp-0066,test,judge,4,0.0,1670.0,judge_k4
0.5B,mbpp,mbpp-0066,test,prog,8,1.0,1902.0,prog_k8
0.5B,mbpp,mbpp-0066,test,oracle,8,1.0,1902.0,oracle_k8
0.5B,mbpp,mbpp-0066,test,judge,8,1.0,3284.0,judge_k8
0.5B,mbpp,mbpp-0066,test,seq,1,0.0,215.0,seq_r1
0.5B,mbpp,mbpp-0066,test,seq,2,0.0,564.0,seq_r2
0.5B,mbpp,mbpp-0066,test,seq,3,0.0,915.0,seq_r3
0.5B,mbpp,mbpp-0066,test,seq,4,0.0,1307.0,seq_r4
0.5B,mbpp,mbpp-0066,test,long,2,0.0,198.0,long_m2
0.5B,mbpp,mbpp-0066,test,long,4,0.0,198.0,long_m4
0.5B,mbpp,mbpp-0066,test,debate,6,0.0,2420.0,debate_a3r2
0.5B,mbpp,mbpp-0067,test,single,1,0.0,216.0,
0.5B,mbpp,mbpp-0067,test,prog,4,1.0,744.0,prog_k4
0.5B,mbpp,mbpp-0067,test,oracle,4,1.0,744.0,oracle_k4
0.5B,mbpp,mbpp-0067,test,judge,4,1.0,1240.0,judge_k4
0.5B,mbpp,mbpp-0067,test,prog,8,1.0,1496.0,prog_k8
0.5B,mbpp,mbpp-0067,test,oracle,8,1.0,1496.0,oracle_k8
0.5B,mbpp,mbpp-0067,test,judge,8,0.0,2371.0,judge_k8
0.5B,mbpp,mbpp-0067,test,seq,1,0.0,216.0,seq_r1
0.5B,mbpp,mbpp-0067,test,seq,2,0.0,581.0,seq_r2
0.5B,mbpp,mbpp-0067,test,seq,3,0.0,946.0,seq_r3
0.5B,mbpp,mbpp-0067,test,seq,4,0.0,1311.0,seq_r4
0.5B,mbpp,mbpp-0067,test,long,2,0.0,242.0,long_m2
0.5B,mbpp,mbpp-0067,test,long,4,0.0,242.0,long_m4
0.5B,mbpp,mbpp-0067,test,debate,6,1.0,1751.0,debate_a3r2
0.5B,mbpp,mbpp-0068,test,single,1,1.0,102.0,
0.5B,mbpp,mbpp-0068,test,prog,4,1.0,739.0,prog_k4
0.5B,mbpp,mbpp-0068,test,oracle,4,1.0,739.0,oracle_k4
0.5B,mbpp,mbpp-0068,test,judge,4,0.0,1222.0,judge_k4
0.5B,mbpp,mbpp-0068,test,prog,8,1.0,1326.0,prog_k8
0.5B,mbpp,mbpp-0068,test,oracle,8,1.0,1326.0,oracle_k8
0.5B,mbpp,mbpp-0068,test,judge,8,0.0,2140.0,judge_k8
0.5B,mbpp,mbpp-0068,test,seq,1,1.0,102.0,seq_r1
0.5B,mbpp,mbpp-0068,test,seq,2,1.0,268.0,seq_r2
0.5B,mbpp,mbpp-0068,test,seq,3,1.0,434.0,seq_r3
0.5B,mbpp,mbpp-0068,test,seq,4,1.0,612.0,seq_r4
0.5B,mbpp,mbpp-0068,test,long,2,1.0,168.0,long_m2
0.5B,mbpp,mbpp-0068,test,long,4,1.0,168.0,long_m4
0.5B,mbpp,mbpp-0068,test,debate,6,0.0,1659.0,debate_a3r2
0.5B,mbpp,mbpp-0069,test,single,1,0.0,145.0,
0.5B,mbpp,mbpp-0069,test,prog,4,0.0,598.5,prog_k4
0.5B,mbpp,mbpp-0069,test,oracle,4,0.0,598.5,oracle_k4
0.5B,mbpp,mbpp-0069,test,judge,4,0.0,1028.0,judge_k4
0.5B,mbpp,mbpp-0069,test,prog,8,0.0,1184.0,prog_k8
0.5B,mbpp,mbpp-0069,test,oracle,8,1.0,1184.0,oracle_k8
0.5B,mbpp,mbpp-0069,test,judge,8,0.0,1931.0,judge_k8
0.5B,mbpp,mbpp-0069,test,seq,1,0.0,145.0,seq_r1
0.5B,mbpp,mbpp-0069,test,seq,2,0.0,395.0,seq_r2
0.5B,mbpp,mbpp-0069,test,seq,3,0.0,645.0,seq_r3
0.5B,mbpp,mbpp-0069,test,seq,4,0.0,895.0,seq_r4
0.5B,mbpp,mbpp-0069,test,long,2,0.0,197.0,long_m2
0.5B,mbpp,mbpp-0069,test,long,4,0.0,197.0,long_m4
0.5B,mbpp,mbpp-0069,test,debate,6,0.0,1511.0,debate_a3r2
0.5B,mbpp,mbpp-0070,test,single,1,0.0,320.0,
0.5B,mbpp,mbpp-0070,test,prog,4,0.0,1335.5,prog_k4
0.5B,mbpp,mbpp-0070,test,oracle,4,0.0,1335.5,oracle_k4
0.5B,mbpp,mbpp-0070,test,judge,4,0.0,2239.5,judge_k4
0.5B,mbpp,mbpp-0070,test,prog,8,0.0,2701.0,prog_k8
0.5B,mbpp,mbpp-0070,test,oracle,8,0.0,2701.0,oracle_k8
0.5B,mbpp,mbpp-0070,test,judge,8,0.0,4391.0,judge_k8
0.5B,mbpp,mbpp-0070,test,seq,1,0.0,320.0,seq_r1
0.5B,mbpp,mbpp-0070,test,seq,2,0.0,869.0,seq_r2
0.5B,mbpp,mbpp-0070,test,seq,3,0.0,1418.0,seq_r3
0.5B,mbpp,mbpp-0070,test,seq,4,0.0,1967.0,seq_r4
0.5B,mbpp,mbpp-0070,test,long,2,0.0,497.0,long_m2
0.5B,mbpp,mbpp-0070,test,long,4,0.0,497.0,long_m4
0.5B,mbpp,mbpp-0070,test,debate,6,0.0,2800.0,debate_a3r2
0.5B,mbpp,mbpp-0071,test,single,1,0.0,126.0,
0.5B,mbpp,mbpp-0071,test,prog,4,0.0,550.5,prog_k4
0.5B,mbpp,mbpp-0071,test,oracle,4,0.0,550.5,oracle_k4
0.5B,mbpp,mbpp-0071,test,judge,4,0.0,941.0,judge_k4
0.5B,mbpp,mbpp-0071,test,prog,8,0.0,1179.0,prog_k8
0.5B,mbpp,mbpp-0071,test,oracle,8,0.0,1179.0,oracle_k8
0.5B,mbpp,mbpp-0071,test,judge,8,0.0,1942.0,judge_k8
0.5B,mbpp,mbpp-0071,test,seq,1,0.0,126.0,seq_r1
0.5B,mbpp,mbpp-0071,test,seq,2,0.0,341.0,seq_r2
0.5B,mbpp,mbpp-0071,test,seq,3,0.0,556.0,seq_r3
0.5B,mbpp,mbpp-0071,test,seq,4,0.0,771.0,seq_r4
0.5B,mbpp,mbpp-0071,test,long,2,0.0,190.0,long_m2
0.5B,mbpp,mbpp-0071,test,long,4,0.0,190.0,long_m4
0.5B,mbpp,mbpp-0071,test,debate,6,0.0,1163.0,debate_a3r2
0.5B,mbpp,mbpp-0072,test,single,1,1.0,313.0,
0.5B,mbpp,mbpp-0072,test,prog,4,1.0,991.0,prog_k4
0.5B,mbpp,mbpp-0072,test,oracle,4,1.0,991.0,oracle_k4
0.5B,mbpp,mbpp-0072,test,judge,4,1.0,1680.0,judge_k4
0.5B,mbpp,mbpp-0072,test,prog,8,1.0,1960.0,prog_k8
0.5B,mbpp,mbpp-0072,test,oracle,8,1.0,1960.0,oracle_k8
0.5B,mbpp,mbpp-0072,test,judge,8,1.0,3174.0,judge_k8
0.5B,mbpp,mbpp-0072,test,seq,1,1.0,313.0,seq_r1
0.5B,mbpp,mbpp-0072,test,seq,2,0.0,787.0,seq_r2
0.5B,mbpp,mbpp-0072,test,seq,3,0.0,1194.0,seq_r3
0.5B,mbpp,mbpp-0072,test,seq,4,0.0,1601.0,seq_r4
0.5B,mbpp,mbpp-0072,test,long,2,0.0,333.0,long_m2
0.5B,mbpp,mbpp-0072,test,long,4,0.0,333.0,long_m4
0.5B,mbpp,mbpp-0072,test,debate,6,1.0,2330.0,debate_a3r2
0.5B,mbpp,mbpp-0073,test,single,1,0.0,302.0,
0.5B,mbpp,mbpp-0073,test,prog,4,0.0,1257.0,prog_k4
0.5B,mbpp,mbpp-0073,test,oracle,4,0.0,1257.0,oracle_k4
0.5B,mbpp,mbpp-0073,test,judge,4,0.0,2152.0,judge_k4
0.5B,mbpp,mbpp-0073,test,prog,8,0.0,2511.0,prog_k8
0.5B,mbpp,mbpp-0073,test,oracle,8,0.0,2511.0,oracle_k8
0.5B,mbpp,mbpp-0073,test,judge,8,0.0,4136.0,judge_k8
0.5B,mbpp,mbpp-0073,test,seq,1,0.0,302.0,seq_r1
0.5B,mbpp,mbpp-0073,test,seq,2,0.0,801.0,seq_r2
0.5B,mbpp,mbpp-0073,test,seq,3,0.0,1302.0,seq_r3
0.5B,mbpp,mbpp-0073,test,seq,4,0.0,1805.0,seq_r4
0.5B,mbpp,mbpp-0073,test,long,2,0.0,712.0,long_m2
0.5B,mbpp,mbpp-0073,test,long,4,0.0,712.0,long_m4
0.5B,mbpp,mbpp-0073,test,debate,6,0.0,2560.0,debate_a3r2
0.5B,mbpp,mbpp-0074,test,single,1,0.0,270.0,
0.5B,mbpp,mbpp-0074,test,prog,4,0.0,1020.0,prog_k4
0.5B,mbpp,mbpp-0074,test,oracle,4,0.0,1020.0,oracle_k4
0.5B,mbpp,mbpp-0074,test,judge,4,0.0,1729.0,judge_k4
0.5B,mbpp,mbpp-0074,test,prog,8,0.0,2067.0,prog_k8
0.5B,mbpp,mbpp-0074,test,oracle,8,0.0,2067.0,oracle_k8
0.5B,mbpp,mbpp-0074,test,judge,8,0.0,3367.0,judge_k8
0.5B,mbpp,mbpp-0074,test,seq,1,0.0,270.0,seq_r1
0.5B,mbpp,mbpp-0074,test,seq,2,0.0,722.0,seq_r2
0.5B,mbpp,mbpp-0074,test,seq,3,0.0,1174.0,seq_r3
0.5B,mbpp,mbpp-0074,test,seq,4,0.0,1626.0,seq_r4
0.5B,mbpp,mbpp-0074,test,long,2,0.0,307.0,long_m2
0.5B,mbpp,mbpp-0074,test,long,4,0.0,307.0,long_m4
0.5B,mbpp,mbpp-0074,test,debate,6,0.0,2253.0,debate_a3r2
0.5B,mbpp,mbpp-0075,test,single,1,1.0,187.0,
0.5B,mbpp,mbpp-0075,test,prog,4,1.0,729.0,prog_k4
0.5B,mbpp,mbpp-0075,test,oracle,4,1.0,729.0,oracle_k4
0.5B,mbpp,mbpp-0075,test,judge,4,0.5,1187.0,judge_k4
0.5B,mbpp,mbpp-0075,test,prog,8,1.0,1369.0,prog_k8
0.5B,mbpp,mbpp-0075,test,oracle,8,1.0,1369.0,oracle_k8
0.5B,mbpp,mbpp-0075,test,judge,8,1.0,2063.0,judge_k8
0.5B,mbpp,mbpp-0075,test,seq,1,1.0,187.0,seq_r1
0.5B,mbpp,mbpp-0075,test,seq,2,1.0,487.0,seq_r2
0.5B,mbpp,mbpp-0075,test,seq,3,1.0,787.0,seq_r3
0.5B,mbpp,mbpp-0075,test,seq,4,1.0,1087.0,seq_r4
0.5B,mbpp,mbpp-0075,test,long,2,1.0,263.0,long_m2
0.5B,mbpp,mbpp-0075,test,long,4,1.0,263.0,long_m4
0.5B,mbpp,mbpp-0075,test,debate,6,1.0,1747.0,debate_a3r2
0.5B,mbpp,mbpp-0076,test,single,1,0.0,124.0,
0.5B,mbpp,mbpp-0076,test,prog,4,1.0,479.0,prog_k4
0.5B,mbpp,mbpp-0076,test,oracle,4,1.0,479.0,oracle_k4
0.5B,mbpp,mbpp-0076,test,judge,4,0.5,809.0,judge_k4
0.5B,mbpp,mbpp-0076,test,prog,8,1.0,1022.0,prog_k8
0.5B,mbpp,mbpp-0076,test,oracle,8,1.0,1022.0,oracle_k8
0.5B,mbpp,mbpp-0076,test,judge,8,0.0,1655.0,judge_k8
0.5B,mbpp,mbpp-0076,test,seq,1,0.0,124.0,seq_r1
0.5B,mbpp,mbpp-0076,test,seq,2,0.0,338.0,seq_r2
0.5B,mbpp,mbpp-0076,test,seq,3,0.0,552.0,seq_r3
0.5B,mbpp,mbpp-0076,test,seq,4,0.0,766.0,seq_r4
0.5B,mbpp,mbpp-0076,test,long,2,0.0,186.0,long_m2
0.5B,mbpp,mbpp-0076,test,long,4,0.0,186.0,long_m4
0.5B,mbpp,mbpp-0076,test,debate,6,0.0,1286.0,debate_a3r2
0.5B,mbpp,mbpp-0077,test,single,1,1.0,140.0,
0.5B,mbpp,mbpp-0077,test,prog,4,1.0,675.0,prog_k4
0.5B,mbpp,mbpp-0077,test,oracle,4,1.0,675.0,oracle_k4
0.5B,mbpp,mbpp-0077,test,judge,4,0.5,1161.0,judge_k4
0.5B,mbpp,mbpp-0077,test,prog,8,1.0,1510.0,prog_k8
0.5B,mbpp,mbpp-0077,test,oracle,8,1.0,1510.0,oracle_k8
0.5B,mbpp,mbpp-0077,test,judge,8,0.0,2544.0,judge_k8
0.5B,mbpp,mbpp-0077,test,seq,1,1.0,140.0,seq_r1
0.5B,mbpp,mbpp-0077,test,seq,2,1.0,379.0,seq_r2
0.5B,mbpp,mbpp-0077,test,seq,3,1.0,618.0,seq_r3
0.5B,mbpp,mbpp-0077,test,seq,4,1.0,857.0,seq_r4
0.5B,mbpp,mbpp-0077,test,long,2,1.0,231.0,long_m2
0.5B,mbpp,mbpp-0077,test,long,4,1.0,231.0,long_m4
0.5B,mbpp,mbpp-0077,test,debate,6,1.0,1385.0,debate_a3r2
0.5B,mbpp,mbpp-0078,test,single,1,0.0,177.0,
0.5B,mbpp,mbpp-0078,test,prog,4,0.0,704.5,prog_k4
0.5B,mbpp,mbpp-0078,test,oracle,4,0.0,704.5,oracle_k4
0.5B,mbpp,mbpp-0078,test,judge,4,0.0,1188.0,judge_k4
0.5B,mbpp,mbpp-0078,test,prog,8,0.0,1422.0,prog_k8
0.5B,mbpp,mbpp-0078,test,oracle,8,0.0,1422.0,oracle_k8
0.5B,mbpp,mbpp-0078,test,judge,8,0.0,2287.0,judge_k8
0.5B,mbpp,mbpp-0078,test,seq,1,0.0,177.0,seq_r1
0.5B,mbpp,mbpp-0078,test,seq,2,0.0,473.0,seq_r2
0.5B,mbpp,mbpp-0078,test,seq,3,0.0,769.0,seq_r3
0.5B,mbpp,mbpp-0078,test,seq,4,0.0,1065.0,seq_r4
0.5B,mbpp,mbpp-0078,test,long,2,0.0,231.0,long_m2
0.5B,mbpp,mbpp-0078,test,long,4,0.0,231.0,long_m4
0.5B,mbpp,mbpp-0078,test,debate,6,0.0,1716.0,debate_a3r2
0.5B,mbpp,mbpp-0079,test,single,1,0.0,357.0,
0.5B,mbpp,mbpp-0079,test,prog,4,0.0,1132.5,prog_k4
0.5B,mbpp,mbpp-0079,test,oracle,4,0.0,1132.5,oracle_k4
0.5B,mbpp,mbpp-0079,test,judge,4,0.0,1942.5,judge_k4
0.5B,mbpp,mbpp-0079,test,prog,8,0.0,2245.0,prog_k8
0.5B,mbpp,mbpp-0079,test,oracle,8,0.0,2245.0,oracle_k8
0.5B,mbpp,mbpp-0079,test,judge,8,0.0,3733.0,judge_k8
0.5B,mbpp,mbpp-0079,test,seq,1,0.0,357.0,seq_r1
0.5B,mbpp,mbpp-0079,test,seq,2,0.0,1019.0,seq_r2
0.5B,mbpp,mbpp-0079,test,seq,3,0.0,1681.0,seq_r3
0.5B,mbpp,mbpp-0079,test,seq,4,0.0,2345.0,seq_r4
0.5B,mbpp,mbpp-0079,test,long,2,0.0,292.0,long_m2
0.5B,mbpp,mbpp-0079,test,long,4,0.0,292.0,long_m4
0.5B,mbpp,mbpp-0079,test,debate,6,0.0,2447.0,debate_a3r2
0.5B,mbpp,mbpp-0080,test,single,1,0.0,301.0,
0.5B,mbpp,mbpp-0080,test,prog,4,0.0,1131.5,prog_k4
0.5B,mbpp,mbpp-0080,test,oracle,4,0.0,1131.5,oracle_k4
0.5B,mbpp,mbpp-0080,test,judge,4,0.0,1966.5,judge_k4
0.5B,mbpp,mbpp-0080,test,prog,8,0.0,2212.0,prog_k8
0.5B,mbpp,mbpp-0080,test,oracle,8,0.0,2212.0,oracle_k8
0.5B,mbpp,mbpp-0080,test,judge,8,0.0,3700.0,judge_k8
0.5B,mbpp,mbpp-0080,test,seq,1,0.0,301.0,seq_r1
0.5B,mbpp,mbpp-0080,test,seq,2,0.0,758.0,seq_r2
0.5B,mbpp,mbpp-0080,test,seq,3,0.0,1144.0,seq_r3
0.5B,mbpp,mbpp-0080,test,seq,4,0.0,1530.0,seq_r4
0.5B,mbpp,mbpp-0080,test,long,2,0.0,422.0,long_m2
0.5B,mbpp,mbpp-0080,test,long,4,0.0,422.0,long_m4
0.5B,mbpp,mbpp-0080,test,debate,6,0.0,2380.0,debate_a3r2
0.5B,mbpp,mbpp-0081,test,single,1,0.0,198.0,
0.5B,mbpp,mbpp-0081,test,prog,4,0.0,687.0,prog_k4
0.5B,mbpp,mbpp-0081,test,oracle,4,0.0,687.0,oracle_k4
0.5B,mbpp,mbpp-0081,test,judge,4,0.0,1146.0,judge_k4
0.5B,mbpp,mbpp-0081,test,prog,8,0.0,1386.0,prog_k8
0.5B,mbpp,mbpp-0081,test,oracle,8,0.0,1386.0,oracle_k8
0.5B,mbpp,mbpp-0081,test,judge,8,0.0,2200.0,judge_k8
0.5B,mbpp,mbpp-0081,test,seq,1,0.0,198.0,seq_r1
0.5B,mbpp,mbpp-0081,test,seq,2,0.0,534.0,seq_r2
0.5B,mbpp,mbpp-0081,test,seq,3,0.0,870.0,seq_r3
0.5B,mbpp,mbpp-0081,test,seq,4,0.0,1206.0,seq_r4
0.5B,mbpp,mbpp-0081,test,long,2,0.0,235.0,long_m2
0.5B,mbpp,mbpp-0081,test,long,4,0.0,235.0,long_m4
0.5B,mbpp,mbpp-0081,test,debate,6,0.0,1535.0,debate_a3r2
0.5B,mbpp,mbpp-0082,test,single,1,0.0,178.0,
0.5B,mbpp,mbpp-0082,test,prog,4,0.0,1021.0,prog_k4
0.5B,mbpp,mbpp-0082,test,oracle,4,0.0,1021.0,oracle_k4
0.5B,mbpp,mbpp-0082,test,judge,4,0.0,1715.5,judge_k4
0.5B,mbpp,mbpp-0082,test,prog,8,0.0,2443.0,prog_k8
0.5B,mbpp,mbpp-0082,test,oracle,8,0.0,2443.0,oracle_k8
0.5B,mbpp,mbpp-0082,test,judge,8,0.0,3856.0,judge_k8
0.5B,mbpp,mbpp-0082,test,seq,1,0.0,178.0,seq_r1
0.5B,mbpp,mbpp-0082,test,seq,2,0.0,467.0,seq_r2
0.5B,mbpp,mbpp-0082,test,seq,3,0.0,774.0,seq_r3
0.5B,mbpp,mbpp-0082,test,seq,4,0.0,1099.0,seq_r4
0.5B,mbpp,mbpp-0082,test,long,2,0.0,294.0,long_m2
0.5B,mbpp,mbpp-0082,test,long,4,0.0,294.0,long_m4
0.5B,mbpp,mbpp-0082,test,debate,6,0.0,2521.0,debate_a3r2
0.5B,mbpp,mbpp-0083,test,single,1,0.0,211.0,
0.5B,mbpp,mbpp-0083,test,prog,4,1.0,921.0,prog_k4
0.5B,mbpp,mbpp-0083,test,oracle,4,1.0,921.0,oracle_k4
0.5B,mbpp,mbpp-0083,test,judge,4,0.0,1552.0,judge_k4
0.5B,mbpp,mbpp-0083,test,prog,8,1.0,1911.0,prog_k8
0.5B,mbpp,mbpp-0083,test,oracle,8,1.0,1911.0,oracle_k8
0.5B,mbpp,mbpp-0083,test,judge,8,0.0,3093.0,judge_k8
0.5B,mbpp,mbpp-0083,test,seq,1,0.0,211.0,seq_r1
0.5B,mbpp,mbpp-0083,test,seq,2,0.0,552.0,seq_r2
0.5B,mbpp,mbpp-0083,test,seq,3,0.0,893.0,seq_r3
0.5B,mbpp,mbpp-0083,test,seq,4,0.0,1234.0,seq_r4
0.5B,mbpp,mbpp-0083,test,long,2,0.0,243.0,long_m2
0.5B,mbpp,mbpp-0083,test,long,4,0.0,243.0,long_m4
0.5B,mbpp,mbpp-0083,test,debate,6,0.0,2319.0,debate_a3r2
0.5B,mbpp,mbpp-0084,test,single,1,0.0,126.0,
0.5B,mbpp,mbpp-0084,test,prog,4,0.5,726.5,prog_k4
0.5B,mbpp,mbpp-0084,test,oracle,4,0.5,726.5,oracle_k4
0.5B,mbpp,mbpp-0084,test,judge,4,0.0,1244.0,judge_k4
0.5B,mbpp,mbpp-0084,test,prog,8,1.0,1536.0,prog_k8
0.5B,mbpp,mbpp-0084,test,oracle,8,1.0,1536.0,oracle_k8
0.5B,mbpp,mbpp-0084,test,judge,8,0.0,2543.0,judge_k8
0.5B,mbpp,mbpp-0084,test,seq,1,0.0,126.0,seq_r1
0.5B,mbpp,mbpp-0084,test,seq,2,0.0,358.0,seq_r2
0.5B,mbpp,mbpp-0084,test,seq,3,0.0,624.0,seq_r3
0.5B,mbpp,mbpp-0084,test,seq,4,0.0,890.0,seq_r4
0.5B,mbpp,mbpp-0084,test,long,2,0.0,272.0,long_m2
0.5B,mbpp,mbpp-0084,test,long,4,0.0,272.0,long_m4
0.5B,mbpp,mbpp-0084,test,debate,6,0.0,1731.0,debate_a3r2
0.5B,mbpp,mbpp-0085,test,single,1,0.0,136.0,
0.5B,mbpp,mbpp-0085,test,prog,4,1.0,792.5,prog_k4
0.5B,mbpp,mbpp-0085,test,oracle,4,1.0,792.5,oracle_k4
0.5B,mbpp,mbpp-0085,test,judge,4,0.5,1326.0,judge_k4
0.5B,mbpp,mbpp-0085,test,prog,8,1.0,1648.0,prog_k8
0.5B,mbpp,mbpp-0085,test,oracle,8,1.0,1648.0,oracle_k8
0.5B,mbpp,mbpp-0085,test,judge,8,1.0,2668.0,judge_k8
0.5B,mbpp,mbpp-0085,test,seq,1,0.0,136.0,seq_r1
0.5B,mbpp,mbpp-0085,test,seq,2,0.0,357.0,seq_r2
0.5B,mbpp,mbpp-0085,test,seq,3,0.0,626.0,seq_r3
0.5B,mbpp,mbpp-0085,test,seq,4,0.0,943.0,seq_r4
0.5B,mbpp,mbpp-0085,test,long,2,1.0,302.0,long_m2
0.5B,mbpp,mbpp-0085,test,long,4,1.0,302.0,long_m4
0.5B,mbpp,mbpp-0085,test,debate,6,1.0,1643.0,debate_a3r2
0.5B,mbpp,mbpp-0086,test,single,1,0.0,241.0,
0.5B,mbpp,mbpp-0086,test,prog,4,1.0,788.5,prog_k4
0.5B,mbpp,mbpp-0086,test,oracle,4,1.0,788.5,oracle_k4
0.5B,mbpp,mbpp-0086,test,judge,4,0.5,1381.0,judge_k4
0.5B,mbpp,mbpp-0086,test,prog,8,1.0,1491.0,prog_k8
0.5B,mbpp,mbpp-0086,test,oracle,8,1.0,1491.0,oracle_k8
0.5B,mbpp,mbpp-0086,test,judge,8,0.0,2494.0,judge_k8
0.5B,mbpp,mbpp-0086,test,seq,1,0.0,241.0,seq_r1
0.5B,mbpp,mbpp-0086,test,seq,2,0.0,676.0,seq_r2
0.5B,mbpp,mbpp-0086,test,seq,3,0.0,1111.0,seq_r3
0.5B,mbpp,mbpp-0086,test,seq,4,0.0,1546.0,seq_r4
0.5B,mbpp,mbpp-0086,test,long,2,1.0,249.0,long_m2
0.5B,mbpp,mbpp-0086,test,long,4,1.0,249.0,long_m4
0.5B,mbpp,mbpp-0086,test,debate,6,1.0,1902.0,debate_a3r2
0.5B,mbpp,mbpp-0087,test,single,1,0.0,531.0,
0.5B,mbpp,mbpp-0087,test,prog,4,1.0,1195.5,prog_k4
0.5B,mbpp,mbpp-0087,test,oracle,4,1.0,1195.5,oracle_k4
0.5B,mbpp,mbpp-0087,test,judge,4,0.5,1891.0,judge_k4
0.5B,mbpp,mbpp-0087,test,prog,8,1.0,2153.0,prog_k8
0.5B,mbpp,mbpp-0087,test,oracle,8,1.0,2153.0,oracle_k8
0.5B,mbpp,mbpp-0087,test,judge,8,0.0,3238.0,judge_k8
0.5B,mbpp,mbpp-0087,test,seq,1,0.0,531.0,seq_r1
0.5B,mbpp,mbpp-0087,test,seq,2,0.0,1403.0,seq_r2
0.5B,mbpp,mbpp-0087,test,seq,3,0.0,2203.0,seq_r3
0.5B,mbpp,mbpp-0087,test,seq,4,0.0,3003.0,seq_r4
0.5B,mbpp,mbpp-0087,test,long,2,1.0,329.0,long_m2
0.5B,mbpp,mbpp-0087,test,long,4,1.0,329.0,long_m4
0.5B,mbpp,mbpp-0087,test,debate,6,0.0,2455.0,debate_a3r2
0.5B,mbpp,mbpp-0088,test,single,1,0.0,196.0,
0.5B,mbpp,mbpp-0088,test,prog,4,0.5,1045.0,prog_k4
0.5B,mbpp,mbpp-0088,test,oracle,4,0.5,1045.0,oracle_k4
0.5B,mbpp,mbpp-0088,test,judge,4,0.0,1811.5,judge_k4
0.5B,mbpp,mbpp-0088,test,prog,8,1.0,2170.0,prog_k8
0.5B,mbpp,mbpp-0088,test,oracle,8,1.0,2170.0,oracle_k8
0.5B,mbpp,mbpp-0088,test,judge,8,0.0,3632.0,judge_k8
0.5B,mbpp,mbpp-0088,test,seq,1,0.0,196.0,seq_r1
0.5B,mbpp,mbpp-0088,test,seq,2,0.0,543.0,seq_r2
0.5B,mbpp,mbpp-0088,test,seq,3,0.0,890.0,seq_r3
0.5B,mbpp,mbpp-0088,test,seq,4,0.0,1237.0,seq_r4
0.5B,mbpp,mbpp-0088,test,long,2,0.0,269.0,long_m2
0.5B,mbpp,mbpp-0088,test,long,4,0.0,269.0,long_m4
0.5B,mbpp,mbpp-0088,test,debate,6,1.0,2350.0,debate_a3r2
0.5B,mbpp,mbpp-0089,test,single,1,0.0,120.0,
0.5B,mbpp,mbpp-0089,test,prog,4,1.0,659.0,prog_k4
0.5B,mbpp,mbpp-0089,test,oracle,4,1.0,659.0,oracle_k4
0.5B,mbpp,mbpp-0089,test,judge,4,0.0,1147.5,judge_k4
0.5B,mbpp,mbpp-0089,test,prog,8,1.0,1368.0,prog_k8
0.5B,mbpp,mbpp-0089,test,oracle,8,1.0,1368.0,oracle_k8
0.5B,mbpp,mbpp-0089,test,judge,8,0.0,2302.0,judge_k8
0.5B,mbpp,mbpp-0089,test,seq,1,0.0,120.0,seq_r1
0.5B,mbpp,mbpp-0089,test,seq,2,0.0,326.0,seq_r2
0.5B,mbpp,mbpp-0089,test,seq,3,0.0,552.0,seq_r3
0.5B,mbpp,mbpp-0089,test,seq,4,0.0,798.0,seq_r4
0.5B,mbpp,mbpp-0089,test,long,2,1.0,160.0,long_m2
0.5B,mbpp,mbpp-0089,test,long,4,1.0,160.0,long_m4
0.5B,mbpp,mbpp-0089,test,debate,6,1.0,1324.0,debate_a3r2
0.5B,wordcon,wordcon-0000,calib,single,1,0.0,80.0,
0.5B,wordcon,wordcon-0000,calib,prog,4,0.0,307.5,prog_k4
0.5B,wordcon,wordcon-0000,calib,oracle,4,0.0,307.5,oracle_k4
0.5B,wordcon,wordcon-0000,calib,judge,4,0.0,474.5,judge_k4
0.5B,wordcon,wordcon-0000,calib,prog,8,0.0,616.0,prog_k8
0.5B,wordcon,wordcon-0000,calib,oracle,8,0.0,616.0,oracle_k8
0.5B,wordcon,wordcon-0000,calib,judge,8,0.0,847.0,judge_k8
0.5B,wordcon,wordcon-0000,calib,seq,1,0.0,80.0,seq_r1
0.5B,wordcon,wordcon-0000,calib,seq,2,0.0,205.0,seq_r2
0.5B,wordcon,wordcon-0000,calib,seq,3,0.0,330.0,seq_r3
0.5B,wordcon,wordcon-0000,calib,seq,4,0.0,457.0,seq_r4
0.5B,wordcon,wordcon-0000,calib,long,2,0.0,123.0,long_m2
0.5B,wordcon,wordcon-0000,calib,long,4,0.0,123.0,long_m4
0.5B,wordcon,wordcon-0000,calib,debate,6,0.0,656.0,debate_a3r2
0.5B,wordcon,wordcon-0001,calib,single,1,0.0,79.0,
0.5B,wordcon,wordcon-0001,calib,prog,4,0.0,315.5,prog_k4
0.5B,wordcon,wordcon-0001,calib,oracle,4,0.0,315.5,oracle_k4
0.5B,wordcon,wordcon-0001,calib,judge,4,0.0,481.5,judge_k4
0.5B,wordcon,wordcon-0001,calib,prog,8,0.0,626.0,prog_k8
0.5B,wordcon,wordcon-0001,calib,oracle,8,0.0,626.0,oracle_k8
0.5B,wordcon,wordcon-0001,calib,judge,8,0.0,854.0,judge_k8
0.5B,wordcon,wordcon-0001,calib,seq,1,0.0,79.0,seq_r1
0.5B,wordcon,wordcon-0001,calib,seq,2,0.0,201.0,seq_r2
0.5B,wordcon,wordcon-0001,calib,seq,3,0.0,323.0,seq_r3
0.5B,wordcon,wordcon-0001,calib,seq,4,0.0,445.0,seq_r4
0.5B,wordcon,wordcon-0001,calib,long,2,0.0,115.0,long_m2
0.5B,wordcon,wordcon-0001,calib,long,4,0.0,115.0,long_m4
0.5B,wordcon,wordcon-0001,calib,debate,6,0.0,608.0,debate_a3r2
0.5B,wordcon,wordcon-0002,calib,single,1,0.0,81.0,
0.5B,wordcon,wordcon-0002,calib,prog,4,0.0,312.5,prog_k4
0.5B,wordcon,wordcon-0002,calib,oracle,4,0.0,312.5,oracle_k4
0.5B,wordcon,wordcon-0002,calib,judge,4,0.0,484.5,judge_k4
0.5B,wordcon,wordcon-0002,calib,prog,8,0.0,626.0,prog_k8
0.5B,wordcon,wordcon-0002,calib,oracle,8,0.0,626.0,oracle_k8
0.5B,wordcon,wordcon-0002,calib,judge,8,0.0,865.0,judge_k8
0.5B,wordcon,wordcon-0002,calib,seq,1,0.0,81.0,seq_r1
0.5B,wordcon,wordcon-0002,calib,seq,2,0.0,208.0,seq_r2
0.5B,wordcon,wordcon-0002,calib,seq,3,0.0,335.0,seq_r3
0.5B,wordcon,wordcon-0002,calib,seq,4,0.0,462.0,seq_r4
0.5B,wordcon,wordcon-0002,calib,long,2,0.0,113.0,long_m2
0.5B,wordcon,wordcon-0002,calib,long,4,0.0,113.0,long_m4
0.5B,wordcon,wordcon-0002,calib,debate,6,0.0,650.0,debate_a3r2
0.5B,wordcon,wordcon-0003,calib,single,1,0.0,82.0,
0.5B,wordcon,wordcon-0003,calib,prog,4,0.0,326.0,prog_k4
0.5B,wordcon,wordcon-0003,calib,oracle,4,0.0,326.0,oracle_k4
0.5B,wordcon,wordcon-0003,calib,judge,4,0.0,503.5,judge_k4
0.5B,wordcon,wordcon-0003,calib,prog,8,0.0,650.0,prog_k8
0.5B,wordcon,wordcon-0003,calib,oracle,8,0.0,650.0,oracle_k8
0.5B,wordcon,wordcon-0003,calib,judge,8,0.0,895.0,judge_k8
0.5B,wordcon,wordcon-0003,calib,seq,1,0.0,82.0,seq_r1
0.5B,wordcon,wordcon-0003,calib,seq,2,0.0,210.0,seq_r2
0.5B,wordcon,wordcon-0003,calib,seq,3,0.0,338.0,seq_r3
0.5B,wordcon,wordcon-0003,calib,seq,4,0.0,466.0,seq_r4
0.5B,wordcon,wordcon-0003,calib,long,2,0.0,112.0,long_m2
0.5B,wordcon,wordcon-0003,calib,long,4,0.0,112.0,long_m4
0.5B,wordcon,wordcon-0003,calib,debate,6,0.0,705.0,debate_a3r2
0.5B,wordcon,wordcon-0004,calib,single,1,0.0,76.0,
0.5B,wordcon,wordcon-0004,calib,prog,4,1.0,313.0,prog_k4
0.5B,wordcon,wordcon-0004,calib,oracle,4,1.0,313.0,oracle_k4
0.5B,wordcon,wordcon-0004,calib,judge,4,0.0,479.5,judge_k4
0.5B,wordcon,wordcon-0004,calib,prog,8,1.0,625.0,prog_k8
0.5B,wordcon,wordcon-0004,calib,oracle,8,1.0,625.0,oracle_k8
0.5B,wordcon,wordcon-0004,calib,judge,8,0.0,852.0,judge_k8
0.5B,wordcon,wordcon-0004,calib,seq,1,0.0,76.0,seq_r1
0.5B,wordcon,wordcon-0004,calib,seq,2,0.0,192.0,seq_r2
0.5B,wordcon,wordcon-0004,calib,seq,3,0.0,308.0,seq_r3
0.5B,wordcon,wordcon-0004,calib,seq,4,0.0,424.0,seq_r4
0.5B,wordcon,wordcon-0004,calib,long,2,0.0,116.0,long_m2
0.5B,wordcon,wordcon-0004,calib,long,4,0.0,116.0,long_m4
0.5B,wordcon,wordcon-0004,calib,debate,6,0.0,639.0,debate_a3r2
0.5B,wordcon,wordcon-0005,calib,single,1,0.0,79.0,
0.5B,wordcon,wordcon-0005,calib,prog,4,0.5,322.0,prog_k4
0.5B,wordcon,wordcon-0005,calib,oracle,4,0.5,322.0,oracle_k4
0.5B,wordcon,wordcon-0005,calib,judge,4,0.5,498.5,judge_k4
0.5B,wordcon,wordcon-0005,calib,prog,8,1.0,641.0,prog_k8
0.5B,wordcon,wordcon-0005,calib,oracle,8,1.0,641.0,oracle_k8
0.5B,wordcon,wordcon-0005,calib,judge,8,0.0,888.0,judge_k8
0.5B,wordcon,wordcon-0005,calib,seq,1,0.0,79.0,seq_r1
0.5B,wordcon,wordcon-0005,calib,seq,2,0.0,201.0,seq_r2
0.5B,wordcon,wordcon-0005,calib,seq,3,0.0,335.0,seq_r3
0.5B,wordcon,wordcon-0005,calib,seq,4,0.0,481.0,seq_r4
0.5B,wordcon,wordcon-0005,calib,long,2,0.0,154.0,long_m2
0.5B,wordcon,wordcon-0005,calib,long,4,0.0,154.0,long_m4
0.5B,wordcon,wordcon-0005,calib,debate,6,0.0,649.0,debate_a3r2
0.5B,wordcon,wordcon-0006,calib,single,1,0.0,73.0,
0.5B,wordcon,wordcon-0006,calib,prog,4,0.0,307.0,prog_k4
0.5B,wordcon,wordcon-0006,calib,oracle,4,0.0,307.0,oracle_k4
0.5B,wordcon,wordcon-0006,calib,judge,4,0.0,476.5,judge_k4
0.5B,wordcon,wordcon-0006,calib,prog,8,0.0,615.0,prog_k8
0.5B,wordcon,wordcon-0006,calib,oracle,8,0.0,615.0,oracle_k8
0.5B,wordcon,wordcon-0006,calib,judge,8,0.0,851.0,judge_k8
0.5B,wordcon,wordcon-0006,calib,seq,1,0.0,73.0,seq_r1
0.5B,wordcon,wordcon-0006,calib,seq,2,0.0,185.0,seq_r2
0.5B,wordcon,wordcon-0006,calib,seq,3,0.0,297.0,seq_r3
0.5B,wordcon,wordcon-0006,calib,seq,4,0.0,409.0,seq_r4
0.5B,wordcon,wordcon-0006,calib,long,2,0.0,105.0,long_m2
0.5B,wordcon,wordcon-0006,calib,long,4,0.0,105.0,long_m4
0.5B,wordcon,wordcon-0006,calib,debate,6,0.0,614.0,debate_a3r2
0.5B,wordcon,wordcon-0007,calib,single,1,0.0,79.0,
0.5B,wordcon,wordcon-0007,calib,prog,4,0.0,312.0,prog_k4
0.5B,wordcon,wordcon-0007,calib,oracle,4,0.0,312.0,oracle_k4
0.5B,wordcon,wordcon-0007,calib,judge,4,0.0,472.0,judge_k4
0.5B,wordcon,wordcon-0007,calib,prog,8,0.0,622.0,prog_k8
0.5B,wordcon,wordcon-0007,calib,oracle,8,0.0,622.0,oracle_k8
0.5B,wordcon,wordcon-0007,calib,judge,8,0.0,850.0,judge_k8
0.5B,wordcon,wordcon-0007,calib,seq,1,0.0,79.0,seq_r1
0.5B,wordcon,wordcon-0007,calib,seq,2,0.0,201.0,seq_r2
0.5B,wordcon,wordcon-0007,calib,seq,3,0.0,318.0,seq_r3
0.5B,wordcon,wordcon-0007,calib,seq,4,0.0,430.0,seq_r4
0.5B,wordcon,wordcon-0007,calib,long,2,0.0,110.0,long_m2
0.5B,wordcon,wordcon-0007,calib,long,4,0.0,110.0,long_m4
0.5B,wordcon,wordcon-0007,calib,debate,6,0.0,644.0,debate_a3r2
0.5B,wordcon,wordcon-0008,calib,single,1,0.0,79.0,
0.5B,wordcon,wordcon-0008,calib,prog,4,0.5,322.0,prog_k4
0.5B,wordcon,wordcon-0008,calib,oracle,4,0.5,322.0,oracle_k4
0.5B,wordcon,wordcon-0008,calib,judge,4,0.5,493.0,judge_k4
0.5B,wordcon,wordcon-0008,calib,prog,8,1.0,641.0,prog_k8
0.5B,wordcon,wordcon-0008,calib,oracle,8,1.0,641.0,oracle_k8
0.5B,wordcon,wordcon-0008,calib,judge,8,0.0,888.0,judge_k8
0.5B,wordcon,wordcon-0008,calib,seq,1,0.0,79.0,seq_r1
0.5B,wordcon,wordcon-0008,calib,seq,2,0.0,201.0,seq_r2
0.5B,wordcon,wordcon-0008,calib,seq,3,0.0,335.0,seq_r3
0.5B,wordcon,wordcon-0008,calib,seq,4,0.0,481.0,seq_r4
0.5B,wordcon,wordcon-0008,calib,long,2,0.0,154.0,long_m2
0.5B,wordcon,wordcon-0008,calib,long,4,0.0,154.0,long_m4
0.5B,wordcon,wordcon-0008,calib,debate,6,0.0,649.0,debate_a3r2
0.5B,wordcon,wordcon-0009,calib,single,1,0.0,79.0,
0.5B,wordcon,wordcon-0009,calib,prog,4,0.0,320.5,prog_k4
0.5B,wordcon,wordcon-0009,calib,oracle,4,0.0,320.5,oracle_k4
0.5B,wordcon,wordcon-0009,calib,judge,4,0.0,495.0,judge_k4
0.5B,wordcon,wordcon-0009,calib,prog,8,0.0,640.0,prog_k8
0.5B,wordcon,wordcon-0009,calib,oracle,8,0.0,640.0,oracle_k8
0.5B,wordcon,wordcon-0009,calib,judge,8,0.0,886.0,judge_k8
0.5B,wordcon,wordcon-0009,calib,seq,1,0.0,79.0,seq_r1
0.5B,wordcon,wordcon-0009,calib,seq,2,0.0,201.0,seq_r2
0.5B,wordcon,wordcon-0009,calib,seq,3,0.0,323.0,seq_r3
0.5B,wordcon,wordcon-0009,calib,seq,4,0.0,445.0,seq_r4
0.5B,wordcon,wordcon-0009,calib,long,2,0.0,115.0,long_m2
0.5B,wordcon,wordcon-0009,calib,long,4,0.0,115.0,long_m4
0.5B,wordcon,wordcon-0009,calib,debate,6,0.0,670.0,debate_a3r2
0.5B,wordcon,wordcon-0010,calib,single,1,0.0,81.0,
0.5B,wordcon,wordcon-0010,calib,prog,4,0.0,313.5,prog_k4
0.5B,wordcon,wordcon-0010,calib,oracle,4,0.0,313.5,oracle_k4
0.5B,wordcon,wordcon-0010,calib,judge,4,0.0,482.5,judge_k4
0.5B,wordcon,wordcon-0010,calib,prog,8,0.0,630.0,prog_k8
0.5B,wordcon,wordcon-0010,calib,oracle,8,0.0,630.0,oracle_k8
0.5B,wordcon,wordcon-0010,calib,judge,8,0.0,866.0,judge_k8
0.5B,wordcon,wordcon-0010,calib,seq,1,0.0,81.0,seq_r1
0.5B,wordcon,wordcon-0010,calib,seq,2,0.0,207.0,seq_r2
0.5B,wordcon,wordcon-0010,calib,seq,3,0.0,333.0,seq_r3
0.5B,wordcon,wordcon-0010,calib,seq,4,0.0,459.0,seq_r4
0.5B,wordcon,wordcon-0010,calib,long,2,0.0,109.0,long_m2
0.5B,wordcon,wordcon-0010,calib,long,4,0.0,109.0,long_m4
0.5B,wordcon,wordcon-0010,calib,debate,6,0.0,666.0,debate_a3r2
0.5B,wordcon,wordcon-0011,calib,single,1,0.0,73.0,
0.5B,wordcon,wordcon-0011,calib,prog,4,0.0,307.0,prog_k4
0.5B,wordcon,wordcon-0011,calib,oracle,4,0.0,307.0,oracle_k4
0.5B,wordcon,wordcon-0011,calib,judge,4,0.0,478.0,judge_k4
0.5B,wordcon,wordcon-0011,calib,prog,8,0.0,615.0,prog_k8
0.5B,wordcon,wordcon-0011,calib,oracle,8,0.0,615.0,oracle_k8
0.5B,wordcon,wordcon-0011,calib,judge,8,0.0,847.0,judge_k8
0.5B,wordcon,wordcon-0011,calib,seq,1,0.0,73.0,seq_r1
0.5B,wordcon,wordcon-0011,calib,seq,2,0.0,185.0,seq_r2
0.5B,wordcon,wordcon-0011,calib,seq,3,0.0,297.0,seq_r3
0.5B,wordcon,wordcon-0011,calib,seq,4,0.0,409.0,seq_r4
0.5B,wordcon,wordcon-0011,calib,long,2,0.0,105.0,long_m2
0.5B,wordcon,wordcon-0011,calib,long,4,0.0,105.0,long_m4
0.5B,wordcon,wordcon-0011,calib,debate,6,0.0,614.0,debate_a3r2
0.5B,wordcon,wordcon-0012,calib,single,1,0.0,76.0,
0.5B,wordcon,wordcon-0012,calib,prog,4,0.5,304.5,prog_k4
0.5B,wordcon,wordcon-0012,calib,oracle,4,0.5,304.5,oracle_k4
0.5B,wordcon,wordcon-0012,calib,judge,4,0.0,463.0,judge_k4
0.5B,wordcon,wordcon-0012,calib,prog,8,1.0,619.0,prog_k8
0.5B,wordcon,wordcon-0012,calib,oracle,8,1.0,619.0,oracle_k8
0.5B,wordcon,wordcon-0012,calib,judge,8,0.0,858.0,judge_k8
0.5B,wordcon,wordcon-0012,calib,seq,1,0.0,76.0,seq_r1
0.5B,wordcon,wordcon-0012,calib,seq,2,0.0,193.0,seq_r2
0.5B,wordcon,wordcon-0012,calib,seq,3,0.0,310.0,seq_r3
0.5B,wordcon,wordcon-0012,calib,seq,4,0.0,427.0,seq_r4
0.5B,wordcon,wordcon-0012,calib,long,2,0.0,108.0,long_m2
0.5B,wordcon,wordcon-0012,calib,long,4,0.0,108.0,long_m4
0.5B,wordcon,wordcon-0012,calib,debate,6,0.0,651.0,debate_a3r2
0.5B,wordcon,wordcon-0013,calib,single,1,0.0,77.0,
0.5B,wordcon,wordcon-0013,calib,prog,4,1.0,302.5,prog_k4
0.5B,wordcon,wordcon-0013,calib,oracle,4,1.0,302.5,oracle_k4
0.5B,wordcon,wordcon-0013,calib,judge,4,0.0,464.5,judge_k4
0.5B,wordcon,wordcon-0013,calib,prog,8,1.0,604.0,prog_k8
0.5B,wordcon,wordcon-0013,calib,oracle,8,1.0,604.0,oracle_k8
0.5B,wordcon,wordcon-0013,calib,judge,8,0.0,825.0,judge_k8
0.5B,wordcon,wordcon-0013,calib,seq,1,0.0,77.0,seq_r1
0.5B,wordcon,wordcon-0013,calib,seq,2,0.0,197.0,seq_r2
0.5B,wordcon,wordcon-0013,calib,seq,3,0.0,317.0,seq_r3
0.5B,wordcon,wordcon-0013,calib,seq,4,0.0,437.0,seq_r4
0.5B,wordcon,wordcon-0013,calib,long,2,0.0,107.0,long_m2
0.5B,wordcon,wordcon-0013,calib,long,4,0.0,107.0,long_m4
0.5B,wordcon,wordcon-0013,calib,debate,6,0.0,638.0,debate_a3r2
0.5B,wordcon,wordcon-0014,calib,single,1,0.0,74.0,
0.5B,wordcon,wordcon-0014,calib,prog,4,0.0,322.5,prog_k4
0.5B,wordcon,wordcon-0014,calib,oracle,4,0.0,322.5,oracle_k4
0.5B,wordcon,wordcon-0014,calib,judge,4,0.0,501.0,judge_k4
0.5B,wordcon,wordcon-0014,calib,prog,8,1.0,640.0,prog_k8
0.5B,wordcon,wordcon-0014,calib,oracle,8,1.0,640.0,oracle_k8
0.5B,wordcon,wordcon-0014,calib,judge,8,0.0,898.0,judge_k8
0.5B,wordcon,wordcon-0014,calib,seq,1,0.0,74.0,seq_r1
0.5B,wordcon,wordcon-0014,calib,seq,2,0.0,186.0,seq_r2
0.5B,wordcon,wordcon-0014,calib,seq,3,0.0,298.0,seq_r3
0.5B,wordcon,wordcon-0014,calib,seq,4,0.0,410.0,seq_r4
0.5B,wordcon,wordcon-0014,calib,long,2,0.0,115.0,long_m2
0.5B,wordcon,wordcon-0014,calib,long,4,0.0,115.0,long_m4
0.5B,wordcon,wordcon-0014,calib,debate,6,1.0,642.0,debate_a3r2
0.5B,wordcon,wordcon-0015,calib,single,1,0.0,84.0,
0.5B,wordcon,wordcon-0015,calib,prog,4,0.0,322.5,prog_k4
0.5B,wordcon,wordcon-0015,calib,oracle,4,0.0,322.5,oracle_k4
0.5B,wordcon,wordcon-0015,calib,judge,4,0.0,501.0,judge_k4
0.5B,wordcon,wordcon-0015,calib,prog,8,0.0,630.0,prog_k8
0.5B,wordcon,wordcon-0015,calib,oracle,8,0.0,630.0,oracle_k8
0.5B,wordcon,wordcon-0015,calib,judge,8,0.0,871.0,judge_k8
0.5B,wordcon,wordcon-0015,calib,seq,1,0.0,84.0,seq_r1
0.5B,wordcon,wordcon-0015,calib,seq,2,0.0,216.0,seq_r2
0.5B,wordcon,wordcon-0015,calib,seq,3,0.0,348.0,seq_r3
0.5B,wordcon,wordcon-0015,calib,seq,4,0.0,480.0,seq_r4
0.5B,wordcon,wordcon-0015,calib,long,2,0.0,119.0,long_m2
0.5B,wordcon,wordcon-0015,calib,long,4,0.0,119.0,long_m4
0.5B,wordcon,wordcon-0015,calib,debate,6,0.0,670.0,debate_a3r2
0.5B,wordcon,wordcon-0016,calib,single,1,0.0,84.0,
0.5B,wordcon,wordcon-0016,calib,prog,4,0.0,322.5,prog_k4
0.5B,wordcon,wordcon-0016,calib,oracle,4,0.0,322.5,oracle_k4
0.5B,wordcon,wordcon-0016,calib,judge,4,0.0,501.0,judge_k4
0.5B,wordcon,wordcon-0016,calib,prog,8,0.0,630.0,prog_k8
0.5B,wordcon,wordcon-0016,calib,oracle,8,0.0,630.0,oracle_k8
0.5B,wordcon,wordcon-0016,calib,judge,8,0.0,865.0,judge_k8
0.5B,wordcon,wordcon-0016,calib,seq,1,0.0,84.0,seq_r1
0.5B,wordcon,wordcon-0016,calib,seq,2,0.0,216.0,seq_r2
0.5B,wordcon,wordcon-0016,calib,seq,3,0.0,348.0,seq_r3
0.5B,wordcon,wordcon-0016,calib,seq,4,0.0,480.0,seq_r4
0.5B,wordcon,wordcon-0016,calib,long,2,0.0,119.0,long_m2
0.5B,wordcon,wordcon-0016,calib,long,4,0.0,119.0,long_m4
0.5B,wordcon,wordcon-0016,calib,debate,6,0.0,670.0,debate_a3r2
0.5B,wordcon,wordcon-0017,calib,single,1,0.0,82.0,
0.5B,wordcon,wordcon-0017,calib,prog,4,0.0,316.5,prog_k4
0.5B,wordcon,wordcon-0017,calib,oracle,4,0.0,316.5,oracle_k4
0.5B,wordcon,wordcon-0017,calib,judge,4,0.0,486.5,judge_k4
0.5B,wordcon,wordcon-0017,calib,prog,8,0.0,644.0,prog_k8
0.5B,wordcon,wordcon-0017,calib,oracle,8,0.0,644.0,oracle_k8
0.5B,wordcon,wordcon-0017,calib,judge,8,0.0,889.0,judge_k8
0.5B,wordcon,wordcon-0017,calib,seq,1,0.0,82.0,seq_r1
0.5B,wordcon,wordcon-0017,calib,seq,2,0.0,210.0,seq_r2
0.5B,wordcon,wordcon-0017,calib,seq,3,0.0,338.0,seq_r3
0.5B,wordcon,wordcon-0017,calib,seq,4,0.0,466.0,seq_r4
0.5B,wordcon,wordcon-0017,calib,long,2,0.0,113.0,long_m2
0.5B,wordcon,wordcon-0017,calib,long,4,0.0,113.0,long_m4
0.5B,wordcon,wordcon-0017,calib,debate,6,0.0,659.0,debate_a3r2
0.5B,wordcon,wordcon-0018,calib,single,1,0.0,76.0,
0.5B,wordcon,wordcon-0018,calib,prog,4,0.5,304.5,prog_k4
0.5B,wordcon,wordcon-0018,calib,oracle,4,0.5,304.5,oracle_k4
0.5B,wordcon,wordcon-0018,calib,judge,4,0.0,464.5,judge_k4
0.5B,wordcon,wordcon-0018,calib,prog,8,1.0,619.0,prog_k8
0.5B,wordcon,wordcon-0018,calib,oracle,8,1.0,619.0,oracle_k8
0.5B,wordcon,wordcon-0018,calib,judge,8,0.0,850.0,judge_k8
0.5B,wordcon,wordcon-0018,calib,seq,1,0.0,76.0,seq_r1
0.5B,wordcon,wordcon-0018,calib,seq,2,0.0,193.0,seq_r2
0.5B,wordcon,wordcon-0018,calib,seq,3,0.0,310.0,seq_r3
0.5B,wordcon,wordcon-0018,calib,seq,4,0.0,427.0,seq_r4
0.5B,wordcon,wordcon-0018,calib,long,2,0.0,108.0,long_m2
0.5B,wordcon,wordcon-0018,calib,long,4,0.0,108.0,long_m4
0.5B,wordcon,wordcon-0018,calib,debate,6,0.0,651.0,debate_a3r2
0.5B,wordcon,wordcon-0019,calib,single,1,0.0,80.0,
0.5B,wordcon,wordcon-0019,calib,prog,4,0.0,332.5,prog_k4
0.5B,wordcon,wordcon-0019,calib,oracle,4,0.0,332.5,oracle_k4
0.5B,wordcon,wordcon-0019,calib,judge,4,0.0,526.5,judge_k4
0.5B,wordcon,wordcon-0019,calib,prog,8,0.0,685.0,prog_k8
0.5B,wordcon,wordcon-0019,calib,oracle,8,0.0,685.0,oracle_k8
0.5B,wordcon,wordcon-0019,calib,judge,8,0.0,978.0,judge_k8
0.5B,wordcon,wordcon-0019,calib,seq,1,0.0,80.0,seq_r1
0.5B,wordcon,wordcon-0019,calib,seq,2,0.0,204.0,seq_r2
0.5B,wordcon,wordcon-0019,calib,seq,3,0.0,328.0,seq_r3
0.5B,wordcon,wordcon-0019,calib,seq,4,0.0,452.0,seq_r4
0.5B,wordcon,wordcon-0019,calib,long,2,0.0,119.0,long_m2
0.5B,wordcon,wordcon-0019,calib,long,4,0.0,119.0,long_m4
0.5B,wordcon,wordcon-0019,calib,debate,6,0.0,719.0,debate_a3r2
0.5B,wordcon,wordcon-0020,calib,single,1,0.0,75.0,
0.5B,wordcon,wordcon-0020,calib,prog,4,0.0,312.5,prog_k4
0.5B,wordcon,wordcon-0020,calib,oracle,4,0.0,312.5,oracle_k4
0.5B,wordcon,wordcon-0020,calib,judge,4,0.0,481.0,judge_k4
0.5B,wordcon,wordcon-0020,calib,prog,8,0.0,630.0,prog_k8
0.5B,wordcon,wordcon-0020,calib,oracle,8,0.0,630.0,oracle_k8
0.5B,wordcon,wordcon-0020,calib,judge,8,0.0,869.0,judge_k8
0.5B,wordcon,wordcon-0020,calib,seq,1,0.0,75.0,seq_r1
0.5B,wordcon,wordcon-0020,calib,seq,2,0.0,189.0,seq_r2
0.5B,wordcon,wordcon-0020,calib,seq,3,0.0,303.0,seq_r3
0.5B,wordcon,wordcon-0020,calib,seq,4,0.0,417.0,seq_r4
0.5B,wordcon,wordcon-0020,calib,long,2,0.0,126.0,long_m2
0.5B,wordcon,wordcon-0020,calib,long,4,0.0,126.0,long_m4
0.5B,wordcon,wordcon-0020,calib,debate,6,0.0,616.0,debate_a3r2
0.5B,wordcon,wordcon-0021,calib,single,1,0.0,79.0,
0.5B,wordcon,wordcon-0021,calib,prog,4,0.0,320.5,prog_k4
0.5B,wordcon,wordcon-0021,calib,oracle,4,0.0,320.5,oracle_k4
0.5B,wordcon,wordcon-0021,calib,judge,4,0.0,495.0,judge_k4
0.5B,wordcon,wordcon-0021,calib,prog,8,0.0,640.0,prog_k8
0.5B,wordcon,wordcon-0021,calib,oracle,8,0.0,640.0,oracle_k8
0.5B,wordcon,wordcon-0021,calib,judge,8,0.0,883.0,judge_k8
0.5B,wordcon,wordcon-0021,calib,seq,1,0.0,79.0,seq_r1
0.5B,wordcon,wordcon-0021,calib,seq,2,0.0,201.0,seq_r2
0.5B,wordcon,wordcon-0021,calib,seq,3,0.0,323.0,seq_r3
0.5B,wordcon,wordcon-0021,calib,seq,4,0.0,445.0,seq_r4
0.5B,wordcon,wordcon-0021,calib,long,2,0.0,115.0,long_m2
0.5B,wordcon,wordcon-0021,calib,long,4,0.0,115.0,long_m4
0.5B,wordcon,wordcon-0021,calib,debate,6,0.0,670.0,debate_a3r2
0.5B,wordcon,wordcon-0022,calib,single,1,0.0,77.0,
0.5B,wordcon,wordcon-0022,calib,prog,4,0.0,310.5,prog_k4
0.5B,wordcon,wordcon-0022,calib,oracle,4,0.0,310.5,oracle_k4
0.5B,wordcon,wordcon-0022,calib,judge,4,0.0,477.0,judge_k4
0.5B,wordcon,wordcon-0022,calib,prog,8,0.0,630.0,prog_k8
0.5B,wordcon,wordcon-0022,calib,oracle,8,0.0,630.0,oracle_k8
0.5B,wordcon,wordcon-0022,calib,judge,8,0.0,874.0,judge_k8
0.5B,wordcon,wordcon-0022,calib,seq,1,0.0,77.0,seq_r1
0.5B,wordcon,wordcon-0022,calib,seq,2,0.0,196.0,seq_r2
0.5B,wordcon,wordcon-0022,calib,seq,3,0.0,315.0,seq_r3
0.5B,wordcon,wordcon-0022,calib,seq,4,0.0,434.0,seq_r4
0.5B,wordcon,wordcon-0022,calib,long,2,0.0,110.0,long_m2
0.5B,wordcon,wordcon-0022,calib,long,4,0.0,110.0,long_m4
0.5B,wordcon,wordcon-0022,calib,debate,6,0.0,665.0,debate_a3r2
0.5B,wordcon,wordcon-0023,calib,single,1,0.0,81.0,
0.5B,wordcon,wordcon-0023,calib,prog,4,0.0,313.5,prog_k4
0.5B,wordcon,wordcon-0023,calib,oracle,4,0.0,313.5,oracle_k4
0.5B,wordcon,wordcon-0023,calib,judge,4,0.0,479.5,judge_k4
0.5B,wordcon,wordcon-0023,calib,prog,8,0.0,630.0,prog_k8
0.5B,wordcon,wordcon-0023,calib,oracle,8,0.0,630.0,oracle_k8
0.5B,wordcon,wordcon-0023,calib,judge,8,0.0,868.0,judge_k8
0.5B,wordcon,wordcon-0023,calib,seq,1,0.0,81.0,seq_r1
0.5B,wordcon,wordcon-0023,calib,seq,2,0.0,207.0,seq_r2
0.5B,wordcon,wordcon-0023,calib,seq,3,0.0,333.0,seq_r3
0.5B,wordcon,wordcon-0023,calib,seq,4,0.0,459.0,seq_r4
0.5B,wordcon,wordcon-0023,calib,long,2,0.0,109.0,long_m2
0.5B,wordcon,wordcon-0023,calib,long,4,0.0,109.0,long_m4
0.5B,wordcon,wordcon-0023,calib,debate,6,0.0,666.0,debate_a3r2
0.5B,wordcon,wordcon-0024,calib,single,1,0.0,84.0,
0.5B,wordcon,wordcon-0024,calib,prog,4,0.0,322.5,prog_k4
0.5B,wordcon,wordcon-0024,calib,oracle,4,0.0,322.5,oracle_k4
0.5B,wordcon,wordcon-0024,calib,judge,4,0.0,501.0,judge_k4
0.5B,wordcon,wordcon-0024,calib,prog,8,0.0,630.0,prog_k8
0.5B,wordcon,wordcon-0024,calib,oracle,8,0.0,630.0,oracle_k8
0.5B,wordcon,wordcon-0024,calib,judge,8,0.0,865.0,judge_k8
0.5B,wordcon,wordcon-0024,calib,seq,1,0.0,84.0,seq_r1
0.5B,wordcon,wordcon-0024,calib,seq,2,0.0,216.0,seq_r2
0.5B,wordcon,wordcon-0024,calib,seq,3,0.0,348.0,seq_r3
0.5B,wordcon,wordcon-0024,calib,seq,4,0.0,480.0,seq_r4
0.5B,wordcon,wordcon-0024,calib,long,2,0.0,119.0,long_m2
0.5B,wordcon,wordcon-0024,calib,long,4,0.0,119.0,long_m4
0.5B,wordcon,wordcon-0024,calib,debate,6,0.0,670.0,debate_a3r2
0.5B,wordcon,wordcon-0025,calib,single,1,0.0,76.0,
0.5B,wordcon,wordcon-0025,calib,prog,4,0.0,325.5,prog_k4
0.5B,wordcon,wordcon-0025,calib,oracle,4,0.0,325.5,oracle_k4
0.5B,wordcon,wordcon-0025,calib,judge,4,0.0,508.0,judge_k4
0.5B,wordcon,wordcon-0025,calib,prog,8,0.0,648.0,prog_k8
0.5B,wordcon,wordcon-0025,calib,oracle,8,0.0,648.0,oracle_k8
0.5B,wordcon,wordcon-0025,calib,judge,8,0.0,891.0,judge_k8
0.5B,wordcon,wordcon-0025,calib,seq,1,0.0,76.0,seq_r1
0.5B,wordcon,wordcon-0025,calib,seq,2,0.0,192.0,seq_r2
0.5B,wordcon,wordcon-0025,calib,seq,3,0.0,308.0,seq_r3
0.5B,wordcon,wordcon-0025,calib,seq,4,0.0,424.0,seq_r4
0.5B,wordcon,wordcon-0025,calib,long,2,0.0,110.0,long_m2
0.5B,wordcon,wordcon-0025,calib,long,4,0.0,110.0,long_m4
0.5B,wordcon,wordcon-0025,calib,debate,6,0.0,669.0,debate_a3r2
0.5B,wordcon,wordcon-0026,calib,single,1,0.0,75.0,
0.5B,wordcon,wordcon-0026,calib,prog,4,1.0,303.5,prog_k4
0.5B,wordcon,wordcon-0026,calib,oracle,4,1.0,303.5,oracle_k4
0.5B,wordcon,wordcon-0026,calib,judge,4,1.0,457.5,judge_k4
0.5B,wordcon,wordcon-0026,calib,prog,8,1.0,618.0,prog_k8
0.5B,wordcon,wordcon-0026,calib,oracle,8,1.0,618.0,oracle_k8
0.5B,wordcon,wordcon-0026,calib,judge,8,0.0,840.0,judge_k8
0.5B,wordcon,wordcon-0026,calib,seq,1,0.0,75.0,seq_r1
0.5B,wordcon,wordcon-0026,calib,seq,2,1.0,190.0,seq_r2
0.5B,wordcon,wordcon-0026,calib,seq,3,1.0,306.0,seq_r3
0.5B,wordcon,wordcon-0026,calib,seq,4,1.0,422.0,seq_r4
0.5B,wordcon,wordcon-0026,calib,long,2,0.0,109.0,long_m2
0.5B,wordcon,wordcon-0026,calib,long,4,0.0,109.0,long_m4
0.5B,wordcon,wordcon-0026,calib,debate,6,1.0,596.0,debate_a3r2
0.5B,wordcon,wordcon-0027,calib,single,1,0.0,79.0,
0.5B,wordcon,wordcon-0027,calib,prog,4,0.0,320.5,prog_k4
0.5B,wordcon,wordcon-0027,calib,oracle,4,0.0,320.5,oracle_k4
0.5B,wordcon,wordcon-0027,calib,judge,4,0.0,496.0,judge_k4
0.5B,wordcon,wordcon-0027,calib,prog,8,0.0,640.0,prog_k8
0.5B,wordcon,wordcon-0027,calib,oracle,8,0.0,640.0,oracle_k8
0.5B,wordcon,wordcon-0027,calib,judge,8,0.0,885.0,judge_k8
0.5B,wordcon,wordcon-0027,calib,seq,1,0.0,79.0,seq_r1
0.5B,wordcon,wordcon-0027,calib,seq,2,0.0,201.0,seq_r2
0.5B,wordcon,wordcon-0027,calib,seq,3,0.0,323.0,seq_r3
0.5B,wordcon,wordcon-0027,calib,seq,4,0.0,445.0,seq_r4
0.5B,wordcon,wordcon-0027,calib,long,2,0.0,115.0,long_m2
0.5B,wordcon,wordcon-0027,calib,long,4,0.0,115.0,long_m4
0.5B,wordcon,wordcon-0027,calib,debate,6,0.0,670.0,debate_a3r2
0.5B,wordcon,wordcon-0028,calib,single,1,0.0,77.0,
0.5B,wordcon,wordcon-0028,calib,prog,4,1.0,302.5,prog_k4
0.5B,wordcon,wordcon-0028,calib,oracle,4,1.0,302.5,oracle_k4
0.5B,wordcon,wordcon-0028,calib,judge,4,0.0,466.0,judge_k4
0.5B,wordcon,wordcon-0028,calib,prog,8,1.0,604.0,prog_k8
0.5B,wordcon,wordcon-0028,calib,oracle,8,1.0,604.0,oracle_k8
0.5B,wordcon,wordcon-0028,calib,judge,8,0.0,830.0,judge_k8
0.5B,wordcon,wordcon-0028,calib,seq,1,0.0,77.0,seq_r1
0.5B,wordcon,wordcon-0028,calib,seq,2,0.0,197.0,seq_r2
0.5B,wordcon,wordcon-0028,calib,seq,3,0.0,317.0,seq_r3
0.5B,wordcon,wordcon-0028,calib,seq,4,0.0,437.0,seq_r4
0.5B,wordcon,wordcon-0028,calib,long,2,0.0,107.0,long_m2
0.5B,wordcon,wordcon-0028,calib,long,4,0.0,107.0,long_m4
0.5B,wordcon,wordcon-0028,calib,debate,6,0.0,638.0,debate_a3r2
0.5B,wordcon,wordcon-0029,calib,single,1,0.0,84.0,
0.5B,wordcon,wordcon-0029,calib,prog,4,0.0,312.5,prog_k4
0.5B,wordcon,wordcon-0029,calib,oracle,4,0.0,312.5,oracle_k4
0.5B,wordcon,wordcon-0029,calib,judge,4,0.0,484.0,judge_k4
0.5B,wordcon,wordcon-0029,calib,prog,8,1.0,614.0,prog_k8
0.5B,wordcon,wordcon-0029,calib,oracle,8,1.0,614.0,oracle_k8
0.5B,wordcon,wordcon-0029,calib,judge,8,0.0,847.0,judge_k8
0.5B,wordcon,wordcon-0029,calib,seq,1,0.0,84.0,seq_r1
0.5B,wordcon,wordcon-0029,calib,seq,2,0.0,217.0,seq_r2
0.5B,wordcon,wordcon-0029,calib,seq,3,0.0,350.0,seq_r3
0.5B,wordcon,wordcon-0029,calib,seq,4,0.0,483.0,seq_r4
0.5B,wordcon,wordcon-0029,calib,long,2,0.0,116.0,long_m2
0.5B,wordcon,wordcon-0029,calib,long,4,0.0,116.0,long_m4
0.5B,wordcon,wordcon-0029,calib,debate,6,1.0,644.0,debate_a3r2
0.5B,wordcon,wordcon-0030,test,single,1,0.0,76.0,
0.5B,wordcon,wordcon-0030,test,prog,4,0.0,318.0,prog_k4
0.5B,wordcon,wordcon-0030,test,oracle,4,0.0,318.0,oracle_k4
0.5B,wordcon,wordcon-0030,test,judge,4,0.0,495.0,judge_k4
0.5B,wordcon,wordcon-0030,test,prog,8,0.0,640.0,prog_k8
0.5B,wordcon,wordcon-0030,test,oracle,8,0.0,640.0,oracle_k8
0.5B,wordcon,wordcon-0030,test,judge,8,0.0,903.0,judge_k8
0.5B,wordcon,wordcon-0030,test,seq,1,0.0,76.0,seq_r1
0.5B,wordcon,wordcon-0030,test,seq,2,0.0,194.0,seq_r2
0.5B,wordcon,wordcon-0030,test,seq,3,0.0,312.0,seq_r3
0.5B,wordcon,wordcon-0030,test,seq,4,0.0,430.0,seq_r4
0.5B,wordcon,wordcon-0030,test,long,2,0.0,116.0,long_m2
0.5B,wordcon,wordcon-0030,test,long,4,0.0,116.0,long_m4
0.5B,wordcon,wordcon-0030,test,debate,6,0.0,645.0,debate_a3r2
0.5B,wordcon,wordcon-0031,test,single,1,0.0,80.0,
0.5B,wordcon,wordcon-0031,test,prog,4,0.0,317.0,prog_k4
0.5B,wordcon,wordcon-0031,test,oracle,4,0.0,317.0,oracle_k4
0.5B,wordcon,wordcon-0031,test,judge,4,0.0,483.5,judge_k4
0.5B,wordcon,wordcon-0031,test,prog,8,0.0,640.0,prog_k8
0.5B,wordcon,wordcon-0031,test,oracle,8,0.0,640.0,oracle_k8
0.5B,wordcon,wordcon-0031,test,judge,8,0.0,893.0,judge_k8
0.5B,wordcon,wordcon-0031,test,seq,1,0.0,80.0,seq_r1
0.5B,wordcon,wordcon-0031,test,seq,2,0.0,204.0,seq_r2
0.5B,wordcon,wordcon-0031,test,seq,3,0.0,328.0,seq_r3
0.5B,wordcon,wordcon-0031,test,seq,4,0.0,452.0,seq_r4
0.5B,wordcon,wordcon-0031,test,long,2,0.0,113.0,long_m2
0.5B,wordcon,wordcon-0031,test,long,4,0.0,113.0,long_m4
0.5B,wordcon,wordcon-0031,test,debate,6,0.0,636.0,debate_a3r2
0.5B,wordcon,wordcon-0032,test,single,1,0.0,73.0,
0.5B,wordcon,wordcon-0032,test,prog,4,0.0,307.0,prog_k4
0.5B,wordcon,wordcon-0032,test,oracle,4,0.0,307.0,oracle_k4
0.5B,wordcon,wordcon-0032,test,judge,4,0.0,477.5,judge_k4
0.5B,wordcon,wordcon-0032,test,prog,8,0.0,615.0,prog_k8
0.5B,wordcon,wordcon-0032,test,oracle,8,0.0,615.0,oracle_k8
0.5B,wordcon,wordcon-0032,test,judge,8,0.0,856.0,judge_k8
0.5B,wordcon,wordcon-0032,test,seq,1,0.0,73.0,seq_r1
0.5B,wordcon,wordcon-0032,test,seq,2,0.0,185.0,seq_r2
0.5B,wordcon,wordcon-0032,test,seq,3,0.0,297.0,seq_r3
0.5B,wordcon,wordcon-0032,test,seq,4,0.0,409.0,seq_r4
0.5B,wordcon,wordcon-0032,test,long,2,0.0,105.0,long_m2
0.5B,wordcon,wordcon-0032,test,long,4,0.0,105.0,long_m4
0.5B,wordcon,wordcon-0032,test,debate,6,0.0,614.0,debate_a3r2
0.5B,wordcon,wordcon-0033,test,single,1,0.0,76.0,
0.5B,wordcon,wordcon-0033,test,prog,4,0.0,312.5,prog_k4
0.5B,wordcon,wordcon-0033,test,oracle,4,0.0,312.5,oracle_k4
0.5B,wordcon,wordcon-0033,test,judge,4,0.0,484.5,judge_k4
0.5B,wordcon,wordcon-0033,test,prog,8,0.0,637.0,prog_k8
0.5B,wordcon,wordcon-0033,test,oracle,8,0.0,637.0,oracle_k8
0.5B,wordcon,wordcon-0033,test,judge,8,0.0,895.0,judge_k8
0.5B,wordcon,wordcon-0033,test,seq,1,0.0,76.0,seq_r1
0.5B,wordcon,wordcon-0033,test,seq,2,0.0,194.0,seq_r2
0.5B,wordcon,wordcon-0033,test,seq,3,0.0,312.0,seq_r3
0.5B,wordcon,wordcon-0033,test,seq,4,0.0,430.0,seq_r4
0.5B,wordcon,wordcon-0033,test,long,2,0.0,109.0,long_m2
0.5B,wordcon,wordcon-0033,test,long,4,0.0,109.0,long_m4
0.5B,wordcon,wordcon-0033,test,debate,6,0.0,670.0,debate_a3r2
0.5B,wordcon,wordcon-0034,test,single,1,0.0,76.0,
0.5B,wordcon,wordcon-0034,test,prog,4,0.0,314.0,prog_k4
0.5B,wordcon,wordcon-0034,test,oracle,4,0.0,314.0,oracle_k4
0.5B,wordcon,wordcon-0034,test,judge,4,0.0,484.5,judge_k4
0.5B,wordcon,wordcon-0034,test,prog,8,0.0,624.0,prog_k8
0.5B,wordcon,wordcon-0034,test,oracle,8,0.0,624.0,oracle_k8
0.5B,wordcon,wordcon-0034,test,judge,8,0.0,862.0,judge_k8
0.5B,wordcon,wordcon-0034,test,seq,1,0.0,76.0,seq_r1
0.5B,wordcon,wordcon-0034,test,seq,2,0.0,193.0,seq_r2
0.5B,wordcon,wordcon-0034,test,seq,3,0.0,310.0,seq_r3
0.5B,wordcon,wordcon-0034,test,seq,4,0.0,427.0,seq_r4
0.5B,wordcon,wordcon-0034,test,long,2,0.0,119.0,long_m2
0.5B,wordcon,wordcon-0034,test,long,4,0.0,119.0,long_m4
0.5B,wordcon,wordcon-0034,test,debate,6,0.0,623.0,debate_a3r2
0.5B,wordcon,wordcon-0035,test,single,1,0.0,74.0,
0.5B,wordcon,wordcon-0035,test,prog,4,0.5,294.5,prog_k4
0.5B,wordcon,wordcon-0035,test,oracle,4,0.5,294.5,oracle_k4
0.5B,wordcon,wordcon-0035,test,judge,4,0.0,441.5,judge_k4
0.5B,wordcon,wordcon-0035,test,prog,8,1.0,592.0,prog_k8
0.5B,wordcon,wordcon-0035,test,oracle,8,1.0,592.0,oracle_k8
0.5B,wordcon,wordcon-0035,test,judge,8,0.0,793.0,judge_k8
0.5B,wordcon,wordcon-0035,test,seq,1,0.0,74.0,seq_r1
0.5B,wordcon,wordcon-0035,test,seq,2,0.0,187.0,seq_r2
0.5B,wordcon,wordcon-0035,test,seq,3,0.0,300.0,seq_r3
0.5B,wordcon,wordcon-0035,test,seq,4,0.0,413.0,seq_r4
0.5B,wordcon,wordcon-0035,test,long,2,0.0,116.0,long_m2
0.5B,wordcon,wordcon-0035,test,long,4,0.0,116.0,long_m4
0.5B,wordcon,wordcon-0035,test,debate,6,0.0,595.0,debate_a3r2
0.5B,wordcon,wordcon-0036,test,single,1,0.0,81.0,
0.5B,wordcon,wordcon-0036,test,prog,4,0.0,313.5,prog_k4
0.5B,wordcon,wordcon-0036,test,oracle,4,0.0,313.5,oracle_k4
0.5B,wordcon,wordcon-0036,test,judge,4,0.0,481.5,judge_k4
0.5B,wordcon,wordcon-0036,test,prog,8,0.0,630.0,prog_k8
0.5B,wordcon,wordcon-0036,test,oracle,8,0.0,630.0,oracle_k8
0.5B,wordcon,wordcon-0036,test,judge,8,0.0,868.0,judge_k8
0.5B,wordcon,wordcon-0036,test,seq,1,0.0,81.0,seq_r1
0.5B,wordcon,wordcon-0036,test,seq,2,0.0,207.0,seq_r2
0.5B,wordcon,wordcon-0036,test,seq,3,0.0,333.0,seq_r3
0.5B,wordcon,wordcon-0036,test,seq,4,0.0,459.0,seq_r4
0.5B,wordcon,wordcon-0036,test,long,2,0.0,109.0,long_m2
0.5B,wordcon,wordcon-0036,test,long,4,0.0,109.0,long_m4
0.5B,wordcon,wordcon-0036,test,debate,6,0.0,666.0,debate_a3r2
0.5B,wordcon,wordcon-0037,test,single,1,0.0,84.0,
0.5B,wordcon,wordcon-0037,test,prog,4,0.0,322.5,prog_k4
0.5B,wordcon,wordcon-0037,test,oracle,4,0.0,322.5,oracle_k4
0.5B,wordcon,wordcon-0037,test,judge,4,0.0,499.5,judge_k4
0.5B,wordcon,wordcon-0037,test,prog,8,0.0,630.0,prog_k8
0.5B,wordcon,wordcon-0037,test,oracle,8,0.0,630.0,oracle_k8
0.5B,wordcon,wordcon-0037,test,judge,8,0.0,865.0,judge_k8
0.5B,wordcon,wordcon-0037,test,seq,1,0.0,84.0,seq_r1
0.5B,wordcon,wordcon-0037,test,seq,2,0.0,216.0,seq_r2
0.5B,wordcon,wordcon-0037,test,seq,3,0.0,348.0,seq_r3
0.5B,wordcon,wordcon-0037,test,seq,4,0.0,480.0,seq_r4
0.5B,wordcon,wordcon-0037,test,long,2,0.0,119.0,long_m2
0.5B,wordcon,wordcon-0037,test,long,4,0.0,119.0,long_m4
0.5B,wordcon,wordcon-0037,test,debate,6,0.0,670.0,debate_a3r2
0.5B,wordcon,wordcon-0038,test,single,1,0.0,81.0,
0.5B,wordcon,wordcon-0038,test,prog,4,0.0,312.5,prog_k4
0.5B,wordcon,wordcon-0038,test,oracle,4,0.0,312.5,oracle_k4
0.5B,wordcon,wordcon-0038,test,judge,4,0.0,485.0,judge_k4
0.5B,wordcon,wordcon-0038,test,prog,8,0.0,626.0,prog_k8
0.5B,wordcon,wordcon-0038,test,oracle,8,0.0,626.0,oracle_k8
0.5B,wordcon,wordcon-0038,test,judge,8,0.0,867.0,judge_k8
0.5B,wordcon,wordcon-0038,test,seq,1,0.0,81.0,seq_r1
0.5B,wordcon,wordcon-0038,test,seq,2,0.0,208.0,seq_r2
0.5B,wordcon,wordcon-0038,test,seq,3,0.0,335.0,seq_r3
0.5B,wordcon,wordcon-0038,test,seq,4,0.0,462.0,seq_r4
0.5B,wordcon,wordcon-0038,test,long,2,0.0,113.0,long_m2
0.5B,wordcon,wordcon-0038,test,long,4,0.0,113.0,long_m4
0.5B,wordcon,wordcon-0038,test,debate,6,0.0,650.0,debate_a3r2
0.5B,wordcon,wordcon-0039,test,single,1,0.0,73.0,
0.5B,wordcon,wordcon-0039,test,prog,4,0.0,307.0,prog_k4
0.5B,wordcon,wordcon-0039,test,oracle,4,0.0,307.0,oracle_k4
0.5B,wordcon,wordcon-0039,test,judge,4,0.0,474.0,judge_k4
0.5B,wordcon,wordcon-0039,test,prog,8,0.0,615.0,prog_k8
0.5B,wordcon,wordcon-0039,test,oracle,8,0.0,615.0,oracle_k8
0.5B,wordcon,wordcon-0039,test,judge,8,0.0,855.0,judge_k8
0.5B,wordcon,wordcon-0039,test,seq,1,0.0,73.0,seq_r1
0.5B,wordcon,wordcon-0039,test,seq,2,0.0,185.0,seq_r2
0.5B,wordcon,wordcon-0039,test,seq,3,0.0,297.0,seq_r3
0.5B,wordcon,wordcon-0039,test,seq,4,0.0,409.0,seq_r4
0.5B,wordcon,wordcon-0039,test,long,2,0.0,105.0,long_m2
0.5B,wordcon,wordcon-0039,test,long,4,0.0,105.0,long_m4
0.5B,wordcon,wordcon-0039,test,debate,6,0.0,614.0,debate_a3r2
0.5B,wordcon,wordcon-0040,test,single,1,0.0,79.0,
0.5B,wordcon,wordcon-0040,test,prog,4,0.0,312.0,prog_k4
0.5B,wordcon,wordcon-0040,test,oracle,4,0.0,312.0,oracle_k4
0.5B,wordcon,wordcon-0040,test,judge,4,0.0,478.0,judge_k4
0.5B,wordcon,wordcon-0040,test,prog,8,0.0,622.0,prog_k8
0.5B,wordcon,wordcon-0040,test,oracle,8,0.0,622.0,oracle_k8
0.5B,wordcon,wordcon-0040,test,judge,8,0.0,848.0,judge_k8
0.5B,wordcon,wordcon-0040,test,seq,1,0.0,79.0,seq_r1
0.5B,wordcon,wordcon-0040,test,seq,2,0.0,201.0,seq_r2
0.5B,wordcon,wordcon-0040,test,seq,3,0.0,318.0,seq_r3
0.5B,wordcon,wordcon-0040,test,seq,4,0.0,430.0,seq_r4
0.5B,wordcon,wordcon-0040,test,long,2,0.0,110.0,long_m2
0.5B,wordcon,wordcon-0040,test,long,4,0.0,110.0,long_m4
0.5B,wordcon,wordcon-0040,test,debate,6,0.0,644.0,debate_a3r2
0.5B,wordcon,wordcon-0041,test,single,1,0.0,86.0,
0.5B,wordcon,wordcon-0041,test,prog,4,0.0,325.0,prog_k4
0.5B,wordcon,wordcon-0041,test,oracle,4,0.0,325.0,oracle_k4
0.5B,wordcon,wordcon-0041,test,judge,4,0.0,510.5,judge_k4
0.5B,wordcon,wordcon-0041,test,prog,8,0.0,658.0,prog_k8
0.5B,wordcon,wordcon-0041,test,oracle,8,0.0,658.0,oracle_k8
0.5B,wordcon,wordcon-0041,test,judge,8,0.0,933.0,judge_k8
0.5B,wordcon,wordcon-0041,test,seq,1,0.0,86.0,seq_r1
0.5B,wordcon,wordcon-0041,test,seq,2,0.0,223.0,seq_r2
0.5B,wordcon,wordcon-0041,test,seq,3,0.0,360.0,seq_r3
0.5B,wordcon,wordcon-0041,test,seq,4,0.0,497.0,seq_r4
0.5B,wordcon,wordcon-0041,test,long,2,0.0,111.0,long_m2
0.5B,wordcon,wordcon-0041,test,long,4,0.0,111.0,long_m4
0.5B,wordcon,wordcon-0041,test,debate,6,0.0,687.0,debate_a3r2
0.5B,wordcon,wordcon-0042,test,single,1,0.0,79.0,
0.5B,wordcon,wordcon-0042,test,prog,4,0.0,316.5,prog_k4
0.5B,wordcon,wordcon-0042,test,oracle,4,0.0,316.5,oracle_k4
0.5B,wordcon,wordcon-0042,test,judge,4,0.0,491.5,judge_k4
0.5B,wordcon,wordcon-0042,test,prog,8,1.0,632.0,prog_k8
0.5B,wordcon,wordcon-0042,test,oracle,8,1.0,632.0,oracle_k8
0.5B,wordcon,wordcon-0042,test,judge,8,0.0,873.0,judge_k8
0.5B,wordcon,wordcon-0042,test,seq,1,0.0,79.0,seq_r1
0.5B,wordcon,wordcon-0042,test,seq,2,0.0,202.0,seq_r2
0.5B,wordcon,wordcon-0042,test,seq,3,0.0,325.0,seq_r3
0.5B,wordcon,wordcon-0042,test,seq,4,0.0,448.0,seq_r4
0.5B,wordcon,wordcon-0042,test,long,2,0.0,118.0,long_m2
0.5B,wordcon,wordcon-0042,test,long,4,0.0,118.0,long_m4
0.5B,wordcon,wordcon-0042,test,debate,6,1.0,628.0,debate_a3r2
0.5B,wordcon,wordcon-0043,test,single,1,0.0,76.0,
0.5B,wordcon,wordcon-0043,test,prog,4,1.0,305.5,prog_k4
0.5B,wordcon,wordcon-0043,test,oracle,4,1.0,305.5,oracle_k4
0.5B,wordcon,wordcon-0043,test,judge,4,1.0,471.0,judge_k4
0.5B,wordcon,wordcon-0043,test,prog,8,1.0,608.0,prog_k8
0.5B,wordcon,wordcon-0043,test,oracle,8,1.0,608.0,oracle_k8
0.5B,wordcon,wordcon-0043,test,judge,8,0.0,834.0,judge_k8
0.5B,wordcon,wordcon-0043,test,seq,1,0.0,76.0,seq_r1
0.5B,wordcon,wordcon-0043,test,seq,2,0.0,206.0,seq_r2
0.5B,wordcon,wordcon-0043,test,seq,3,0.0,348.0,seq_r3
0.5B,wordcon,wordcon-0043,test,seq,4,0.0,471.0,seq_r4
0.5B,wordcon,wordcon-0043,test,long,2,1.0,107.0,long_m2
0.5B,wordcon,wordcon-0043,test,long,4,1.0,107.0,long_m4
0.5B,wordcon,wordcon-0043,test,debate,6,1.0,610.0,debate_a3r2
0.5B,wordcon,wordcon-0044,test,single,1,1.0,73.0,
0.5B,wordcon,wordcon-0044,test,prog,4,1.0,306.5,prog_k4
0.5B,wordcon,wordcon-0044,test,oracle,4,1.0,306.5,oracle_k4
0.5B,wordcon,wordcon-0044,test,judge,4,0.0,466.0,judge_k4
0.5B,wordcon,wordcon-0044,test,prog,8,1.0,602.0,prog_k8
0.5B,wordcon,wordcon-0044,test,oracle,8,1.0,602.0,oracle_k8
0.5B,wordcon,wordcon-0044,test,judge,8,1.0,811.0,judge_k8
0.5B,wordcon,wordcon-0044,test,seq,1,1.0,73.0,seq_r1
0.5B,wordcon,wordcon-0044,test,seq,2,1.0,184.0,seq_r2
0.5B,wordcon,wordcon-0044,test,seq,3,1.0,295.0,seq_r3
0.5B,wordcon,wordcon-0044,test,seq,4,1.0,406.0,seq_r4
0.5B,wordcon,wordcon-0044,test,long,2,1.0,105.0,long_m2
0.5B,wordcon,wordcon-0044,test,long,4,1.0,105.0,long_m4
0.5B,wordcon,wordcon-0044,test,debate,6,0.0,618.0,debate_a3r2
0.5B,wordcon,wordcon-0045,test,single,1,0.0,76.0,
0.5B,wordcon,wordcon-0045,test,prog,4,1.0,302.0,prog_k4
0.5B,wordcon,wordcon-0045,test,oracle,4,1.0,302.0,oracle_k4
0.5B,wordcon,wordcon-0045,test,judge,4,0.5,454.0,judge_k4
0.5B,wordcon,wordcon-0045,test,prog,8,1.0,607.0,prog_k8
0.5B,wordcon,wordcon-0045,test,oracle,8,1.0,607.0,oracle_k8
0.5B,wordcon,wordcon-0045,test,judge,8,0.0,815.0,judge_k8
0.5B,wordcon,wordcon-0045,test,seq,1,0.0,76.0,seq_r1
0.5B,wordcon,wordcon-0045,test,seq,2,0.0,192.0,seq_r2
0.5B,wordcon,wordcon-0045,test,seq,3,0.0,308.0,seq_r3
0.5B,wordcon,wordcon-0045,test,seq,4,0.0,424.0,seq_r4
0.5B,wordcon,wordcon-0045,test,long,2,0.0,109.0,long_m2
0.5B,wordcon,wordcon-0045,test,long,4,0.0,109.0,long_m4
0.5B,wordcon,wordcon-0045,test,debate,6,1.0,602.0,debate_a3r2
0.5B,wordcon,wordcon-0046,test,single,1,0.0,76.0,
0.5B,wordcon,wordcon-0046,test,prog,4,0.0,312.5,prog_k4
0.5B,wordcon,wordcon-0046,test,oracle,4,0.0,312.5,oracle_k4
0.5B,wordcon,wordcon-0046,test,judge,4,0.0,485.5,judge_k4
0.5B,wordcon,wordcon-0046,test,prog,8,0.0,637.0,prog_k8
0.5B,wordcon,wordcon-0046,test,oracle,8,0.0,637.0,oracle_k8
0.5B,wordcon,wordcon-0046,test,judge,8,0.0,895.0,judge_k8
0.5B,wordcon,wordcon-0046,test,seq,1,0.0,76.0,seq_r1
0.5B,wordcon,wordcon-0046,test,seq,2,0.0,194.0,seq_r2
0.5B,wordcon,wordcon-0046,test,seq,3,0.0,312.0,seq_r3
0.5B,wordcon,wordcon-0046,test,seq,4,0.0,430.0,seq_r4
0.5B,wordcon,wordcon-0046,test,long,2,0.0,109.0,long_m2
0.5B,wordcon,wordcon-0046,test,long,4,0.0,109.0,long_m4
0.5B,wordcon,wordcon-0046,test,debate,6,0.0,670.0,debate_a3r2
0.5B,wordcon,wordcon-0047,test,single,1,0.0,79.0,
0.5B,wordcon,wordcon-0047,test,prog,4,0.0,322.0,prog_k4
0.5B,wordcon,wordcon-0047,test,oracle,4,0.0,322.0,oracle_k4
0.5B,wordcon,wordcon-0047,test,judge,4,0.0,498.0,judge_k4
0.5B,wordcon,wordcon-0047,test,prog,8,0.0,638.0,prog_k8
0.5B,wordcon,wordcon-0047,test,oracle,8,0.0,638.0,oracle_k8
0.5B,wordcon,wordcon-0047,test,judge,8,0.0,885.0,judge_k8
0.5B,wordcon,wordcon-0047,test,seq,1,0.0,79.0,seq_r1
0.5B,wordcon,wordcon-0047,test,seq,2,0.0,201.0,seq_r2
0.5B,wordcon,wordcon-0047,test,seq,3,0.0,323.0,seq_r3
0.5B,wordcon,wordcon-0047,test,seq,4,0.0,445.0,seq_r4
0.5B,wordcon,wordcon-0047,test,long,2,0.0,117.0,long_m2
0.5B,wordcon,wordcon-0047,test,long,4,0.0,117.0,long_m4
0.5B,wordcon,wordcon-0047,test,debate,6,0.0,653.0,debate_a3r2
0.5B,wordcon,wordcon-0048,test,single,1,0.0,76.0,
0.5B,wordcon,wordcon-0048,test,prog,4,0.0,314.5,prog_k4
0.5B,wordcon,wordcon-0048,test,oracle,4,0.0,314.5,oracle_k4
0.5B,wordcon,wordcon-0048,test,judge,4,0.0,486.5,judge_k4
0.5B,wordcon,wordcon-0048,test,prog,8,0.0,640.0,prog_k8
0.5B,wordcon,wordcon-0048,test,oracle,8,0.0,640.0,oracle_k8
0.5B,wordcon,wordcon-0048,test,judge,8,0.0,901.0,judge_k8
0.5B,wordcon,wordcon-0048,test,seq,1,0.0,76.0,seq_r1
0.5B,wordcon,wordcon-0048,test,seq,2,0.0,193.0,seq_r2
0.5B,wordcon,wordcon-0048,test,seq,3,0.0,310.0,seq_r3
0.5B,wordcon,wordcon-0048,test,seq,4,0.0,427.0,seq_r4
0.5B,wordcon,wordcon-0048,test,long,2,0.0,111.0,long_m2
0.5B,wordcon,wordcon-0048,test,long,4,0.0,111.0,long_m4
0.5B,wordcon,wordcon-0048,test,debate,6,0.0,668.0,debate_a3r2
0.5B,wordcon,wordcon-0049,test,single,1,0.0,77.0,
0.5B,wordcon,wordcon-0049,test,prog,4,1.0,302.5,prog_k4
0.5B,wordcon,wordcon-0049,test,oracle,4,1.0,302.5,oracle_k4
0.5B,wordcon,wordcon-0049,test,judge,4,0.0,460.5,judge_k4
0.5B,wordcon,wordcon-0049,test,prog,8,1.0,604.0,prog_k8
0.5B,wordcon,wordcon-0049,test,oracle,8,1.0,604.0,oracle_k8
0.5B,wordcon,wordcon-0049,test,judge,8,0.0,830.0,judge_k8
0.5B,wordcon,wordcon-0049,test,seq,1,0.0,77.0,seq_r1
0.5B,wordcon,wordcon-0049,test,seq,2,0.0,197.0,seq_r2
0.5B,wordcon,wordcon-0049,test,seq,3,0.0,317.0,seq_r3
0.5B,wordcon,wordcon-0049,test,seq,4,0.0,437.0,seq_r4
0.5B,wordcon,wordcon-0049,test,long,2,0.0,107.0,long_m2
0.5B,wordcon,wordcon-0049,test,long,4,0.0,107.0,long_m4
0.5B,wordcon,wordcon-0049,test,debate,6,0.0,638.0,debate_a3r2
0.5B,wordcon,wordcon-0050,test,single,1,0.0,84.0,
0.5B,wordcon,wordcon-0050,test,prog,4,0.0,312.5,prog_k4
0.5B,wordcon,wordcon-0050,test,oracle,4,0.0,312.5,oracle_k4
0.5B,wordcon,wordcon-0050,test,judge,4,0.0,480.5,judge_k4
0.5B,wordcon,wordcon-0050,test,prog,8,1.0,614.0,prog_k8
0.5B,wordcon,wordcon-0050,test,oracle,8,1.0,614.0,oracle_k8
0.5B,wordcon,wordcon-0050,test,judge,8,0.0,840.0,judge_k8
0.5B,wordcon,wordcon-0050,test,seq,1,0.0,84.0,seq_r1
0.5B,wordcon,wordcon-0050,test,seq,2,0.0,217.0,seq_r2
0.5B,wordcon,wordcon-0050,test,seq,3,0.0,350.0,seq_r3
0.5B,wordcon,wordcon-0050,test,seq,4,0.0,483.0,seq_r4
0.5B,wordcon,wordcon-0050,test,long,2,0.0,116.0,long_m2
0.5B,wordcon,wordcon-0050,test,long,4,0.0,116.0,long_m4
0.5B,wordcon,wordcon-0050,test,debate,6,1.0,644.0,debate_a3r2
0.5B,wordcon,wordcon-0051,test,single,1,0.0,80.0,
0.5B,wordcon,wordcon-0051,test,prog,4,0.5,318.0,prog_k4
0.5B,wordcon,wordcon-0051,test,oracle,4,0.5,318.0,oracle_k4
0.5B,wordcon,wordcon-0051,test,judge,4,0.0,495.0,judge_k4
0.5B,wordcon,wordcon-0051,test,prog,8,1.0,628.0,prog_k8
0.5B,wordcon,wordcon-0051,test,oracle,8,1.0,628.0,oracle_k8
0.5B,wordcon,wordcon-0051,test,judge,8,0.0,867.0,judge_k8
0.5B,wordcon,wordcon-0051,test,seq,1,0.0,80.0,seq_r1
0.5B,wordcon,wordcon-0051,test,seq,2,0.0,205.0,seq_r2
0.5B,wordcon,wordcon-0051,test,seq,3,0.0,330.0,seq_r3
0.5B,wordcon,wordcon-0051,test,seq,4,0.0,455.0,seq_r4
0.5B,wordcon,wordcon-0051,test,long,2,0.0,110.0,long_m2
0.5B,wordcon,wordcon-0051,test,long,4,0.0,110.0,long_m4
0.5B,wordcon,wordcon-0051,test,debate,6,1.0,637.0,debate_a3r2
0.5B,wordcon,wordcon-0052,test,single,1,0.0,83.0,
0.5B,wordcon,wordcon-0052,test,prog,4,0.0,325.5,prog_k4
0.5B,wordcon,wordcon-0052,test,oracle,4,0.0,325.5,oracle_k4
0.5B,wordcon,wordcon-0052,test,judge,4,0.0,508.0,judge_k4
0.5B,wordcon,wordcon-0052,test,prog,8,1.0,649.0,prog_k8
0.5B,wordcon,wordcon-0052,test,oracle,8,1.0,649.0,oracle_k8
0.5B,wordcon,wordcon-0052,test,judge,8,0.0,908.0,judge_k8
0.5B,wordcon,wordcon-0052,test,seq,1,0.0,83.0,seq_r1
0.5B,wordcon,wordcon-0052,test,seq,2,0.0,213.0,seq_r2
0.5B,wordcon,wordcon-0052,test,seq,3,0.0,343.0,seq_r3
0.5B,wordcon,wordcon-0052,test,seq,4,0.0,473.0,seq_r4
0.5B,wordcon,wordcon-0052,test,long,2,0.0,123.0,long_m2
0.5B,wordcon,wordcon-0052,test,long,4,0.0,123.0,long_m4
0.5B,wordcon,wordcon-0052,test,debate,6,0.0,687.0,debate_a3r2
0.5B,wordcon,wordcon-0053,test,single,1,0.0,80.0,
0.5B,wordcon,wordcon-0053,test,prog,4,0.0,324.5,prog_k4
0.5B,wordcon,wordcon-0053,test,oracle,4,0.0,324.5,oracle_k4
0.5B,wordcon,wordcon-0053,test,judge,4,0.0,507.0,judge_k4
0.5B,wordcon,wordcon-0053,test,prog,8,0.0,652.0,prog_k8
0.5B,wordcon,wordcon-0053,test,oracle,8,0.0,652.0,oracle_k8
0.5B,wordcon,wordcon-0053,test,judge,8,0.0,918.0,judge_k8
0.5B,wordcon,wordcon-0053,test,seq,1,0.0,80.0,seq_r1
0.5B,wordcon,wordcon-0053,test,seq,2,0.0,205.0,seq_r2
0.5B,wordcon,wordcon-0053,test,seq,3,0.0,330.0,seq_r3
0.5B,wordcon,wordcon-0053,test,seq,4,0.0,455.0,seq_r4
0.5B,wordcon,wordcon-0053,test,long,2,0.0,115.0,long_m2
0.5B,wordcon,wordcon-0053,test,long,4,0.0,115.0,long_m4
0.5B,wordcon,wordcon-0053,test,debate,6,0.0,674.0,debate_a3r2
0.5B,wordcon,wordcon-0054,test,single,1,0.0,79.0,
0.5B,wordcon,wordcon-0054,test,prog,4,0.5,322.0,prog_k4
0.5B,wordcon,wordcon-0054,test,oracle,4,0.5,322.0,oracle_k4
0.5B,wordcon,wordcon-0054,test,judge,4,0.5,493.0,judge_k4
0.5B,wordcon,wordcon-0054,test,prog,8,1.0,641.0,prog_k8
0.5B,wordcon,wordcon-0054,test,oracle,8,1.0,641.0,oracle_k8
0.5B,wordcon,wordcon-0054,test,judge,8,0.0,886.0,judge_k8
0.5B,wordcon,wordcon-0054,test,seq,1,0.0,79.0,seq_r1
0.5B,wordcon,wordcon-0054,test,seq,2,0.0,201.0,seq_r2
0.5B,wordcon,wordcon-0054,test,seq,3,0.0,335.0,seq_r3
0.5B,wordcon,wordcon-0054,test,seq,4,0.0,481.0,seq_r4
0.5B,wordcon,wordcon-0054,test,long,2,0.0,154.0,long_m2
0.5B,wordcon,wordcon-0054,test,long,4,0.0,154.0,long_m4
0.5B,wordcon,wordcon-0054,test,debate,6,0.0,649.0,debate_a3r2
0.5B,wordcon,wordcon-0055,test,single,1,0.0,77.0,
0.5B,wordcon,wordcon-0055,test,prog,4,1.0,314.5,prog_k4
0.5B,wordcon,wordcon-0055,test,oracle,4,1.0,314.5,oracle_k4
0.5B,wordcon,wordcon-0055,test,judge,4,0.5,480.0,judge_k4
0.5B,wordcon,wordcon-0055,test,prog,8,1.0,649.0,prog_k8
0.5B,wordcon,wordcon-0055,test,oracle,8,1.0,649.0,oracle_k8
0.5B,wordcon,wordcon-0055,test,judge,8,0.0,893.0,judge_k8
0.5B,wordcon,wordcon-0055,test,seq,1,0.0,77.0,seq_r1
0.5B,wordcon,wordcon-0055,test,seq,2,0.0,195.0,seq_r2
0.5B,wordcon,wordcon-0055,test,seq,3,0.0,313.0,seq_r3
0.5B,wordcon,wordcon-0055,test,seq,4,0.0,431.0,seq_r4
0.5B,wordcon,wordcon-0055,test,long,2,0.0,132.0,long_m2
0.5B,wordcon,wordcon-0055,test,long,4,0.0,132.0,long_m4
0.5B,wordcon,wordcon-0055,test,debate,6,0.0,653.0,debate_a3r2
0.5B,wordcon,wordcon-0056,test,single,1,0.0,76.0,
0.5B,wordcon,wordcon-0056,test,prog,4,1.0,313.0,prog_k4
0.5B,wordcon,wordcon-0056,test,oracle,4,1.0,313.0,oracle_k4
0.5B,wordcon,wordcon-0056,test,judge,4,0.0,479.5,judge_k4
0.5B,wordcon,wordcon-0056,test,prog,8,1.0,625.0,prog_k8
0.5B,wordcon,wordcon-0056,test,oracle,8,1.0,625.0,oracle_k8
0.5B,wordcon,wordcon-0056,test,judge,8,0.0,859.0,judge_k8
0.5B,wordcon,wordcon-0056,test,seq,1,0.0,76.0,seq_r1
0.5B,wordcon,wordcon-0056,test,seq,2,0.0,192.0,seq_r2
0.5B,wordcon,wordcon-0056,test,seq,3,0.0,308.0,seq_r3
0.5B,wordcon,wordcon-0056,test,seq,4,0.0,424.0,seq_r4
0.5B,wordcon,wordcon-0056,test,long,2,0.0,116.0,long_m2
0.5B,wordcon,wordcon-0056,test,long,4,0.0,116.0,long_m4
0.5B,wordcon,wordcon-0056,test,debate,6,0.0,639.0,debate_a3r2
0.5B,wordcon,wordcon-0057,test,single,1,0.0,76.0,
0.5B,wordcon,wordcon-0057,test,prog,4,1.0,305.5,prog_k4
0.5B,wordcon,wordcon-0057,test,oracle,4,1.0,305.5,oracle_k4
0.5B,wordcon,wordcon-0057,test,judge,4,1.0,469.5,judge_k4
0.5B,wordcon,wordcon-0057,test,prog,8,1.0,608.0,prog_k8
0.5B,wordcon,wordcon-0057,test,oracle,8,1.0,608.0,oracle_k8
0.5B,wordcon,wordcon-0057,test,judge,8,0.0,838.0,judge_k8
0.5B,wordcon,wordcon-0057,test,seq,1,0.0,76.0,seq_r1
0.5B,wordcon,wordcon-0057,test,seq,2,0.0,206.0,seq_r2
0.5B,wordcon,wordcon-0057,test,seq,3,0.0,348.0,seq_r3
0.5B,wordcon,wordcon-0057,test,seq,4,0.0,471.0,seq_r4
0.5B,wordcon,wordcon-0057,test,long,2,1.0,107.0,long_m2
0.5B,wordcon,wordcon-0057,test,long,4,1.0,107.0,long_m4
0.5B,wordcon,wordcon-0057,test,debate,6,1.0,610.0,debate_a3r2
0.5B,wordcon,wordcon-0058,test,single,1,0.0,75.0,
0.5B,wordcon,wordcon-0058,test,prog,4,0.0,312.5,prog_k4
0.5B,wordcon,wordcon-0058,test,oracle,4,0.0,312.5,oracle_k4
0.5B,wordcon,wordcon-0058,test,judge,4,0.0,479.0,judge_k4
0.5B,wordcon,wordcon-0058,test,prog,8,0.0,630.0,prog_k8
0.5B,wordcon,wordcon-0058,test,oracle,8,0.0,630.0,oracle_k8
0.5B,wordcon,wordcon-0058,test,judge,8,0.0,864.0,judge_k8
0.5B,wordcon,wordcon-0058,test,seq,1,0.0,75.0,seq_r1
0.5B,wordcon,wordcon-0058,test,seq,2,0.0,189.0,seq_r2
0.5B,wordcon,wordcon-0058,test,seq,3,0.0,303.0,seq_r3
0.5B,wordcon,wordcon-0058,test,seq,4,0.0,417.0,seq_r4
0.5B,wordcon,wordcon-0058,test,long,2,0.0,126.0,long_m2
0.5B,wordcon,wordcon-0058,test,long,4,0.0,126.0,long_m4
0.5B,wordcon,wordcon-0058,test,debate,6,0.0,616.0,debate_a3r2
0.5B,wordcon,wordcon-0059,test,single,1,0.0,76.0,
0.5B,wordcon,wordcon-0059,test,prog,4,1.0,313.0,prog_k4
0.5B,wordcon,wordcon-0059,test,oracle,4,1.0,313.0,oracle_k4
0.5B,wordcon,wordcon-0059,test,judge,4,0.0,479.5,judge_k4
0.5B,wordcon,wordcon-0059,test,prog,8,1.0,625.0,prog_k8
0.5B,wordcon,wordcon-0059,test,oracle,8,1.0,625.0,oracle_k8
0.5B,wordcon,wordcon-0059,test,judge,8,0.0,852.0,judge_k8
0.5B,wordcon,wordcon-0059,test,seq,1,0.0,76.0,seq_r1
0.5B,wordcon,wordcon-0059,test,seq,2,0.0,192.0,seq_r2
0.5B,wordcon,wordcon-0059,test,seq,3,0.0,308.0,seq_r3
0.5B,wordcon,wordcon-0059,test,seq,4,0.0,424.0,seq_r4
0.5B,wordcon,wordcon-0059,test,long,2,0.0,116.0,long_m2
0.5B,wordcon,wordcon-0059,test,long,4,0.0,116.0,long_m4
0.5B,wordcon,wordcon-0059,test,debate,6,0.0,639.0,debate_a3r2
0.5B,wordcon,wordcon-0060,test,single,1,0.0,72.0,
0.5B,wordcon,wordcon-0060,test,prog,4,0.0,311.5,prog_k4
0.5B,wordcon,wordcon-0060,test,oracle,4,0.0,311.5,oracle_k4
0.5B,wordcon,wordcon-0060,test,judge,4,0.0,485.0,judge_k4
0.5B,wordcon,wordcon-0060,test,prog,8,0.0,622.0,prog_k8
0.5B,wordcon,wordcon-0060,test,oracle,8,0.0,622.0,oracle_k8
0.5B,wordcon,wordcon-0060,test,judge,8,0.0,865.0,judge_k8
0.5B,wordcon,wordcon-0060,test,seq,1,0.0,72.0,seq_r1
0.5B,wordcon,wordcon-0060,test,seq,2,0.0,182.0,seq_r2
0.5B,wordcon,wordcon-0060,test,seq,3,0.0,292.0,seq_r3
0.5B,wordcon,wordcon-0060,test,seq,4,0.0,402.0,seq_r4
0.5B,wordcon,wordcon-0060,test,long,2,0.0,112.0,long_m2
0.5B,wordcon,wordcon-0060,test,long,4,0.0,112.0,long_m4
0.5B,wordcon,wordcon-0060,test,debate,6,0.0,606.0,debate_a3r2
0.5B,wordcon,wordcon-0061,test,single,1,0.0,80.0,
0.5B,wordcon,wordcon-0061,test,prog,4,0.0,317.0,prog_k4
0.5B,wordcon,wordcon-0061,test,oracle,4,0.0,317.0,oracle_k4
0.5B,wordcon,wordcon-0061,test,judge,4,0.0,489.0,judge_k4
0.5B,wordcon,wordcon-0061,test,prog,8,0.0,640.0,prog_k8
0.5B,wordcon,wordcon-0061,test,oracle,8,0.0,640.0,oracle_k8
0.5B,wordcon,wordcon-0061,test,judge,8,0.0,894.0,judge_k8
0.5B,wordcon,wordcon-0061,test,seq,1,0.0,80.0,seq_r1
0.5B,wordcon,wordcon-0061,test,seq,2,0.0,204.0,seq_r2
0.5B,wordcon,wordcon-0061,test,seq,3,0.0,328.0,seq_r3
0.5B,wordcon,wordcon-0061,test,seq,4,0.0,452.0,seq_r4
0.5B,wordcon,wordcon-0061,test,long,2,0.0,113.0,long_m2
0.5B,wordcon,wordcon-0061,test,long,4,0.0,113.0,long_m4
0.5B,wordcon,wordcon-0061,test,debate,6,0.0,636.0,debate_a3r2
0.5B,wordcon,wordcon-0062,test,single,1,0.0,76.0,
0.5B,wordcon,wordcon-0062,test,prog,4,1.0,302.0,prog_k4
0.5B,wordcon,wordcon-0062,test,oracle,4,1.0,302.0,oracle_k4
0.5B,wordcon,wordcon-0062,test,judge,4,0.5,455.0,judge_k4
0.5B,wordcon,wordcon-0062,test,prog,8,1.0,607.0,prog_k8
0.5B,wordcon,wordcon-0062,test,oracle,8,1.0,607.0,oracle_k8
0.5B,wordcon,wordcon-0062,test,judge,8,0.0,815.0,judge_k8
0.5B,wordcon,wordcon-0062,test,seq,1,0.0,76.0,seq_r1
0.5B,wordcon,wordcon-0062,test,seq,2,0.0,192.0,seq_r2
0.5B,wordcon,wordcon-0062,test,seq,3,0.0,308.0,seq_r3
0.5B,wordcon,wordcon-0062,test,seq,4,0.0,424.0,seq_r4
0.5B,wordcon,wordcon-0062,test,long,2,0.0,109.0,long_m2
0.5B,wordcon,wordcon-0062,test,long,4,0.0,109.0,long_m4
0.5B,wordcon,wordcon-0062,test,debate,6,1.0,602.0,debate_a3r2
0.5B,wordcon,wordcon-0063,test,single,1,0.0,80.0,
0.5B,wordcon,wordcon-0063,test,prog,4,0.0,317.0,prog_k4
0.5B,wordcon,wordcon-0063,test,oracle,4,0.0,317.0,oracle_k4
0.5B,wordcon,wordcon-0063,test,judge,4,0.0,483.5,judge_k4
0.5B,wordcon,wordcon-0063,test,prog,8,0.0,640.0,prog_k8
0.5B,wordcon,wordcon-0063,test,oracle,8,0.0,640.0,oracle_k8
0.5B,wordcon,wordcon-0063,test,judge,8,0.0,893.0,judge_k8
0.5B,wordcon,wordcon-0063,test,seq,1,0.0,80.0,seq_r1
0.5B,wordcon,wordcon-0063,test,seq,2,0.0,204.0,seq_r2
0.5B,wordcon,wordcon-0063,test,seq,3,0.0,328.0,seq_r3
0.5B,wordcon,wordcon-0063,test,seq,4,0.0,452.0,seq_r4
0.5B,wordcon,wordcon-0063,test,long,2,0.0,113.0,long_m2
0.5B,wordcon,wordcon-0063,test,long,4,0.0,113.0,long_m4
0.5B,wordcon,wordcon-0063,test,debate,6,0.0,636.0,debate_a3r2
0.5B,wordcon,wordcon-0064,test,single,1,0.0,80.0,
0.5B,wordcon,wordcon-0064,test,prog,4,0.0,317.0,prog_k4
0.5B,wordcon,wordcon-0064,test,oracle,4,0.0,317.0,oracle_k4
0.5B,wordcon,wordcon-0064,test,judge,4,0.0,485.0,judge_k4
0.5B,wordcon,wordcon-0064,test,prog,8,0.0,640.0,prog_k8
0.5B,wordcon,wordcon-0064,test,oracle,8,0.0,640.0,oracle_k8
0.5B,wordcon,wordcon-0064,test,judge,8,0.0,893.0,judge_k8
0.5B,wordcon,wordcon-0064,test,seq,1,0.0,80.0,seq_r1
0.5B,wordcon,wordcon-0064,test,seq,2,0.0,204.0,seq_r2
0.5B,wordcon,wordcon-0064,test,seq,3,0.0,328.0,seq_r3
0.5B,wordcon,wordcon-0064,test,seq,4,0.0,452.0,seq_r4
0.5B,wordcon,wordcon-0064,test,long,2,0.0,113.0,long_m2
0.5B,wordcon,wordcon-0064,test,long,4,0.0,113.0,long_m4
0.5B,wordcon,wordcon-0064,test,debate,6,0.0,636.0,debate_a3r2
0.5B,wordcon,wordcon-0065,test,single,1,0.0,84.0,
0.5B,wordcon,wordcon-0065,test,prog,4,0.0,312.5,prog_k4
0.5B,wordcon,wordcon-0065,test,oracle,4,0.0,312.5,oracle_k4
0.5B,wordcon,wordcon-0065,test,judge,4,0.0,480.5,judge_k4
0.5B,wordcon,wordcon-0065,test,prog,8,1.0,614.0,prog_k8
0.5B,wordcon,wordcon-0065,test,oracle,8,1.0,614.0,oracle_k8
0.5B,wordcon,wordcon-0065,test,judge,8,0.0,847.0,judge_k8
0.5B,wordcon,wordcon-0065,test,seq,1,0.0,84.0,seq_r1
0.5B,wordcon,wordcon-0065,test,seq,2,0.0,217.0,seq_r2
0.5B,wordcon,wordcon-0065,test,seq,3,0.0,350.0,seq_r3
0.5B,wordcon,wordcon-0065,test,seq,4,0.0,483.0,seq_r4
0.5B,wordcon,wordcon-0065,test,long,2,0.0,116.0,long_m2
0.5B,wordcon,wordcon-0065,test,long,4,0.0,116.0,long_m4
0.5B,wordcon,wordcon-0065,test,debate,6,1.0,644.0,debate_a3r2
0.5B,wordcon,wordcon-0066,test,single,1,0.0,81.0,
0.5B,wordcon,wordcon-0066,test,prog,4,0.0,312.5,prog_k4
0.5B,wordcon,wordcon-0066,test,oracle,4,0.0,312.5,oracle_k4
0.5B,wordcon,wordcon-0066,test,judge,4,0.0,485.0,judge_k4
0.5B,wordcon,wordcon-0066,test,prog,8,0.0,626.0,prog_k8
0.5B,wordcon,wordcon-0066,test,oracle,8,0.0,626.0,oracle_k8
0.5B,wordcon,wordcon-0066,test,judge,8,0.0,868.0,judge_k8
0.5B,wordcon,wordcon-0066,test,seq,1,0.0,81.0,seq_r1
0.5B,wordcon,wordcon-0066,test,seq,2,0.0,208.0,seq_r2
0.5B,wordcon,wordcon-0066,test,seq,3,0.0,335.0,seq_r3
0.5B,wordcon,wordcon-0066,test,seq,4,0.0,462.0,seq_r4
0.5B,wordcon,wordcon-0066,test,long,2,0.0,113.0,long_m2
0.5B,wordcon,wordcon-0066,test,long,4,0.0,113.0,long_m4
0.5B,wordcon,wordcon-0066,test,debate,6,0.0,650.0,debate_a3r2
0.5B,wordcon,wordcon-0067,test,single,1,0.0,77.0,
0.5B,wordcon,wordcon-0067,test,prog,4,0.0,311.5,prog_k4
0.5B,wordcon,wordcon-0067,test,oracle,4,0.0,311.5,oracle_k4
0.5B,wordcon,wordcon-0067,test,judge,4,0.0,486.0,judge_k4
0.5B,wordcon,wordcon-0067,test,prog,8,1.0,626.0,prog_k8
0.5B,wordcon,wordcon-0067,test,oracle,8,1.0,626.0,oracle_k8
0.5B,wordcon,wordcon-0067,test,judge,8,0.0,880.0,judge_k8
0.5B,wordcon,wordcon-0067,test,seq,1,0.0,77.0,seq_r1
0.5B,wordcon,wordcon-0067,test,seq,2,0.0,197.0,seq_r2
0.5B,wordcon,wordcon-0067,test,seq,3,0.0,317.0,seq_r3
0.5B,wordcon,wordcon-0067,test,seq,4,0.0,437.0,seq_r4
0.5B,wordcon,wordcon-0067,test,long,2,0.0,110.0,long_m2
0.5B,wordcon,wordcon-0067,test,long,4,0.0,110.0,long_m4
0.5B,wordcon,wordcon-0067,test,debate,6,1.0,613.0,debate_a3r2
0.5B,wordcon,wordcon-0068,test,single,1,0.0,74.0,
0.5B,wordcon,wordcon-0068,test,prog,4,0.0,322.5,prog_k4
0.5B,wordcon,wordcon-0068,test,oracle,4,0.0,322.5,oracle_k4
0.5B,wordcon,wordcon-0068,test,judge,4,0.0,501.0,judge_k4
0.5B,wordcon,wordcon-0068,test,prog,8,1.0,640.0,prog_k8
0.5B,wordcon,wordcon-0068,test,oracle,8,1.0,640.0,oracle_k8
0.5B,wordcon,wordcon-0068,test,judge,8,0.0,884.0,judge_k8
0.5B,wordcon,wordcon-0068,test,seq,1,0.0,74.0,seq_r1
0.5B,wordcon,wordcon-0068,test,seq,2,0.0,186.0,seq_r2
0.5B,wordcon,wordcon-0068,test,seq,3,0.0,298.0,seq_r3
0.5B,wordcon,wordcon-0068,test,seq,4,0.0,410.0,seq_r4
0.5B,wordcon,wordcon-0068,test,long,2,0.0,115.0,long_m2
0.5B,wordcon,wordcon-0068,test,long,4,0.0,115.0,long_m4
0.5B,wordcon,wordcon-0068,test,debate,6,1.0,642.0,debate_a3r2
0.5B,wordcon,wordcon-0069,test,single,1,0.0,79.0,
0.5B,wordcon,wordcon-0069,test,prog,4,0.0,322.0,prog_k4
0.5B,wordcon,wordcon-0069,test,oracle,4,0.0,322.0,oracle_k4
0.5B,wordcon,wordcon-0069,test,judge,4,0.0,498.0,judge_k4
0.5B,wordcon,wordcon-0069,test,prog,8,0.0,638.0,prog_k8
0.5B,wordcon,wordcon-0069,test,oracle,8,0.0,638.0,oracle_k8
0.5B,wordcon,wordcon-0069,test,judge,8,0.0,885.0,judge_k8
0.5B,wordcon,wordcon-0069,test,seq,1,0.0,79.0,seq_r1
0.5B,wordcon,wordcon-0069,test,seq,2,0.0,201.0,seq_r2
0.5B,wordcon,wordcon-0069,test,seq,3,0.0,323.0,seq_r3
0.5B,wordcon,wordcon-0069,test,seq,4,0.0,445.0,seq_r4
0.5B,wordcon,wordcon-0069,test,long,2,0.0,117.0,long_m2
0.5B,wordcon,wordcon-0069,test,long,4,0.0,117.0,long_m4
0.5B,wordcon,wordcon-0069,test,debate,6,0.0,653.0,debate_a3r2
0.5B,wordcon,wordcon-0070,test,single,1,0.0,77.0,
0.5B,wordcon,wordcon-0070,test,prog,4,1.0,302.5,prog_k4
0.5B,wordcon,wordcon-0070,test,oracle,4,1.0,302.5,oracle_k4
0.5B,wordcon,wordcon-0070,test,judge,4,0.0,463.5,judge_k4
0.5B,wordcon,wordcon-0070,test,prog,8,1.0,604.0,prog_k8
0.5B,wordcon,wordcon-0070,test,oracle,8,1.0,604.0,oracle_k8
0.5B,wordcon,wordcon-0070,test,judge,8,0.0,825.0,judge_k8
0.5B,wordcon,wordcon-0070,test,seq,1,0.0,77.0,seq_r1
0.5B,wordcon,wordcon-0070,test,seq,2,0.0,197.0,seq_r2
0.5B,wordcon,wordcon-0070,test,seq,3,0.0,317.0,seq_r3
0.5B,wordcon,wordcon-0070,test,seq,4,0.0,437.0,seq_r4
0.5B,wordcon,wordcon-0070,test,long,2,0.0,107.0,long_m2
0.5B,wordcon,wordcon-0070,test,long,4,0.0,107.0,long_m4
0.5B,wordcon,wordcon-0070,test,debate,6,0.0,638.0,debate_a3r2
0.5B,wordcon,wordcon-0071,test,single,1,0.0,76.0,
0.5B,wordcon,wordcon-0071,test,prog,4,0.5,304.5,prog_k4
0.5B,wordcon,wordcon-0071,test,oracle,4,0.5,304.5,oracle_k4
0.5B,wordcon,wordcon-0071,test,judge,4,0.0,464.5,judge_k4
0.5B,wordcon,wordcon-0071,test,prog,8,1.0,619.0,prog_k8
0.5B,wordcon,wordcon-0071,test,oracle,8,1.0,619.0,oracle_k8
0.5B,wordcon,wordcon-0071,test,judge,8,0.0,850.0,judge_k8
0.5B,wordcon,wordcon-0071,test,seq,1,0.0,76.0,seq_r1
0.5B,wordcon,wordcon-0071,test,seq,2,0.0,193.0,seq_r2
0.5B,wordcon,wordcon-0071,test,seq,3,0.0,310.0,seq_r3
0.5B,wordcon,wordcon-0071,test,seq,4,0.0,427.0,seq_r4
0.5B,wordcon,wordcon-0071,test,long,2,0.0,108.0,long_m2
0.5B,wordcon,wordcon-0071,test,long,4,0.0,108.0,long_m4
0.5B,wordcon,wordcon-0071,test,debate,6,0.0,651.0,debate_a3r2
0.5B,wordcon,wordcon-0072,test,single,1,0.0,76.0,
0.5B,wordcon,wordcon-0072,test,prog,4,0.5,304.5,prog_k4
0.5B,wordcon,wordcon-0072,test,oracle,4,0.5,304.5,oracle_k4
0.5B,wordcon,wordcon-0072,test,judge,4,0.0,464.5,judge_k4
0.5B,wordcon,wordcon-0072,test,prog,8,1.0,619.0,prog_k8
0.5B,wordcon,wordcon-0072,test,oracle,8,1.0,619.0,oracle_k8
0.5B,wordcon,wordcon-0072,test,judge,8,0.0,850.0,judge_k8
0.5B,wordcon,wordcon-0072,test,seq,1,0.0,76.0,seq_r1
0.5B,wordcon,wordcon-0072,test,seq,2,0.0,193.0,seq_r2
0.5B,wordcon,wordcon-0072,test,seq,3,0.0,310.0,seq_r3
0.5B,wordcon,wordcon-0072,test,seq,4,0.0,427.0,seq_r4
0.5B,wordcon,wordcon-0072,test,long,2,0.0,108.0,long_m2
0.5B,wordcon,wordcon-0072,test,long,4,0.0,108.0,long_m4
0.5B,wordcon,wordcon-0072,test,debate,6,0.0,651.0,debate_a3r2
0.5B,wordcon,wordcon-0073,test,single,1,0.0,86.0,
0.5B,wordcon,wordcon-0073,test,prog,4,0.0,325.0,prog_k4
0.5B,wordcon,wordcon-0073,test,oracle,4,0.0,325.0,oracle_k4
0.5B,wordcon,wordcon-0073,test,judge,4,0.0,510.0,judge_k4
0.5B,wordcon,wordcon-0073,test,prog,8,0.0,658.0,prog_k8
0.5B,wordcon,wordcon-0073,test,oracle,8,0.0,658.0,oracle_k8
0.5B,wordcon,wordcon-0073,test,judge,8,0.0,937.0,judge_k8
0.5B,wordcon,wordcon-0073,test,seq,1,0.0,86.0,seq_r1
0.5B,wordcon,wordcon-0073,test,seq,2,0.0,223.0,seq_r2
0.5B,wordcon,wordcon-0073,test,seq,3,0.0,360.0,seq_r3
0.5B,wordcon,wordcon-0073,test,seq,4,0.0,497.0,seq_r4
0.5B,wordcon,wordcon-0073,test,long,2,0.0,111.0,long_m2
0.5B,wordcon,wordcon-0073,test,long,4,0.0,111.0,long_m4
0.5B,wordcon,wordcon-0073,test,debate,6,0.0,687.0,debate_a3r2
0.5B,wordcon,wordcon-0074,test,single,1,0.0,79.0,
0.5B,wordcon,wordcon-0074,test,prog,4,0.0,322.0,prog_k4
0.5B,wordcon,wordcon-0074,test,oracle,4,0.0,322.0,oracle_k4
0.5B,wordcon,wordcon-0074,test,judge,4,0.0,500.0,judge_k4
0.5B,wordcon,wordcon-0074,test,prog,8,0.0,638.0,prog_k8
0.5B,wordcon,wordcon-0074,test,oracle,8,0.0,638.0,oracle_k8
0.5B,wordcon,wordcon-0074,test,judge,8,0.0,882.0,judge_k8
0.5B,wordcon,wordcon-0074,test,seq,1,0.0,79.0,seq_r1
0.5B,wordcon,wordcon-0074,test,seq,2,0.0,201.0,seq_r2
0.5B,wordcon,wordcon-0074,test,seq,3,0.0,323.0,seq_r3
0.5B,wordcon,wordcon-0074,test,seq,4,0.0,445.0,seq_r4
0.5B,wordcon,wordcon-0074,test,long,2,0.0,117.0,long_m2
0.5B,wordcon,wordcon-0074,test,long,4,0.0,117.0,long_m4
0.5B,wordcon,wordcon-0074,test,debate,6,0.0,653.0,debate_a3r2
0.5B,wordcon,wordcon-0075,test,single,1,0.0,80.0,
0.5B,wordcon,wordcon-0075,test,prog,4,0.0,332.5,prog_k4
0.5B,wordcon,wordcon-0075,test,oracle,4,0.0,332.5,oracle_k4
0.5B,wordcon,wordcon-0075,test,judge,4,0.0,526.0,judge_k4
0.5B,wordcon,wordcon-0075,test,prog,8,0.0,685.0,prog_k8
0.5B,wordcon,wordcon-0075,test,oracle,8,0.0,685.0,oracle_k8
0.5B,wordcon,wordcon-0075,test,judge,8,0.0,989.0,judge_k8
0.5B,wordcon,wordcon-0075,test,seq,1,0.0,80.0,seq_r1
0.5B,wordcon,wordcon-0075,test,seq,2,0.0,204.0,seq_r2
0.5B,wordcon,wordcon-0075,test,seq,3,0.0,328.0,seq_r3
0.5B,wordcon,wordcon-0075,test,seq,4,0.0,452.0,seq_r4
0.5B,wordcon,wordcon-0075,test,long,2,0.0,119.0,long_m2
0.5B,wordcon,wordcon-0075,test,long,4,0.0,119.0,long_m4
0.5B,wordcon,wordcon-0075,test,debate,6,0.0,719.0,debate_a3r2
0.5B,wordcon,wordcon-0076,test,single,1,0.0,76.0,
0.5B,wordcon,wordcon-0076,test,prog,4,1.0,302.0,prog_k4
0.5B,wordcon,wordcon-0076,test,oracle,4,1.0,302.0,oracle_k4
0.5B,wordcon,wordcon-0076,test,judge,4,0.5,455.0,judge_k4
0.5B,wordcon,wordcon-0076,test,prog,8,1.0,607.0,prog_k8
0.5B,wordcon,wordcon-0076,test,oracle,8,1.0,607.0,oracle_k8
0.5B,wordcon,wordcon-0076,test,judge,8,0.0,817.0,judge_k8
0.5B,wordcon,wordcon-0076,test,seq,1,0.0,76.0,seq_r1
0.5B,wordcon,wordcon-0076,test,seq,2,0.0,192.0,seq_r2
0.5B,wordcon,wordcon-0076,test,seq,3,0.0,308.0,seq_r3
0.5B,wordcon,wordcon-0076,test,seq,4,0.0,424.0,seq_r4
0.5B,wordcon,wordcon-0076,test,long,2,0.0,109.0,long_m2
0.5B,wordcon,wordcon-0076,test,long,4,0.0,109.0,long_m4
0.5B,wordcon,wordcon-0076,test,debate,6,1.0,602.0,debate_a3r2
0.5B,wordcon,wordcon-0077,test,single,1,0.0,89.0,
0.5B,wordcon,wordcon-0077,test,prog,4,0.0,334.0,prog_k4
0.5B,wordcon,wordcon-0077,test,oracle,4,0.0,334.0,oracle_k4
0.5B,wordcon,wordcon-0077,test,judge,4,0.0,532.0,judge_k4
0.5B,wordcon,wordcon-0077,test,prog,8,0.0,669.0,prog_k8
0.5B,wordcon,wordcon-0077,test,oracle,8,0.0,669.0,oracle_k8
0.5B,wordcon,wordcon-0077,test,judge,8,0.0,954.0,judge_k8
0.5B,wordcon,wordcon-0077,test,seq,1,0.0,89.0,seq_r1
0.5B,wordcon,wordcon-0077,test,seq,2,0.0,231.0,seq_r2
0.5B,wordcon,wordcon-0077,test,seq,3,0.0,373.0,seq_r3
0.5B,wordcon,wordcon-0077,test,seq,4,0.0,515.0,seq_r4
0.5B,wordcon,wordcon-0077,test,long,2,0.0,119.0,long_m2
0.5B,wordcon,wordcon-0077,test,long,4,0.0,119.0,long_m4
0.5B,wordcon,wordcon-0077,test,debate,6,0.0,738.0,debate_a3r2
0.5B,wordcon,wordcon-0078,test,single,1,0.0,76.0,
0.5B,wordcon,wordcon-0078,test,prog,4,1.0,313.0,prog_k4
0.5B,wordcon,wordcon-0078,test,oracle,4,1.0,313.0,oracle_k4
0.5B,wordcon,wordcon-0078,test,judge,4,0.0,479.5,judge_k4
0.5B,wordcon,wordcon-0078,test,prog,8,1.0,625.0,prog_k8
0.5B,wordcon,wordcon-0078,test,oracle,8,1.0,625.0,oracle_k8
0.5B,wordcon,wordcon-0078,test,judge,8,0.0,852.0,judge_k8
0.5B,wordcon,wordcon-0078,test,seq,1,0.0,76.0,seq_r1
0.5B,wordcon,wordcon-0078,test,seq,2,0.0,192.0,seq_r2
0.5B,wordcon,wordcon-0078,test,seq,3,0.0,308.0,seq_r3
0.5B,wordcon,wordcon-0078,test,seq,4,0.0,424.0,seq_r4
0.5B,wordcon,wordcon-0078,test,long,2,0.0,116.0,long_m2
0.5B,wordcon,wordcon-0078,test,long,4,0.0,116.0,long_m4
0.5B,wordcon,wordcon-0078,test,debate,6,0.0,639.0,debate_a3r2
0.5B,wordcon,wordcon-0079,test,single,1,0.0,76.0,
0.5B,wordcon,wordcon-0079,test,prog,4,0.0,314.0,prog_k4
0.5B,wordcon,wordcon-0079,test,oracle,4,0.0,314.0,oracle_k4
0.5B,wordcon,wordcon-0079,test,judge,4,0.0,485.0,judge_k4
0.5B,wordcon,wordcon-0079,test,prog,8,0.0,624.0,prog_k8
0.5B,wordcon,wordcon-0079,test,oracle,8,0.0,624.0,oracle_k8
0.5B,wordcon,wordcon-0079,test,judge,8,0.0,862.0,judge_k8
0.5B,wordcon,wordcon-0079,test,seq,1,0.0,76.0,seq_r1
0.5B,wordcon,wordcon-0079,test,seq,2,0.0,193.0,seq_r2
0.5B,wordcon,wordcon-0079,test,seq,3,0.0,310.0,seq_r3
0.5B,wordcon,wordcon-0079,test,seq,4,0.0,427.0,seq_r4
0.5B,wordcon,wordcon-0079,test,long,2,0.0,119.0,long_m2
0.5B,wordcon,wordcon-0079,test,long,4,0.0,119.0,long_m4
0.5B,wordcon,wordcon-0079,test,debate,6,0.0,623.0,debate_a3r2
0.5B,wordcon,wordcon-0080,test,single,1,0.0,77.0,
0.5B,wordcon,wordcon-0080,test,prog,4,0.0,311.5,prog_k4
0.5B,wordcon,wordcon-0080,test,oracle,4,0.0,311.5,oracle_k4
0.5B,wordcon,wordcon-0080,test,judge,4,0.0,486.0,judge_k4
0.5B,wordcon,wordcon-0080,test,prog,8,1.0,626.0,prog_k8
0.5B,wordcon,wordcon-0080,test,oracle,8,1.0,626.0,oracle_k8
0.5B,wordcon,wordcon-0080,test,judge,8,0.0,872.0,judge_k8
0.5B,wordcon,wordcon-0080,test,seq,1,0.0,77.0,seq_r1
0.5B,wordcon,wordcon-0080,test,seq,2,0.0,197.0,seq_r2
0.5B,wordcon,wordcon-0080,test,seq,3,0.0,317.0,seq_r3
0.5B,wordcon,wordcon-0080,test,seq,4,0.0,437.0,seq_r4
0.5B,wordcon,wordcon-0080,test,long,2,0.0,110.0,long_m2
0.5B,wordcon,wordcon-0080,test,long,4,0.0,110.0,long_m4
0.5B,wordcon,wordcon-0080,test,debate,6,1.0,613.0,debate_a3r2
0.5B,wordcon,wordcon-0081,test,single,1,0.0,76.0,
0.5B,wordcon,wordcon-0081,test,prog,4,1.0,302.0,prog_k4
0.5B,wordcon,wordcon-0081,test,oracle,4,1.0,302.0,oracle_k4
0.5B,wordcon,wordcon-0081,test,judge,4,0.5,454.0,judge_k4
0.5B,wordcon,wordcon-0081,test,prog,8,1.0,607.0,prog_k8
0.5B,wordcon,wordcon-0081,test,oracle,8,1.0,607.0,oracle_k8
0.5B,wordcon,wordcon-0081,test,judge,8,0.0,815.0,judge_k8
0.5B,wordcon,wordcon-0081,test,seq,1,0.0,76.0,seq_r1
0.5B,wordcon,wordcon-0081,test,seq,2,0.0,192.0,seq_r2
0.5B,wordcon,wordcon-0081,test,seq,3,0.0,308.0,seq_r3
0.5B,wordcon,wordcon-0081,test,seq,4,0.0,424.0,seq_r4
0.5B,wordcon,wordcon-0081,test,long,2,0.0,109.0,long_m2
0.5B,wordcon,wordcon-0081,test,long,4,0.0,109.0,long_m4
0.5B,wordcon,wordcon-0081,test,debate,6,1.0,602.0,debate_a3r2
0.5B,wordcon,wordcon-0082,test,single,1,0.0,84.0,
0.5B,wordcon,wordcon-0082,test,prog,4,0.0,322.5,prog_k4
0.5B,wordcon,wordcon-0082,test,oracle,4,0.0,322.5,oracle_k4
0.5B,wordcon,wordcon-0082,test,judge,4,0.0,501.0,judge_k4
0.5B,wordcon,wordcon-0082,test,prog,8,0.0,630.0,prog_k8
0.5B,wordcon,wordcon-0082,test,oracle,8,0.0,630.0,oracle_k8
0.5B,wordcon,wordcon-0082,test,judge,8,0.0,865.0,judge_k8
0.5B,wordcon,wordcon-0082,test,seq,1,0.0,84.0,seq_r1
0.5B,wordcon,wordcon-0082,test,seq,2,0.0,216.0,seq_r2
0.5B,wordcon,wordcon-0082,test,seq,3,0.0,348.0,seq_r3
0.5B,wordcon,wordcon-0082,test,seq,4,0.0,480.0,seq_r4
0.5B,wordcon,wordcon-0082,test,long,2,0.0,119.0,long_m2
0.5B,wordcon,wordcon-0082,test,long,4,0.0,119.0,long_m4
0.5B,wordcon,wordcon-0082,test,debate,6,0.0,670.0,debate_a3r2
0.5B,wordcon,wordcon-0083,test,single,1,0.0,76.0,
0.5B,wordcon,wordcon-0083,test,prog,4,0.0,325.5,prog_k4
0.5B,wordcon,wordcon-0083,test,oracle,4,0.0,325.5,oracle_k4
0.5B,wordcon,wordcon-0083,test,judge,4,0.0,504.0,judge_k4
0.5B,wordcon,wordcon-0083,test,prog,8,0.0,648.0,prog_k8
0.5B,wordcon,wordcon-0083,test,oracle,8,0.0,648.0,oracle_k8
0.5B,wordcon,wordcon-0083,test,judge,8,0.0,902.0,judge_k8
0.5B,wordcon,wordcon-0083,test,seq,1,0.0,76.0,seq_r1
0.5B,wordcon,wordcon-0083,test,seq,2,0.0,192.0,seq_r2
0.5B,wordcon,wordcon-0083,test,seq,3,0.0,308.0,seq_r3
0.5B,wordcon,wordcon-0083,test,seq,4,0.0,424.0,seq_r4
0.5B,wordcon,wordcon-0083,test,long,2,0.0,110.0,long_m2
0.5B,wordcon,wordcon-0083,test,long,4,0.0,110.0,long_m4
0.5B,wordcon,wordcon-0083,test,debate,6,0.0,669.0,debate_a3r2
0.5B,wordcon,wordcon-0084,test,single,1,0.0,79.0,
0.5B,wordcon,wordcon-0084,test,prog,4,0.0,320.5,prog_k4
0.5B,wordcon,wordcon-0084,test,oracle,4,0.0,320.5,oracle_k4
0.5B,wordcon,wordcon-0084,test,judge,4,0.0,496.5,judge_k4
0.5B,wordcon,wordcon-0084,test,prog,8,0.0,640.0,prog_k8
0.5B,wordcon,wordcon-0084,test,oracle,8,0.0,640.0,oracle_k8
0.5B,wordcon,wordcon-0084,test,judge,8,0.0,889.0,judge_k8
0.5B,wordcon,wordcon-0084,test,seq,1,0.0,79.0,seq_r1
0.5B,wordcon,wordcon-0084,test,seq,2,0.0,201.0,seq_r2
0.5B,wordcon,wordcon-0084,test,seq,3,0.0,323.0,seq_r3
0.5B,wordcon,wordcon-0084,test,seq,4,0.0,445.0,seq_r4
0.5B,wordcon,wordcon-0084,test,long,2,0.0,115.0,long_m2
0.5B,wordcon,wordcon-0084,test,long,4,0.0,115.0,long_m4
0.5B,wordcon,wordcon-0084,test,debate,6,0.0,670.0,debate_a3r2
0.5B,wordcon,wordcon-0085,test,single,1,1.0,76.0,
0.5B,wordcon,wordcon-0085,test,prog,4,1.0,298.0,prog_k4
0.5B,wordcon,wordcon-0085,test,oracle,4,1.0,298.0,oracle_k4
0.5B,wordcon,wordcon-0085,test,judge,4,0.0,451.0,judge_k4
0.5B,wordcon,wordcon-0085,test,prog,8,1.0,600.0,prog_k8
0.5B,wordcon,wordcon-0085,test,oracle,8,1.0,600.0,oracle_k8
0.5B,wordcon,wordcon-0085,test,judge,8,1.0,808.0,judge_k8
0.5B,wordcon,wordcon-0085,test,seq,1,1.0,76.0,seq_r1
0.5B,wordcon,wordcon-0085,test,seq,2,1.0,193.0,seq_r2
0.5B,wordcon,wordcon-0085,test,seq,3,1.0,310.0,seq_r3
0.5B,wordcon,wordcon-0085,test,seq,4,1.0,427.0,seq_r4
0.5B,wordcon,wordcon-0085,test,long,2,0.0,130.0,long_m2
0.5B,wordcon,wordcon-0085,test,long,4,0.0,130.0,long_m4
0.5B,wordcon,wordcon-0085,test,debate,6,0.0,601.0,debate_a3r2
0.5B,wordcon,wordcon-0086,test,single,1,0.0,76.0,
0.5B,wordcon,wordcon-0086,test,prog,4,0.0,302.5,prog_k4
0.5B,wordcon,wordcon-0086,test,oracle,4,0.0,302.5,oracle_k4
0.5B,wordcon,wordcon-0086,test,judge,4,0.0,460.0,judge_k4
0.5B,wordcon,wordcon-0086,test,prog,8,0.0,602.0,prog_k8
0.5B,wordcon,wordcon-0086,test,oracle,8,0.0,602.0,oracle_k8
0.5B,wordcon,wordcon-0086,test,judge,8,0.0,817.0,judge_k8
0.5B,wordcon,wordcon-0086,test,seq,1,0.0,76.0,seq_r1
0.5B,wordcon,wordcon-0086,test,seq,2,0.0,193.0,seq_r2
0.5B,wordcon,wordcon-0086,test,seq,3,0.0,310.0,seq_r3
0.5B,wordcon,wordcon-0086,test,seq,4,0.0,427.0,seq_r4
0.5B,wordcon,wordcon-0086,test,long,2,0.0,118.0,long_m2
0.5B,wordcon,wordcon-0086,test,long,4,0.0,118.0,long_m4
0.5B,wordcon,wordcon-0086,test,debate,6,0.0,611.0,debate_a3r2
0.5B,wordcon,wordcon-0087,test,single,1,0.0,75.0,
0.5B,wordcon,wordcon-0087,test,prog,4,0.0,312.5,prog_k4
0.5B,wordcon,wordcon-0087,test,oracle,4,0.0,312.5,oracle_k4
0.5B,wordcon,wordcon-0087,test,judge,4,0.0,481.0,judge_k4
0.5B,wordcon,wordcon-0087,test,prog,8,0.0,630.0,prog_k8
0.5B,wordcon,wordcon-0087,test,oracle,8,0.0,630.0,oracle_k8
0.5B,wordcon,wordcon-0087,test,judge,8,0.0,864.0,judge_k8
0.5B,wordcon,wordcon-0087,test,seq,1,0.0,75.0,seq_r1
0.5B,wordcon,wordcon-0087,test,seq,2,0.0,189.0,seq_r2
0.5B,wordcon,wordcon-0087,test,seq,3,0.0,303.0,seq_r3
0.5B,wordcon,wordcon-0087,test,seq,4,0.0,417.0,seq_r4
0.5B,wordcon,wordcon-0087,test,long,2,0.0,126.0,long_m2
0.5B,wordcon,wordcon-0087,test,long,4,0.0,126.0,long_m4
0.5B,wordcon,wordcon-0087,test,debate,6,0.0,616.0,debate_a3r2
0.5B,wordcon,wordcon-0088,test,single,1,0.0,77.0,
0.5B,wordcon,wordcon-0088,test,prog,4,1.0,302.5,prog_k4
0.5B,wordcon,wordcon-0088,test,oracle,4,1.0,302.5,oracle_k4
0.5B,wordcon,wordcon-0088,test,judge,4,0.0,464.5,judge_k4
0.5B,wordcon,wordcon-0088,test,prog,8,1.0,604.0,prog_k8
0.5B,wordcon,wordcon-0088,test,oracle,8,1.0,604.0,oracle_k8
0.5B,wordcon,wordcon-0088,test,judge,8,0.0,825.0,judge_k8
0.5B,wordcon,wordcon-0088,test,seq,1,0.0,77.0,seq_r1
0.5B,wordcon,wordcon-0088,test,seq,2,0.0,197.0,seq_r2
0.5B,wordcon,wordcon-0088,test,seq,3,0.0,317.0,seq_r3
0.5B,wordcon,wordcon-0088,test,seq,4,0.0,437.0,seq_r4
0.5B,wordcon,wordcon-0088,test,long,2,0.0,107.0,long_m2
0.5B,wordcon,wordcon-0088,test,long,4,0.0,107.0,long_m4
0.5B,wordcon,wordcon-0088,test,debate,6,0.0,638.0,debate_a3r2
0.5B,wordcon,wordcon-0089,test,single,1,0.0,77.0,
0.5B,wordcon,wordcon-0089,test,prog,4,1.0,314.5,prog_k4
0.5B,wordcon,wordcon-0089,test,oracle,4,1.0,314.5,oracle_k4
0.5B,wordcon,wordcon-0089,test,judge,4,0.5,485.0,judge_k4
0.5B,wordcon,wordcon-0089,test,prog,8,1.0,649.0,prog_k8
0.5B,wordcon,wordcon-0089,test,oracle,8,1.0,649.0,oracle_k8
0.5B,wordcon,wordcon-0089,test,judge,8,0.0,903.0,judge_k8
0.5B,wordcon,wordcon-0089,test,seq,1,0.0,77.0,seq_r1
0.5B,wordcon,wordcon-0089,test,seq,2,0.0,195.0,seq_r2
0.5B,wordcon,wordcon-0089,test,seq,3,0.0,313.0,seq_r3
0.5B,wordcon,wordcon-0089,test,seq,4,0.0,431.0,seq_r4
0.5B,wordcon,wordcon-0089,test,long,2,0.0,132.0,long_m2
0.5B,wordcon,wordcon-0089,test,long,4,0.0,132.0,long_m4
0.5B,wordcon,wordcon-0089,test,debate,6,0.0,653.0,debate_a3r2
1.5B,arc,arc-0000,calib,single,1,1.0,89.0,
1.5B,arc,arc-0000,calib,vote,4,1.0,364.0,vote_k4
1.5B,arc,arc-0000,calib,oracle,4,1.0,364.0,oracle_k4
1.5B,arc,arc-0000,calib,judge,4,1.0,521.0,judge_k4
1.5B,arc,arc-0000,calib,vote,8,1.0,724.0,vote_k8
1.5B,arc,arc-0000,calib,oracle,8,1.0,724.0,oracle_k8
1.5B,arc,arc-0000,calib,judge,8,1.0,917.0,judge_k8
1.5B,arc,arc-0000,calib,seq,1,1.0,89.0,seq_r1
1.5B,arc,arc-0000,calib,seq,2,0.0,213.0,seq_r2
1.5B,arc,arc-0000,calib,seq,3,0.0,372.0,seq_r3
1.5B,arc,arc-0000,calib,seq,4,0.0,655.0,seq_r4
1.5B,arc,arc-0000,calib,long,2,1.0,335.0,long_m2
1.5B,arc,arc-0000,calib,long,4,1.0,335.0,long_m4
1.5B,arc,arc-0000,calib,debate,6,1.0,666.0,debate_a3r2
1.5B,arc,arc-0001,calib,single,1,1.0,56.0,
1.5B,arc,arc-0001,calib,vote,4,1.0,236.0,vote_k4
1.5B,arc,arc-0001,calib,oracle,4,1.0,236.0,oracle_k4
1.5B,arc,arc-0001,calib,judge,4,1.0,364.0,judge_k4
1.5B,arc,arc-0001,calib,vote,8,1.0,476.0,vote_k8
1.5B,arc,arc-0001,calib,oracle,8,1.0,476.0,oracle_k8
1.5B,arc,arc-0001,calib,judge,8,1.0,652.0,judge_k8
1.5B,arc,arc-0001,calib,seq,1,1.0,56.0,seq_r1
1.5B,arc,arc-0001,calib,seq,2,1.0,155.0,seq_r2
1.5B,arc,arc-0001,calib,seq,3,1.0,263.0,seq_r3
1.5B,arc,arc-0001,calib,seq,4,1.0,424.0,seq_r4
1.5B,arc,arc-0001,calib,long,2,1.0,89.0,long_m2
1.5B,arc,arc-0001,calib,long,4,1.0,89.0,long_m4
1.5B,arc,arc-0001,calib,debate,6,1.0,480.0,debate_a3r2
1.5B,arc,arc-0002,calib,single,1,1.0,79.0,
1.5B,arc,arc-0002,calib,vote,4,1.0,330.0,vote_k4
1.5B,arc,arc-0002,calib,oracle,4,1.0,330.0,oracle_k4
1.5B,arc,arc-0002,calib,judge,4,1.0,480.0,judge_k4
1.5B,arc,arc-0002,calib,vote,8,1.0,663.0,vote_k8
1.5B,arc,arc-0002,calib,oracle,8,1.0,663.0,oracle_k8
1.5B,arc,arc-0002,calib,judge,8,1.0,861.0,judge_k8
1.5B,arc,arc-0002,calib,seq,1,1.0,79.0,seq_r1
1.5B,arc,arc-0002,calib,seq,2,1.0,210.0,seq_r2
1.5B,arc,arc-0002,calib,seq,3,0.0,358.0,seq_r3
1.5B,arc,arc-0002,calib,seq,4,0.0,633.0,seq_r4
1.5B,arc,arc-0002,calib,long,2,1.0,368.0,long_m2
1.5B,arc,arc-0002,calib,long,4,1.0,368.0,long_m4
1.5B,arc,arc-0002,calib,debate,6,1.0,604.0,debate_a3r2
1.5B,arc,arc-0003,calib,single,1,1.0,79.0,
1.5B,arc,arc-0003,calib,vote,4,1.0,361.0,vote_k4
1.5B,arc,arc-0003,calib,oracle,4,1.0,361.0,oracle_k4
1.5B,arc,arc-0003,calib,judge,4,1.0,556.0,judge_k4
1.5B,arc,arc-0003,calib,vote,8,1.0,673.0,vote_k8
1.5B,arc,arc-0003,calib,oracle,8,1.0,673.0,oracle_k8
1.5B,arc,arc-0003,calib,judge,8,1.0,914.0,judge_k8
1.5B,arc,arc-0003,calib,seq,1,1.0,79.0,seq_r1
1.5B,arc,arc-0003,calib,seq,2,1.0,222.0,seq_r2
1.5B,arc,arc-0003,calib,seq,3,1.0,461.0,seq_r3
1.5B,arc,arc-0003,calib,seq,4,1.0,806.0,seq_r4
1.5B,arc,arc-0003,calib,long,2,1.0,299.0,long_m2
1.5B,arc,arc-0003,calib,long,4,1.0,299.0,long_m4
1.5B,arc,arc-0003,calib,debate,6,1.0,719.0,debate_a3r2
1.5B,arc,arc-0004,calib,single,1,0.0,117.0,
1.5B,arc,arc-0004,calib,vote,4,0.0,468.0,vote_k4
1.5B,arc,arc-0004,calib,oracle,4,0.0,468.0,oracle_k4
1.5B,arc,arc-0004,calib,judge,4,0.0,645.0,judge_k4
1.5B,arc,arc-0004,calib,vote,8,0.0,938.0,vote_k8
1.5B,arc,arc-0004,calib,oracle,8,0.0,938.0,oracle_k8
1.5B,arc,arc-0004,calib,judge,8,0.0,1149.0,judge_k8
1.5B,arc,arc-0004,calib,seq,1,0.0,117.0,seq_r1
1.5B,arc,arc-0004,calib,seq,2,0.0,371.0,seq_r2
1.5B,arc,arc-0004,calib,seq,3,0.0,710.0,seq_r3
1.5B,arc,arc-0004,calib,seq,4,0.0,1034.0,seq_r4
1.5B,arc,arc-0004,calib,long,2,0.0,258.0,long_m2
1.5B,arc,arc-0004,calib,long,4,0.0,258.0,long_m4
1.5B,arc,arc-0004,calib,debate,6,0.0,822.0,debate_a3r2
1.5B,arc,arc-0005,calib,single,1,1.0,87.0,
1.5B,arc,arc-0005,calib,vote,4,1.0,349.0,vote_k4
1.5B,arc,arc-0005,calib,oracle,4,1.0,349.0,oracle_k4
1.5B,arc,arc-0005,calib,judge,4,1.0,510.0,judge_k4
1.5B,arc,arc-0005,calib,vote,8,1.0,686.0,vote_k8
1.5B,arc,arc-0005,calib,oracle,8,1.0,686.0,oracle_k8
1.5B,arc,arc-0005,calib,judge,8,1.0,890.0,judge_k8
1.5B,arc,arc-0005,calib,seq,1,1.0,87.0,seq_r1
1.5B,arc,arc-0005,calib,seq,2,1.0,230.0,seq_r2
1.5B,arc,arc-0005,calib,seq,3,1.0,446.0,seq_r3
1.5B,arc,arc-0005,calib,seq,4,1.0,713.0,seq_r4
1.5B,arc,arc-0005,calib,long,2,1.0,114.0,long_m2
1.5B,arc,arc-0005,calib,long,4,1.0,114.0,long_m4
1.5B,arc,arc-0005,calib,debate,6,1.0,635.0,debate_a3r2
1.5B,arc,arc-0006,calib,single,1,1.0,56.0,
1.5B,arc,arc-0006,calib,vote,4,1.0,226.0,vote_k4
1.5B,arc,arc-0006,calib,oracle,4,1.0,226.0,oracle_k4
1.5B,arc,arc-0006,calib,judge,4,1.0,344.0,judge_k4
1.5B,arc,arc-0006,calib,vote,8,1.0,456.0,vote_k8
1.5B,arc,arc-0006,calib,oracle,8,1.0,456.0,oracle_k8
1.5B,arc,arc-0006,calib,judge,8,1.0,612.0,judge_k8
1.5B,arc,arc-0006,calib,seq,1,1.0,56.0,seq_r1
1.5B,arc,arc-0006,calib,seq,2,1.0,192.0,seq_r2
1.5B,arc,arc-0006,calib,seq,3,1.0,396.0,seq_r3
1.5B,arc,arc-0006,calib,seq,4,1.0,679.0,seq_r4
1.5B,arc,arc-0006,calib,long,2,1.0,92.0,long_m2
1.5B,arc,arc-0006,calib,long,4,1.0,92.0,long_m4
1.5B,arc,arc-0006,calib,debate,6,1.0,453.0,debate_a3r2
1.5B,arc,arc-0007,calib,single,1,1.0,107.0,
1.5B,arc,arc-0007,calib,vote,4,1.0,442.0,vote_k4
1.5B,arc,arc-0007,calib,oracle,4,1.0,442.0,oracle_k4
1.5B,arc,arc-0007,calib,judge,4,1.0,621.0,judge_k4
1.5B,arc,arc-0007,calib,vote,8,1.0,926.0,vote_k8
1.5B,arc,arc-0007,calib,oracle,8,1.0,926.0,oracle_k8
1.5B,arc,arc-0007,calib,judge,8,1.0,1190.0,judge_k8
1.5B,arc,arc-0007,calib,seq,1,1.0,107.0,seq_r1
1.5B,arc,arc-0007,calib,seq,2,1.0,281.0,seq_r2
1.5B,arc,arc-0007,calib,seq,3,1.0,489.0,seq_r3
1.5B,arc,arc-0007,calib,seq,4,1.0,700.0,seq_r4
1.5B,arc,arc-0007,calib,long,2,1.0,363.0,long_m2
1.5B,arc,arc-0007,calib,long,4,1.0,363.0,long_m4
1.5B,arc,arc-0007,calib,debate,6,1.0,760.0,debate_a3r2
1.5B,arc,arc-0008,calib,single,1,1.0,103.0,
1.5B,arc,arc-0008,calib,vote,4,1.0,397.0,vote_k4
1.5B,arc,arc-0008,calib,oracle,4,1.0,397.0,oracle_k4
1.5B,arc,arc-0008,calib,judge,4,1.0,571.5,judge_k4
1.5B,arc,arc-0008,calib,vote,8,1.0,794.0,vote_k8
1.5B,arc,arc-0008,calib,oracle,8,1.0,794.0,oracle_k8
1.5B,arc,arc-0008,calib,judge,8,1.0,1023.0,judge_k8
1.5B,arc,arc-0008,calib,seq,1,1.0,103.0,seq_r1
1.5B,arc,arc-0008,calib,seq,2,1.0,274.0,seq_r2
1.5B,arc,arc-0008,calib,seq,3,1.0,538.0,seq_r3
1.5B,arc,arc-0008,calib,seq,4,1.0,863.0,seq_r4
1.5B,arc,arc-0008,calib,long,2,1.0,361.0,long_m2
1.5B,arc,arc-0008,calib,long,4,1.0,361.0,long_m4
1.5B,arc,arc-0008,calib,debate,6,1.0,731.0,debate_a3r2
1.5B,arc,arc-0009,calib,single,1,1.0,86.0,
1.5B,arc,arc-0009,calib,vote,4,1.0,341.0,vote_k4
1.5B,arc,arc-0009,calib,oracle,4,1.0,341.0,oracle_k4
1.5B,arc,arc-0009,calib,judge,4,1.0,508.0,judge_k4
1.5B,arc,arc-0009,calib,vote,8,1.0,680.0,vote_k8
1.5B,arc,arc-0009,calib,oracle,8,1.0,680.0,oracle_k8
1.5B,arc,arc-0009,calib,judge,8,1.0,906.0,judge_k8
1.5B,arc,arc-0009,calib,seq,1,1.0,86.0,seq_r1
1.5B,arc,arc-0009,calib,seq,2,1.0,261.0,seq_r2
1.5B,arc,arc-0009,calib,seq,3,1.0,434.0,seq_r3
1.5B,arc,arc-0009,calib,seq,4,1.0,566.0,seq_r4
1.5B,arc,arc-0009,calib,long,2,1.0,157.0,long_m2
1.5B,arc,arc-0009,calib,long,4,1.0,157.0,long_m4
1.5B,arc,arc-0009,calib,debate,6,1.0,660.0,debate_a3r2
1.5B,arc,arc-0010,calib,single,1,0.0,160.0,
1.5B,arc,arc-0010,calib,vote,4,0.0,478.5,vote_k4
1.5B,arc,arc-0010,calib,oracle,4,0.0,478.5,oracle_k4
1.5B,arc,arc-0010,calib,judge,4,0.0,703.0,judge_k4
1.5B,arc,arc-0010,calib,vote,8,0.0,901.0,vote_k8
1.5B,arc,arc-0010,calib,oracle,8,0.0,901.0,oracle_k8
1.5B,arc,arc-0010,calib,judge,8,0.0,1165.0,judge_k8
1.5B,arc,arc-0010,calib,seq,1,0.0,160.0,seq_r1
1.5B,arc,arc-0010,calib,seq,2,0.0,366.0,seq_r2
1.5B,arc,arc-0010,calib,seq,3,0.0,591.0,seq_r3
1.5B,arc,arc-0010,calib,seq,4,0.0,983.0,seq_r4
1.5B,arc,arc-0010,calib,long,2,0.0,341.0,long_m2
1.5B,arc,arc-0010,calib,long,4,0.0,341.0,long_m4
1.5B,arc,arc-0010,calib,debate,6,0.0,910.0,debate_a3r2
1.5B,arc,arc-0011,calib,single,1,0.0,413.0,
1.5B,arc,arc-0011,calib,vote,4,1.0,893.0,vote_k4
1.5B,arc,arc-0011,calib,oracle,4,1.0,893.0,oracle_k4
1.5B,arc,arc-0011,calib,judge,4,1.0,1352.0,judge_k4
1.5B,arc,arc-0011,calib,vote,8,1.0,1533.0,vote_k8
1.5B,arc,arc-0011,calib,oracle,8,1.0,1533.0,oracle_k8
1.5B,arc,arc-0011,calib,judge,8,1.0,2024.0,judge_k8
1.5B,arc,arc-0011,calib,seq,1,0.0,413.0,seq_r1
1.5B,arc,arc-0011,calib,seq,2,1.0,861.0,seq_r2
1.5B,arc,arc-0011,calib,seq,3,1.0,1127.0,seq_r3
1.5B,arc,arc-0011,calib,seq,4,1.0,1464.0,seq_r4
1.5B,arc,arc-0011,calib,long,2,1.0,702.0,long_m2
1.5B,arc,arc-0011,calib,long,4,1.0,1064.0,long_m4
1.5B,arc,arc-0011,calib,debate,6,1.0,1601.0,debate_a3r2
1.5B,arc,arc-0012,calib,single,1,1.0,85.0,
1.5B,arc,arc-0012,calib,vote,4,1.0,342.5,vote_k4
1.5B,arc,arc-0012,calib,oracle,4,1.0,342.5,oracle_k4
1.5B,arc,arc-0012,calib,judge,4,1.0,490.0,judge_k4
1.5B,arc,arc-0012,calib,vote,8,1.0,685.0,vote_k8
1.5B,arc,arc-0012,calib,oracle,8,1.0,685.0,oracle_k8
1.5B,arc,arc-0012,calib,judge,8,1.0,867.0,judge_k8
1.5B,arc,arc-0012,calib,seq,1,1.0,85.0,seq_r1
1.5B,arc,arc-0012,calib,seq,2,1.0,216.0,seq_r2
1.5B,arc,arc-0012,calib,seq,3,1.0,407.0,seq_r3
1.5B,arc,arc-0012,calib,seq,4,1.0,587.0,seq_r4
1.5B,arc,arc-0012,calib,long,2,0.0,322.0,long_m2
1.5B,arc,arc-0012,calib,long,4,0.0,322.0,long_m4
1.5B,arc,arc-0012,calib,debate,6,0.0,630.0,debate_a3r2
1.5B,arc,arc-0013,calib,single,1,1.0,65.0,
1.5B,arc,arc-0013,calib,vote,4,1.0,264.0,vote_k4
1.5B,arc,arc-0013,calib,oracle,4,1.0,264.0,oracle_k4
1.5B,arc,arc-0013,calib,judge,4,1.0,393.0,judge_k4
1.5B,arc,arc-0013,calib,vote,8,1.0,524.0,vote_k8
1.5B,arc,arc-0013,calib,oracle,8,1.0,524.0,oracle_k8
1.5B,arc,arc-0013,calib,judge,8,1.0,685.0,judge_k8
1.5B,arc,arc-0013,calib,seq,1,1.0,65.0,seq_r1
1.5B,arc,arc-0013,calib,seq,2,1.0,261.0,seq_r2
1.5B,arc,arc-0013,calib,seq,3,1.0,458.0,seq_r3
1.5B,arc,arc-0013,calib,seq,4,1.0,665.0,seq_r4
1.5B,arc,arc-0013,calib,long,2,1.0,274.0,long_m2
1.5B,arc,arc-0013,calib,long,4,1.0,274.0,long_m4
1.5B,arc,arc-0013,calib,debate,6,1.0,522.0,debate_a3r2
1.5B,arc,arc-0014,calib,single,1,1.0,161.0,
1.5B,arc,arc-0014,calib,vote,4,1.0,501.0,vote_k4
1.5B,arc,arc-0014,calib,oracle,4,1.0,501.0,oracle_k4
1.5B,arc,arc-0014,calib,judge,4,1.0,819.0,judge_k4
1.5B,arc,arc-0014,calib,vote,8,1.0,873.0,vote_k8
1.5B,arc,arc-0014,calib,oracle,8,1.0,873.0,oracle_k8
1.5B,arc,arc-0014,calib,judge,8,1.0,1274.0,judge_k8
1.5B,arc,arc-0014,calib,seq,1,1.0,161.0,seq_r1
1.5B,arc,arc-0014,calib,seq,2,1.0,359.0,seq_r2
1.5B,arc,arc-0014,calib,seq,3,0.0,521.0,seq_r3
1.5B,arc,arc-0014,calib,seq,4,0.0,682.0,seq_r4
1.5B,arc,arc-0014,calib,long,2,0.0,246.0,long_m2
1.5B,arc,arc-0014,calib,long,4,0.0,246.0,long_m4
1.5B,arc,arc-0014,calib,debate,6,1.0,983.0,debate_a3r2
1.5B,arc,arc-0015,calib,single,1,1.0,84.0,
1.5B,arc,arc-0015,calib,vote,4,1.0,356.0,vote_k4
1.5B,arc,arc-0015,calib,oracle,4,1.0,356.0,oracle_k4
1.5B,arc,arc-0015,calib,judge,4,1.0,531.5,judge_k4
1.5B,arc,arc-0015,calib,vote,8,1.0,785.0,vote_k8
1.5B,arc,arc-0015,calib,oracle,8,1.0,785.0,oracle_k8
1.5B,arc,arc-0015,calib,judge,8,1.0,1100.0,judge_k8
1.5B,arc,arc-0015,calib,seq,1,1.0,84.0,seq_r1
1.5B,arc,arc-0015,calib,seq,2,1.0,299.0,seq_r2
1.5B,arc,arc-0015,calib,seq,3,0.0,597.0,seq_r3
1.5B,arc,arc-0015,calib,seq,4,0.0,826.0,seq_r4
1.5B,arc,arc-0015,calib,long,2,0.0,315.0,long_m2
1.5B,arc,arc-0015,calib,long,4,0.0,315.0,long_m4
1.5B,arc,arc-0015,calib,debate,6,1.0,829.0,debate_a3r2
1.5B,arc,arc-0016,calib,single,1,0.0,84.0,
1.5B,arc,arc-0016,calib,vote,4,0.0,345.0,vote_k4
1.5B,arc,arc-0016,calib,oracle,4,0.0,345.0,oracle_k4
1.5B,arc,arc-0016,calib,judge,4,0.0,496.0,judge_k4
1.5B,arc,arc-0016,calib,vote,8,0.0,681.0,vote_k8
1.5B,arc,arc-0016,calib,oracle,8,0.0,681.0,oracle_k8
1.5B,arc,arc-0016,calib,judge,8,0.0,864.0,judge_k8
1.5B,arc,arc-0016,calib,seq,1,0.0,84.0,seq_r1
1.5B,arc,arc-0016,calib,seq,2,0.0,216.0,seq_r2
1.5B,arc,arc-0016,calib,seq,3,0.0,368.0,seq_r3
1.5B,arc,arc-0016,calib,seq,4,0.0,626.0,seq_r4
1.5B,arc,arc-0016,calib,long,2,0.0,136.0,long_m2
1.5B,arc,arc-0016,calib,long,4,0.0,136.0,long_m4
1.5B,arc,arc-0016,calib,debate,6,0.0,646.0,debate_a3r2
1.5B,arc,arc-0017,calib,single,1,0.0,70.0,
1.5B,arc,arc-0017,calib,vote,4,0.0,280.0,vote_k4
1.5B,arc,arc-0017,calib,oracle,4,0.5,280.0,oracle_k4
1.5B,arc,arc-0017,calib,judge,4,0.0,409.5,judge_k4
1.5B,arc,arc-0017,calib,vote,8,0.0,560.0,vote_k8
1.5B,arc,arc-0017,calib,oracle,8,1.0,560.0,oracle_k8
1.5B,arc,arc-0017,calib,judge,8,0.0,722.0,judge_k8
1.5B,arc,arc-0017,calib,seq,1,0.0,70.0,seq_r1
1.5B,arc,arc-0017,calib,seq,2,1.0,189.0,seq_r2
1.5B,arc,arc-0017,calib,seq,3,1.0,322.0,seq_r3
1.5B,arc,arc-0017,calib,seq,4,1.0,455.0,seq_r4
1.5B,arc,arc-0017,calib,long,2,1.0,345.0,long_m2
1.5B,arc,arc-0017,calib,long,4,1.0,345.0,long_m4
1.5B,arc,arc-0017,calib,debate,6,0.0,540.0,debate_a3r2
1.5B,arc,arc-0018,calib,single,1,0.0,95.0,
1.5B,arc,arc-0018,calib,vote,4,0.5,380.0,vote_k4
1.5B,arc,arc-0018,calib,oracle,4,1.0,380.0,oracle_k4
1.5B,arc,arc-0018,calib,judge,4,0.0,534.0,judge_k4
1.5B,arc,arc-0018,calib,vote,8,0.0,760.0,vote_k8
1.5B,arc,arc-0018,calib,oracle,8,1.0,760.0,oracle_k8
1.5B,arc,arc-0018,calib,judge,8,0.0,946.0,judge_k8
1.5B,arc,arc-0018,calib,seq,1,0.0,95.0,seq_r1
1.5B,arc,arc-0018,calib,seq,2,0.0,372.0,seq_r2
1.5B,arc,arc-0018,calib,seq,3,0.0,834.0,seq_r3
1.5B,arc,arc-0018,calib,seq,4,0.0,1148.0,seq_r4
1.5B,arc,arc-0018,calib,long,2,0.0,428.0,long_m2
1.5B,arc,arc-0018,calib,long,4,0.0,428.0,long_m4
1.5B,arc,arc-0018,calib,debate,6,0.0,687.0,debate_a3r2
1.5B,arc,arc-0019,calib,single,1,1.0,110.0,
1.5B,arc,arc-0019,calib,vote,4,0.5,447.5,vote_k4
1.5B,arc,arc-0019,calib,oracle,4,1.0,447.5,oracle_k4
1.5B,arc,arc-0019,calib,judge,4,0.5,652.0,judge_k4
1.5B,arc,arc-0019,calib,vote,8,1.0,897.0,vote_k8
1.5B,arc,arc-0019,calib,oracle,8,1.0,897.0,oracle_k8
1.5B,arc,arc-0019,calib,judge,8,0.0,1179.0,judge_k8
1.5B,arc,arc-0019,calib,seq,1,1.0,110.0,seq_r1
1.5B,arc,arc-0019,calib,seq,2,0.0,285.0,seq_r2
1.5B,arc,arc-0019,calib,seq,3,0.0,582.0,seq_r3
1.5B,arc,arc-0019,calib,seq,4,0.0,946.0,seq_r4
1.5B,arc,arc-0019,calib,long,2,0.0,354.0,long_m2
1.5B,arc,arc-0019,calib,long,4,0.0,354.0,long_m4
1.5B,arc,arc-0019,calib,debate,6,1.0,786.0,debate_a3r2
1.5B,arc,arc-0020,calib,single,1,0.0,78.0,
1.5B,arc,arc-0020,calib,vote,4,0.0,317.5,vote_k4
1.5B,arc,arc-0020,calib,oracle,4,0.0,317.5,oracle_k4
1.5B,arc,arc-0020,calib,judge,4,0.0,461.0,judge_k4
1.5B,arc,arc-0020,calib,vote,8,0.0,635.0,vote_k8
1.5B,arc,arc-0020,calib,oracle,8,0.0,635.0,oracle_k8
1.5B,arc,arc-0020,calib,judge,8,0.0,816.0,judge_k8
1.5B,arc,arc-0020,calib,seq,1,0.0,78.0,seq_r1
1.5B,arc,arc-0020,calib,seq,2,0.0,204.0,seq_r2
1.5B,arc,arc-0020,calib,seq,3,0.0,421.0,seq_r3
1.5B,arc,arc-0020,calib,seq,4,1.0,718.0,seq_r4
1.5B,arc,arc-0020,calib,long,2,0.0,303.0,long_m2
1.5B,arc,arc-0020,calib,long,4,0.0,303.0,long_m4
1.5B,arc,arc-0020,calib,debate,6,0.0,588.0,debate_a3r2
1.5B,arc,arc-0021,calib,single,1,0.0,73.0,
1.5B,arc,arc-0021,calib,vote,4,0.0,318.0,vote_k4
1.5B,arc,arc-0021,calib,oracle,4,0.0,318.0,oracle_k4
1.5B,arc,arc-0021,calib,judge,4,0.0,476.5,judge_k4
1.5B,arc,arc-0021,calib,vote,8,0.0,636.0,vote_k8
1.5B,arc,arc-0021,calib,oracle,8,0.0,636.0,oracle_k8
1.5B,arc,arc-0021,calib,judge,8,0.0,852.0,judge_k8
1.5B,arc,arc-0021,calib,seq,1,0.0,73.0,seq_r1
1.5B,arc,arc-0021,calib,seq,2,0.0,242.0,seq_r2
1.5B,arc,arc-0021,calib,seq,3,0.0,447.0,seq_r3
1.5B,arc,arc-0021,calib,seq,4,0.0,671.0,seq_r4
1.5B,arc,arc-0021,calib,long,2,0.0,185.0,long_m2
1.5B,arc,arc-0021,calib,long,4,0.0,185.0,long_m4
1.5B,arc,arc-0021,calib,debate,6,0.0,558.0,debate_a3r2
1.5B,arc,arc-0022,calib,single,1,1.0,93.0,
1.5B,arc,arc-0022,calib,vote,4,1.0,360.5,vote_k4
1.5B,arc,arc-0022,calib,oracle,4,1.0,360.5,oracle_k4
1.5B,arc,arc-0022,calib,judge,4,1.0,532.5,judge_k4
1.5B,arc,arc-0022,calib,vote,8,1.0,702.0,vote_k8
1.5B,arc,arc-0022,calib,oracle,8,1.0,702.0,oracle_k8
1.5B,arc,arc-0022,calib,judge,8,1.0,917.0,judge_k8
1.5B,arc,arc-0022,calib,seq,1,1.0,93.0,seq_r1
1.5B,arc,arc-0022,calib,seq,2,1.0,254.0,seq_r2
1.5B,arc,arc-0022,calib,seq,3,1.0,460.0,seq_r3
1.5B,arc,arc-0022,calib,seq,4,1.0,688.0,seq_r4
1.5B,arc,arc-0022,calib,long,2,1.0,125.0,long_m2
1.5B,arc,arc-0022,calib,long,4,1.0,125.0,long_m4
1.5B,arc,arc-0022,calib,debate,6,1.0,671.0,debate_a3r2
1.5B,arc,arc-0023,calib,single,1,1.0,112.0,
1.5B,arc,arc-0023,calib,vote,4,1.0,495.5,vote_k4
1.5B,arc,arc-0023,calib,oracle,4,1.0,495.5,oracle_k4
1.5B,arc,arc-0023,calib,judge,4,1.0,711.0,judge_k4
1.5B,arc,arc-0023,calib,vote,8,1.0,1001.0,vote_k8
1.5B,arc,arc-0023,calib,oracle,8,1.0,1001.0,oracle_k8
1.5B,arc,arc-0023,calib,judge,8,1.0,1302.0,judge_k8
1.5B,arc,arc-0023,calib,seq,1,1.0,112.0,seq_r1
1.5B,arc,arc-0023,calib,seq,2,1.0,258.0,seq_r2
1.5B,arc,arc-0023,calib,seq,3,1.0,460.0,seq_r3
1.5B,arc,arc-0023,calib,seq,4,1.0,662.0,seq_r4
1.5B,arc,arc-0023,calib,long,2,1.0,426.0,long_m2
1.5B,arc,arc-0023,calib,long,4,1.0,426.0,long_m4
1.5B,arc,arc-0023,calib,debate,6,1.0,845.0,debate_a3r2
1.5B,arc,arc-0024,calib,single,1,1.0,77.0,
1.5B,arc,arc-0024,calib,vote,4,0.0,308.0,vote_k4
1.5B,arc,arc-0024,calib,oracle,4,1.0,308.0,oracle_k4
1.5B,arc,arc-0024,calib,judge,4,0.0,444.5,judge_k4
1.5B,arc,arc-0024,calib,vote,8,0.0,616.0,vote_k8
1.5B,arc,arc-0024,calib,oracle,8,1.0,616.0,oracle_k8
1.5B,arc,arc-0024,calib,judge,8,0.0,785.0,judge_k8
1.5B,arc,arc-0024,calib,seq,1,1.0,77.0,seq_r1
1.5B,arc,arc-0024,calib,seq,2,0.0,312.0,seq_r2
1.5B,arc,arc-0024,calib,seq,3,0.0,547.0,seq_r3
1.5B,arc,arc-0024,calib,seq,4,1.0,682.0,seq_r4
1.5B,arc,arc-0024,calib,long,2,0.0,298.0,long_m2
1.5B,arc,arc-0024,calib,long,4,0.0,298.0,long_m4
1.5B,arc,arc-0024,calib,debate,6,0.0,582.0,debate_a3r2
1.5B,arc,arc-0025,calib,single,1,1.0,58.0,
1.5B,arc,arc-0025,calib,vote,4,1.0,235.0,vote_k4
1.5B,arc,arc-0025,calib,oracle,4,1.0,235.0,oracle_k4
1.5B,arc,arc-0025,calib,judge,4,1.0,354.0,judge_k4
1.5B,arc,arc-0025,calib,vote,8,1.0,467.0,vote_k8
1.5B,arc,arc-0025,calib,oracle,8,1.0,467.0,oracle_k8
1.5B,arc,arc-0025,calib,judge,8,1.0,618.0,judge_k8
1.5B,arc,arc-0025,calib,seq,1,1.0,58.0,seq_r1
1.5B,arc,arc-0025,calib,seq,2,0.0,233.0,seq_r2
1.5B,arc,arc-0025,calib,seq,3,0.0,464.0,seq_r3
1.5B,arc,arc-0025,calib,seq,4,0.0,669.0,seq_r4
1.5B,arc,arc-0025,calib,long,2,1.0,150.0,long_m2
1.5B,arc,arc-0025,calib,long,4,1.0,150.0,long_m4
1.5B,arc,arc-0025,calib,debate,6,1.0,472.0,debate_a3r2
1.5B,arc,arc-0026,calib,single,1,1.0,134.0,
1.5B,arc,arc-0026,calib,vote,4,1.0,532.5,vote_k4
1.5B,arc,arc-0026,calib,oracle,4,1.0,532.5,oracle_k4
1.5B,arc,arc-0026,calib,judge,4,1.0,765.5,judge_k4
1.5B,arc,arc-0026,calib,vote,8,1.0,1097.0,vote_k8
1.5B,arc,arc-0026,calib,oracle,8,1.0,1097.0,oracle_k8
1.5B,arc,arc-0026,calib,judge,8,1.0,1449.0,judge_k8
1.5B,arc,arc-0026,calib,seq,1,1.0,134.0,seq_r1
1.5B,arc,arc-0026,calib,seq,2,1.0,316.0,seq_r2
1.5B,arc,arc-0026,calib,seq,3,1.0,496.0,seq_r3
1.5B,arc,arc-0026,calib,seq,4,1.0,672.0,seq_r4
1.5B,arc,arc-0026,calib,long,2,1.0,166.0,long_m2
1.5B,arc,arc-0026,calib,long,4,1.0,166.0,long_m4
1.5B,arc,arc-0026,calib,debate,6,1.0,1042.0,debate_a3r2
1.5B,arc,arc-0027,calib,single,1,1.0,77.0,
1.5B,arc,arc-0027,calib,vote,4,1.0,300.5,vote_k4
1.5B,arc,arc-0027,calib,oracle,4,1.0,300.5,oracle_k4
1.5B,arc,arc-0027,calib,judge,4,1.0,445.0,judge_k4
1.5B,arc,arc-0027,calib,vote,8,1.0,601.0,vote_k8
1.5B,arc,arc-0027,calib,oracle,8,1.0,601.0,oracle_k8
1.5B,arc,arc-0027,calib,judge,8,1.0,790.0,judge_k8
1.5B,arc,arc-0027,calib,seq,1,1.0,77.0,seq_r1
1.5B,arc,arc-0027,calib,seq,2,1.0,224.0,seq_r2
1.5B,arc,arc-0027,calib,seq,3,1.0,365.0,seq_r3
1.5B,arc,arc-0027,calib,seq,4,1.0,544.0,seq_r4
1.5B,arc,arc-0027,calib,long,2,1.0,277.0,long_m2
1.5B,arc,arc-0027,calib,long,4,1.0,277.0,long_m4
1.5B,arc,arc-0027,calib,debate,6,1.0,567.0,debate_a3r2
1.5B,arc,arc-0028,calib,single,1,1.0,76.0,
1.5B,arc,arc-0028,calib,vote,4,1.0,301.5,vote_k4
1.5B,arc,arc-0028,calib,oracle,4,1.0,301.5,oracle_k4
1.5B,arc,arc-0028,calib,judge,4,1.0,450.0,judge_k4
1.5B,arc,arc-0028,calib,vote,8,1.0,603.0,vote_k8
1.5B,arc,arc-0028,calib,oracle,8,1.0,603.0,oracle_k8
1.5B,arc,arc-0028,calib,judge,8,1.0,801.0,judge_k8
1.5B,arc,arc-0028,calib,seq,1,1.0,76.0,seq_r1
1.5B,arc,arc-0028,calib,seq,2,1.0,218.0,seq_r2
1.5B,arc,arc-0028,calib,seq,3,1.0,385.0,seq_r3
1.5B,arc,arc-0028,calib,seq,4,1.0,540.0,seq_r4
1.5B,arc,arc-0028,calib,long,2,1.0,259.0,long_m2
1.5B,arc,arc-0028,calib,long,4,1.0,259.0,long_m4
1.5B,arc,arc-0028,calib,debate,6,1.0,591.0,debate_a3r2
1.5B,arc,arc-0029,calib,single,1,0.0,64.0,
1.5B,arc,arc-0029,calib,vote,4,0.0,263.5,vote_k4
1.5B,arc,arc-0029,calib,oracle,4,0.0,263.5,oracle_k4
1.5B,arc,arc-0029,calib,judge,4,0.0,391.5,judge_k4
1.5B,arc,arc-0029,calib,vote,8,0.0,530.0,vote_k8
1.5B,arc,arc-0029,calib,oracle,8,0.0,530.0,oracle_k8
1.5B,arc,arc-0029,calib,judge,8,0.0,697.0,judge_k8
1.5B,arc,arc-0029,calib,seq,1,0.0,64.0,seq_r1
1.5B,arc,arc-0029,calib,seq,2,0.0,200.0,seq_r2
1.5B,arc,arc-0029,calib,seq,3,0.0,380.0,seq_r3
1.5B,arc,arc-0029,calib,seq,4,0.0,538.0,seq_r4
1.5B,arc,arc-0029,calib,long,2,1.0,396.0,long_m2
1.5B,arc,arc-0029,calib,long,4,1.0,396.0,long_m4
1.5B,arc,arc-0029,calib,debate,6,1.0,515.0,debate_a3r2
1.5B,arc,arc-0030,test,single,1,0.0,83.0,
1.5B,arc,arc-0030,test,vote,4,0.5,336.0,vote_k4
1.5B,arc,arc-0030,test,oracle,4,1.0,336.0,oracle_k4
1.5B,arc,arc-0030,test,judge,4,0.5,497.0,judge_k4
1.5B,arc,arc-0030,test,vote,8,0.0,665.0,vote_k8
1.5B,arc,arc-0030,test,oracle,8,1.0,665.0,oracle_k8
1.5B,arc,arc-0030,test,judge,8,1.0,876.0,judge_k8
1.5B,arc,arc-0030,test,seq,1,0.0,83.0,seq_r1
1.5B,arc,arc-0030,test,seq,2,1.0,273.0,seq_r2
1.5B,arc,arc-0030,test,seq,3,1.0,583.0,seq_r3
1.5B,arc,arc-0030,test,seq,4,1.0,939.0,seq_r4
1.5B,arc,arc-0030,test,long,2,1.0,117.0,long_m2
1.5B,arc,arc-0030,test,long,4,1.0,117.0,long_m4
1.5B,arc,arc-0030,test,debate,6,1.0,622.0,debate_a3r2
1.5B,arc,arc-0031,test,single,1,1.0,80.0,
1.5B,arc,arc-0031,test,vote,4,1.0,340.0,vote_k4
1.5B,arc,arc-0031,test,oracle,4,1.0,340.0,oracle_k4
1.5B,arc,arc-0031,test,judge,4,1.0,500.0,judge_k4
1.5B,arc,arc-0031,test,vote,8,1.0,676.0,vote_k8
1.5B,arc,arc-0031,test,oracle,8,1.0,676.0,oracle_k8
1.5B,arc,arc-0031,test,judge,8,1.0,884.0,judge_k8
1.5B,arc,arc-0031,test,seq,1,1.0,80.0,seq_r1
1.5B,arc,arc-0031,test,seq,2,1.0,265.0,seq_r2
1.5B,arc,arc-0031,test,seq,3,1.0,516.0,seq_r3
1.5B,arc,arc-0031,test,seq,4,1.0,765.0,seq_r4
1.5B,arc,arc-0031,test,long,2,1.0,390.0,long_m2
1.5B,arc,arc-0031,test,long,4,1.0,390.0,long_m4
1.5B,arc,arc-0031,test,debate,6,1.0,654.0,debate_a3r2
1.5B,arc,arc-0032,test,single,1,0.0,90.0,
1.5B,arc,arc-0032,test,vote,4,1.0,365.5,vote_k4
1.5B,arc,arc-0032,test,oracle,4,1.0,365.5,oracle_k4
1.5B,arc,arc-0032,test,judge,4,0.0,520.0,judge_k4
1.5B,arc,arc-0032,test,vote,8,1.0,731.0,vote_k8
1.5B,arc,arc-0032,test,oracle,8,1.0,731.0,oracle_k8
1.5B,arc,arc-0032,test,judge,8,0.0,922.0,judge_k8
1.5B,arc,arc-0032,test,seq,1,0.0,90.0,seq_r1
1.5B,arc,arc-0032,test,seq,2,1.0,238.0,seq_r2
1.5B,arc,arc-0032,test,seq,3,1.0,410.0,seq_r3
1.5B,arc,arc-0032,test,seq,4,1.0,582.0,seq_r4
1.5B,arc,arc-0032,test,long,2,1.0,300.0,long_m2
1.5B,arc,arc-0032,test,long,4,1.0,300.0,long_m4
1.5B,arc,arc-0032,test,debate,6,0.0,657.0,debate_a3r2
1.5B,arc,arc-0033,test,single,1,1.0,76.0,
1.5B,arc,arc-0033,test,vote,4,1.0,302.0,vote_k4
1.5B,arc,arc-0033,test,oracle,4,1.0,302.0,oracle_k4
1.5B,arc,arc-0033,test,judge,4,1.0,442.0,judge_k4
1.5B,arc,arc-0033,test,vote,8,1.0,650.0,vote_k8
1.5B,arc,arc-0033,test,oracle,8,1.0,650.0,oracle_k8
1.5B,arc,arc-0033,test,judge,8,1.0,873.0,judge_k8
1.5B,arc,arc-0033,test,seq,1,1.0,76.0,seq_r1
1.5B,arc,arc-0033,test,seq,2,1.0,260.0,seq_r2
1.5B,arc,arc-0033,test,seq,3,1.0,518.0,seq_r3
1.5B,arc,arc-0033,test,seq,4,1.0,779.0,seq_r4
1.5B,arc,arc-0033,test,long,2,1.0,304.0,long_m2
1.5B,arc,arc-0033,test,long,4,1.0,304.0,long_m4
1.5B,arc,arc-0033,test,debate,6,1.0,584.0,debate_a3r2
1.5B,arc,arc-0034,test,single,1,1.0,72.0,
1.5B,arc,arc-0034,test,vote,4,1.0,283.0,vote_k4
1.5B,arc,arc-0034,test,oracle,4,1.0,283.0,oracle_k4
1.5B,arc,arc-0034,test,judge,4,1.0,420.0,judge_k4
1.5B,arc,arc-0034,test,vote,8,1.0,567.0,vote_k8
1.5B,arc,arc-0034,test,oracle,8,1.0,567.0,oracle_k8
1.5B,arc,arc-0034,test,judge,8,1.0,749.0,judge_k8
1.5B,arc,arc-0034,test,seq,1,1.0,72.0,seq_r1
1.5B,arc,arc-0034,test,seq,2,1.0,184.0,seq_r2
1.5B,arc,arc-0034,test,seq,3,1.0,339.0,seq_r3
1.5B,arc,arc-0034,test,seq,4,1.0,576.0,seq_r4
1.5B,arc,arc-0034,test,long,2,1.0,215.0,long_m2
1.5B,arc,arc-0034,test,long,4,1.0,215.0,long_m4
1.5B,arc,arc-0034,test,debate,6,1.0,557.0,debate_a3r2
1.5B,arc,arc-0035,test,single,1,0.0,83.0,
1.5B,arc,arc-0035,test,vote,4,0.0,340.0,vote_k4
1.5B,arc,arc-0035,test,oracle,4,0.0,340.0,oracle_k4
1.5B,arc,arc-0035,test,judge,4,0.0,491.0,judge_k4
1.5B,arc,arc-0035,test,vote,8,0.0,676.0,vote_k8
1.5B,arc,arc-0035,test,oracle,8,0.0,676.0,oracle_k8
1.5B,arc,arc-0035,test,judge,8,0.0,863.0,judge_k8
1.5B,arc,arc-0035,test,seq,1,0.0,83.0,seq_r1
1.5B,arc,arc-0035,test,seq,2,0.0,382.0,seq_r2
1.5B,arc,arc-0035,test,seq,3,0.0,735.0,seq_r3
1.5B,arc,arc-0035,test,seq,4,0.0,961.0,seq_r4
1.5B,arc,arc-0035,test,long,2,0.0,302.0,long_m2
1.5B,arc,arc-0035,test,long,4,0.0,302.0,long_m4
1.5B,arc,arc-0035,test,debate,6,0.0,630.0,debate_a3r2
1.5B,arc,arc-0036,test,single,1,1.0,94.0,
1.5B,arc,arc-0036,test,vote,4,1.0,390.0,vote_k4
1.5B,arc,arc-0036,test,oracle,4,1.0,390.0,oracle_k4
1.5B,arc,arc-0036,test,judge,4,1.0,578.5,judge_k4
1.5B,arc,arc-0036,test,vote,8,1.0,784.0,vote_k8
1.5B,arc,arc-0036,test,oracle,8,1.0,784.0,oracle_k8
1.5B,arc,arc-0036,test,judge,8,1.0,1050.0,judge_k8
1.5B,arc,arc-0036,test,seq,1,1.0,94.0,seq_r1
1.5B,arc,arc-0036,test,seq,2,0.0,271.0,seq_r2
1.5B,arc,arc-0036,test,seq,3,0.0,574.0,seq_r3
1.5B,arc,arc-0036,test,seq,4,0.0,919.0,seq_r4
1.5B,arc,arc-0036,test,long,2,1.0,400.0,long_m2
1.5B,arc,arc-0036,test,long,4,1.0,400.0,long_m4
1.5B,arc,arc-0036,test,debate,6,1.0,705.0,debate_a3r2
1.5B,arc,arc-0037,test,single,1,0.0,121.0,
1.5B,arc,arc-0037,test,vote,4,0.0,491.0,vote_k4
1.5B,arc,arc-0037,test,oracle,4,0.0,491.0,oracle_k4
1.5B,arc,arc-0037,test,judge,4,0.0,677.5,judge_k4
1.5B,arc,arc-0037,test,vote,8,0.0,996.0,vote_k8
1.5B,arc,arc-0037,test,oracle,8,0.0,996.0,oracle_k8
1.5B,arc,arc-0037,test,judge,8,0.0,1234.0,judge_k8
1.5B,arc,arc-0037,test,seq,1,0.0,121.0,seq_r1
1.5B,arc,arc-0037,test,seq,2,0.0,359.0,seq_r2
1.5B,arc,arc-0037,test,seq,3,0.0,745.0,seq_r3
1.5B,arc,arc-0037,test,seq,4,0.0,1060.0,seq_r4
1.5B,arc,arc-0037,test,long,2,0.0,414.0,long_m2
1.5B,arc,arc-0037,test,long,4,0.0,414.0,long_m4
1.5B,arc,arc-0037,test,debate,6,0.0,843.0,debate_a3r2
1.5B,arc,arc-0038,test,single,1,1.0,107.0,
1.5B,arc,arc-0038,test,vote,4,1.0,437.5,vote_k4
1.5B,arc,arc-0038,test,oracle,4,1.0,437.5,oracle_k4
1.5B,arc,arc-0038,test,judge,4,1.0,634.5,judge_k4
1.5B,arc,arc-0038,test,vote,8,1.0,868.0,vote_k8
1.5B,arc,arc-0038,test,oracle,8,1.0,868.0,oracle_k8
1.5B,arc,arc-0038,test,judge,8,1.0,1127.0,judge_k8
1.5B,arc,arc-0038,test,seq,1,1.0,107.0,seq_r1
1.5B,arc,arc-0038,test,seq,2,1.0,286.0,seq_r2
1.5B,arc,arc-0038,test,seq,3,1.0,464.0,seq_r3
1.5B,arc,arc-0038,test,seq,4,1.0,654.0,seq_r4
1.5B,arc,arc-0038,test,long,2,1.0,358.0,long_m2
1.5B,arc,arc-0038,test,long,4,1.0,358.0,long_m4
1.5B,arc,arc-0038,test,debate,6,1.0,762.0,debate_a3r2
1.5B,arc,arc-0039,test,single,1,1.0,88.0,
1.5B,arc,arc-0039,test,vote,4,1.0,398.0,vote_k4
1.5B,arc,arc-0039,test,oracle,4,1.0,398.0,oracle_k4
1.5B,arc,arc-0039,test,judge,4,1.0,591.0,judge_k4
1.5B,arc,arc-0039,test,vote,8,1.0,754.0,vote_k8
1.5B,arc,arc-0039,test,oracle,8,1.0,754.0,oracle_k8
1.5B,arc,arc-0039,test,judge,8,1.0,983.0,judge_k8
1.5B,arc,arc-0039,test,seq,1,1.0,88.0,seq_r1
1.5B,arc,arc-0039,test,seq,2,1.0,313.0,seq_r2
1.5B,arc,arc-0039,test,seq,3,1.0,537.0,seq_r3
1.5B,arc,arc-0039,test,seq,4,1.0,713.0,seq_r4
1.5B,arc,arc-0039,test,long,2,1.0,372.0,long_m2
1.5B,arc,arc-0039,test,long,4,1.0,372.0,long_m4
1.5B,arc,arc-0039,test,debate,6,1.0,772.0,debate_a3r2
1.5B,arc,arc-0040,test,single,1,0.0,85.0,
1.5B,arc,arc-0040,test,vote,4,0.0,350.0,vote_k4
1.5B,arc,arc-0040,test,oracle,4,0.0,350.0,oracle_k4
1.5B,arc,arc-0040,test,judge,4,0.0,505.0,judge_k4
1.5B,arc,arc-0040,test,vote,8,0.0,700.0,vote_k8
1.5B,arc,arc-0040,test,oracle,8,0.0,700.0,oracle_k8
1.5B,arc,arc-0040,test,judge,8,0.0,897.0,judge_k8
1.5B,arc,arc-0040,test,seq,1,0.0,85.0,seq_r1
1.5B,arc,arc-0040,test,seq,2,0.0,264.0,seq_r2
1.5B,arc,arc-0040,test,seq,3,0.0,502.0,seq_r3
1.5B,arc,arc-0040,test,seq,4,0.0,740.0,seq_r4
1.5B,arc,arc-0040,test,long,2,0.0,401.0,long_m2
1.5B,arc,arc-0040,test,long,4,0.0,401.0,long_m4
1.5B,arc,arc-0040,test,debate,6,0.0,654.0,debate_a3r2
1.5B,arc,arc-0041,test,single,1,1.0,113.0,
1.5B,arc,arc-0041,test,vote,4,1.0,322.0,vote_k4
1.5B,arc,arc-0041,test,oracle,4,1.0,322.0,oracle_k4
1.5B,arc,arc-0041,test,judge,4,1.0,499.0,judge_k4
1.5B,arc,arc-0041,test,vote,8,1.0,648.0,vote_k8
1.5B,arc,arc-0041,test,oracle,8,1.0,648.0,oracle_k8
1.5B,arc,arc-0041,test,judge,8,1.0,910.0,judge_k8
1.5B,arc,arc-0041,test,seq,1,1.0,113.0,seq_r1
1.5B,arc,arc-0041,test,seq,2,1.0,299.0,seq_r2
1.5B,arc,arc-0041,test,seq,3,1.0,543.0,seq_r3
1.5B,arc,arc-0041,test,seq,4,1.0,787.0,seq_r4
1.5B,arc,arc-0041,test,long,2,1.0,360.0,long_m2
1.5B,arc,arc-0041,test,long,4,1.0,360.0,long_m4
1.5B,arc,arc-0041,test,debate,6,1.0,816.0,debate_a3r2
1.5B,arc,arc-0042,test,single,1,1.0,143.0,
1.5B,arc,arc-0042,test,vote,4,1.0,565.0,vote_k4
1.5B,arc,arc-0042,test,oracle,4,1.0,565.0,oracle_k4
1.5B,arc,arc-0042,test,judge,4,1.0,793.5,judge_k4
1.5B,arc,arc-0042,test,vote,8,1.0,1108.0,vote_k8
1.5B,arc,arc-0042,test,oracle,8,1.0,1108.0,oracle_k8
1.5B,arc,arc-0042,test,judge,8,1.0,1387.0,judge_k8
1.5B,arc,arc-0042,test,seq,1,1.0,143.0,seq_r1
1.5B,arc,arc-0042,test,seq,2,1.0,488.0,seq_r2
1.5B,arc,arc-0042,test,seq,3,1.0,821.0,seq_r3
1.5B,arc,arc-0042,test,seq,4,1.0,1057.0,seq_r4
1.5B,arc,arc-0042,test,long,2,1.0,483.0,long_m2
1.5B,arc,arc-0042,test,long,4,1.0,483.0,long_m4
1.5B,arc,arc-0042,test,debate,6,1.0,965.0,debate_a3r2
1.5B,arc,arc-0043,test,single,1,0.0,85.0,
1.5B,arc,arc-0043,test,vote,4,0.0,451.0,vote_k4
1.5B,arc,arc-0043,test,oracle,4,1.0,451.0,oracle_k4
1.5B,arc,arc-0043,test,judge,4,0.0,721.0,judge_k4
1.5B,arc,arc-0043,test,vote,8,0.0,822.0,vote_k8
1.5B,arc,arc-0043,test,oracle,8,1.0,822.0,oracle_k8
1.5B,arc,arc-0043,test,judge,8,0.0,1178.0,judge_k8
1.5B,arc,arc-0043,test,seq,1,0.0,85.0,seq_r1
1.5B,arc,arc-0043,test,seq,2,1.0,217.0,seq_r2
1.5B,arc,arc-0043,test,seq,3,0.0,431.0,seq_r3
1.5B,arc,arc-0043,test,seq,4,1.0,631.0,seq_r4
1.5B,arc,arc-0043,test,long,2,1.0,196.0,long_m2
1.5B,arc,arc-0043,test,long,4,1.0,196.0,long_m4
1.5B,arc,arc-0043,test,debate,6,1.0,827.0,debate_a3r2
1.5B,arc,arc-0044,test,single,1,1.0,125.0,
1.5B,arc,arc-0044,test,vote,4,1.0,500.0,vote_k4
1.5B,arc,arc-0044,test,oracle,4,1.0,500.0,oracle_k4
1.5B,arc,arc-0044,test,judge,4,1.0,684.0,judge_k4
1.5B,arc,arc-0044,test,vote,8,1.0,1000.0,vote_k8
1.5B,arc,arc-0044,test,oracle,8,1.0,1000.0,oracle_k8
1.5B,arc,arc-0044,test,judge,8,1.0,1216.0,judge_k8
1.5B,arc,arc-0044,test,seq,1,1.0,125.0,seq_r1
1.5B,arc,arc-0044,test,seq,2,1.0,363.0,seq_r2
1.5B,arc,arc-0044,test,seq,3,1.0,601.0,seq_r3
1.5B,arc,arc-0044,test,seq,4,0.0,873.0,seq_r4
1.5B,arc,arc-0044,test,long,2,0.0,373.0,long_m2
1.5B,arc,arc-0044,test,long,4,0.0,373.0,long_m4
1.5B,arc,arc-0044,test,debate,6,1.0,867.0,debate_a3r2
1.5B,arc,arc-0045,test,single,1,0.0,97.0,
1.5B,arc,arc-0045,test,vote,4,0.0,374.0,vote_k4
1.5B,arc,arc-0045,test,oracle,4,0.0,374.0,oracle_k4
1.5B,arc,arc-0045,test,judge,4,0.0,535.0,judge_k4
1.5B,arc,arc-0045,test,vote,8,0.0,741.0,vote_k8
1.5B,arc,arc-0045,test,oracle,8,0.0,741.0,oracle_k8
1.5B,arc,arc-0045,test,judge,8,0.0,940.0,judge_k8
1.5B,arc,arc-0045,test,seq,1,0.0,97.0,seq_r1
1.5B,arc,arc-0045,test,seq,2,1.0,303.0,seq_r2
1.5B,arc,arc-0045,test,seq,3,1.0,511.0,seq_r3
1.5B,arc,arc-0045,test,seq,4,1.0,663.0,seq_r4
1.5B,arc,arc-0045,test,long,2,1.0,381.0,long_m2
1.5B,arc,arc-0045,test,long,4,1.0,381.0,long_m4
1.5B,arc,arc-0045,test,debate,6,0.0,676.0,debate_a3r2
1.5B,arc,arc-0046,test,single,1,1.0,99.0,
1.5B,arc,arc-0046,test,vote,4,1.0,391.5,vote_k4
1.5B,arc,arc-0046,test,oracle,4,1.0,391.5,oracle_k4
1.5B,arc,arc-0046,test,judge,4,1.0,555.0,judge_k4
1.5B,arc,arc-0046,test,vote,8,1.0,780.0,vote_k8
1.5B,arc,arc-0046,test,oracle,8,1.0,780.0,oracle_k8
1.5B,arc,arc-0046,test,judge,8,1.0,980.0,judge_k8
1.5B,arc,arc-0046,test,seq,1,1.0,99.0,seq_r1
1.5B,arc,arc-0046,test,seq,2,1.0,266.0,seq_r2
1.5B,arc,arc-0046,test,seq,3,1.0,557.0,seq_r3
1.5B,arc,arc-0046,test,seq,4,1.0,844.0,seq_r4
1.5B,arc,arc-0046,test,long,2,1.0,440.0,long_m2
1.5B,arc,arc-0046,test,long,4,1.0,440.0,long_m4
1.5B,arc,arc-0046,test,debate,6,1.0,705.0,debate_a3r2
1.5B,arc,arc-0047,test,single,1,0.0,107.0,
1.5B,arc,arc-0047,test,vote,4,0.0,434.0,vote_k4
1.5B,arc,arc-0047,test,oracle,4,0.0,434.0,oracle_k4
1.5B,arc,arc-0047,test,judge,4,0.0,632.5,judge_k4
1.5B,arc,arc-0047,test,vote,8,0.0,868.0,vote_k8
1.5B,arc,arc-0047,test,oracle,8,0.0,868.0,oracle_k8
1.5B,arc,arc-0047,test,judge,8,0.0,1141.0,judge_k8
1.5B,arc,arc-0047,test,seq,1,0.0,107.0,seq_r1
1.5B,arc,arc-0047,test,seq,2,0.0,262.0,seq_r2
1.5B,arc,arc-0047,test,seq,3,0.0,415.0,seq_r3
1.5B,arc,arc-0047,test,seq,4,0.0,569.0,seq_r4
1.5B,arc,arc-0047,test,long,2,0.0,152.0,long_m2
1.5B,arc,arc-0047,test,long,4,0.0,152.0,long_m4
1.5B,arc,arc-0047,test,debate,6,0.0,784.0,debate_a3r2
1.5B,arc,arc-0048,test,single,1,0.0,102.0,
1.5B,arc,arc-0048,test,vote,4,0.0,396.0,vote_k4
1.5B,arc,arc-0048,test,oracle,4,0.0,396.0,oracle_k4
1.5B,arc,arc-0048,test,judge,4,0.0,561.0,judge_k4
1.5B,arc,arc-0048,test,vote,8,0.0,787.0,vote_k8
1.5B,arc,arc-0048,test,oracle,8,0.0,787.0,oracle_k8
1.5B,arc,arc-0048,test,judge,8,0.0,987.0,judge_k8
1.5B,arc,arc-0048,test,seq,1,0.0,102.0,seq_r1
1.5B,arc,arc-0048,test,seq,2,0.0,467.0,seq_r2
1.5B,arc,arc-0048,test,seq,3,0.0,893.0,seq_r3
1.5B,arc,arc-0048,test,seq,4,0.0,1176.0,seq_r4
1.5B,arc,arc-0048,test,long,2,0.0,264.0,long_m2
1.5B,arc,arc-0048,test,long,4,0.0,264.0,long_m4
1.5B,arc,arc-0048,test,debate,6,0.0,735.0,debate_a3r2
1.5B,arc,arc-0049,test,single,1,1.0,67.0,
1.5B,arc,arc-0049,test,vote,4,1.0,273.0,vote_k4
1.5B,arc,arc-0049,test,oracle,4,1.0,273.0,oracle_k4
1.5B,arc,arc-0049,test,judge,4,1.0,405.0,judge_k4
1.5B,arc,arc-0049,test,vote,8,1.0,549.0,vote_k8
1.5B,arc,arc-0049,test,oracle,8,1.0,549.0,oracle_k8
1.5B,arc,arc-0049,test,judge,8,1.0,721.0,judge_k8
1.5B,arc,arc-0049,test,seq,1,1.0,67.0,seq_r1
1.5B,arc,arc-0049,test,seq,2,0.0,194.0,seq_r2
1.5B,arc,arc-0049,test,seq,3,0.0,346.0,seq_r3
1.5B,arc,arc-0049,test,seq,4,0.0,512.0,seq_r4
1.5B,arc,arc-0049,test,long,2,0.0,298.0,long_m2
1.5B,arc,arc-0049,test,long,4,0.0,298.0,long_m4
1.5B,arc,arc-0049,test,debate,6,0.0,540.0,debate_a3r2
1.5B,arc,arc-0050,test,single,1,1.0,226.0,
1.5B,arc,arc-0050,test,vote,4,1.0,806.0,vote_k4
1.5B,arc,arc-0050,test,oracle,4,1.0,806.0,oracle_k4
1.5B,arc,arc-0050,test,judge,4,1.0,1282.0,judge_k4
1.5B,arc,arc-0050,test,vote,8,1.0,1419.0,vote_k8
1.5B,arc,arc-0050,test,oracle,8,1.0,1419.0,oracle_k8
1.5B,arc,arc-0050,test,judge,8,1.0,2024.0,judge_k8
1.5B,arc,arc-0050,test,seq,1,1.0,226.0,seq_r1
1.5B,arc,arc-0050,test,seq,2,1.0,541.0,seq_r2
1.5B,arc,arc-0050,test,seq,3,0.0,938.0,seq_r3
1.5B,arc,arc-0050,test,seq,4,1.0,1359.0,seq_r4
1.5B,arc,arc-0050,test,long,2,1.0,437.0,long_m2
1.5B,arc,arc-0050,test,long,4,1.0,437.0,long_m4
1.5B,arc,arc-0050,test,debate,6,1.0,1563.0,debate_a3r2
1.5B,arc,arc-0051,test,single,1,1.0,109.0,
1.5B,arc,arc-0051,test,vote,4,1.0,436.0,vote_k4
1.5B,arc,arc-0051,test,oracle,4,1.0,436.0,oracle_k4
1.5B,arc,arc-0051,test,judge,4,1.0,605.0,judge_k4
1.5B,arc,arc-0051,test,vote,8,1.0,1032.0,vote_k8
1.5B,arc,arc-0051,test,oracle,8,1.0,1032.0,oracle_k8
1.5B,arc,arc-0051,test,judge,8,1.0,1393.0,judge_k8
1.5B,arc,arc-0051,test,seq,1,1.0,109.0,seq_r1
1.5B,arc,arc-0051,test,seq,2,1.0,329.0,seq_r2
1.5B,arc,arc-0051,test,seq,3,1.0,548.0,seq_r3
1.5B,arc,arc-0051,test,seq,4,1.0,761.0,seq_r4
1.5B,arc,arc-0051,test,long,2,1.0,330.0,long_m2
1.5B,arc,arc-0051,test,long,4,1.0,330.0,long_m4
1.5B,arc,arc-0051,test,debate,6,1.0,774.0,debate_a3r2
1.5B,arc,arc-0052,test,single,1,0.0,64.0,
1.5B,arc,arc-0052,test,vote,4,0.0,250.0,vote_k4
1.5B,arc,arc-0052,test,oracle,4,0.0,250.0,oracle_k4
1.5B,arc,arc-0052,test,judge,4,0.0,376.5,judge_k4
1.5B,arc,arc-0052,test,vote,8,0.0,505.0,vote_k8
1.5B,arc,arc-0052,test,oracle,8,0.0,505.0,oracle_k8
1.5B,arc,arc-0052,test,judge,8,0.0,676.0,judge_k8
1.5B,arc,arc-0052,test,seq,1,0.0,64.0,seq_r1
1.5B,arc,arc-0052,test,seq,2,0.0,198.0,seq_r2
1.5B,arc,arc-0052,test,seq,3,0.0,332.0,seq_r3
1.5B,arc,arc-0052,test,seq,4,0.0,434.0,seq_r4
1.5B,arc,arc-0052,test,long,2,0.0,102.0,long_m2
1.5B,arc,arc-0052,test,long,4,0.0,102.0,long_m4
1.5B,arc,arc-0052,test,debate,6,0.0,512.0,debate_a3r2
1.5B,arc,arc-0053,test,single,1,1.0,116.0,
1.5B,arc,arc-0053,test,vote,4,1.0,477.0,vote_k4
1.5B,arc,arc-0053,test,oracle,4,1.0,477.0,oracle_k4
1.5B,arc,arc-0053,test,judge,4,1.0,666.0,judge_k4
1.5B,arc,arc-0053,test,vote,8,1.0,941.0,vote_k8
1.5B,arc,arc-0053,test,oracle,8,1.0,941.0,oracle_k8
1.5B,arc,arc-0053,test,judge,8,1.0,1162.0,judge_k8
1.5B,arc,arc-0053,test,seq,1,1.0,116.0,seq_r1
1.5B,arc,arc-0053,test,seq,2,1.0,300.0,seq_r2
1.5B,arc,arc-0053,test,seq,3,1.0,517.0,seq_r3
1.5B,arc,arc-0053,test,seq,4,1.0,734.0,seq_r4
1.5B,arc,arc-0053,test,long,2,1.0,448.0,long_m2
1.5B,arc,arc-0053,test,long,4,1.0,448.0,long_m4
1.5B,arc,arc-0053,test,debate,6,1.0,855.0,debate_a3r2
1.5B,arc,arc-0054,test,single,1,1.0,70.0,
1.5B,arc,arc-0054,test,vote,4,1.0,277.5,vote_k4
1.5B,arc,arc-0054,test,oracle,4,1.0,277.5,oracle_k4
1.5B,arc,arc-0054,test,judge,4,1.0,405.5,judge_k4
1.5B,arc,arc-0054,test,vote,8,1.0,555.0,vote_k8
1.5B,arc,arc-0054,test,oracle,8,1.0,555.0,oracle_k8
1.5B,arc,arc-0054,test,judge,8,1.0,715.0,judge_k8
1.5B,arc,arc-0054,test,seq,1,1.0,70.0,seq_r1
1.5B,arc,arc-0054,test,seq,2,1.0,174.0,seq_r2
1.5B,arc,arc-0054,test,seq,3,1.0,278.0,seq_r3
1.5B,arc,arc-0054,test,seq,4,1.0,487.0,seq_r4
1.5B,arc,arc-0054,test,long,2,1.0,308.0,long_m2
1.5B,arc,arc-0054,test,long,4,1.0,308.0,long_m4
1.5B,arc,arc-0054,test,debate,6,1.0,534.0,debate_a3r2
1.5B,arc,arc-0055,test,single,1,0.0,61.0,
1.5B,arc,arc-0055,test,vote,4,0.0,247.0,vote_k4
1.5B,arc,arc-0055,test,oracle,4,0.0,247.0,oracle_k4
1.5B,arc,arc-0055,test,judge,4,0.0,371.0,judge_k4
1.5B,arc,arc-0055,test,vote,8,0.0,494.0,vote_k8
1.5B,arc,arc-0055,test,oracle,8,0.0,494.0,oracle_k8
1.5B,arc,arc-0055,test,judge,8,0.0,653.0,judge_k8
1.5B,arc,arc-0055,test,seq,1,0.0,61.0,seq_r1
1.5B,arc,arc-0055,test,seq,2,0.0,157.0,seq_r2
1.5B,arc,arc-0055,test,seq,3,0.0,285.0,seq_r3
1.5B,arc,arc-0055,test,seq,4,0.0,532.0,seq_r4
1.5B,arc,arc-0055,test,long,2,0.0,333.0,long_m2
1.5B,arc,arc-0055,test,long,4,0.0,333.0,long_m4
1.5B,arc,arc-0055,test,debate,6,0.0,492.0,debate_a3r2
1.5B,arc,arc-0056,test,single,1,1.0,84.0,
1.5B,arc,arc-0056,test,vote,4,1.0,373.5,vote_k4
1.5B,arc,arc-0056,test,oracle,4,1.0,373.5,oracle_k4
1.5B,arc,arc-0056,test,judge,4,1.0,554.5,judge_k4
1.5B,arc,arc-0056,test,vote,8,1.0,799.0,vote_k8
1.5B,arc,arc-0056,test,oracle,8,1.0,799.0,oracle_k8
1.5B,arc,arc-0056,test,judge,8,1.0,1100.0,judge_k8
1.5B,arc,arc-0056,test,seq,1,1.0,84.0,seq_r1
1.5B,arc,arc-0056,test,seq,2,0.0,291.0,seq_r2
1.5B,arc,arc-0056,test,seq,3,1.0,642.0,seq_r3
1.5B,arc,arc-0056,test,seq,4,1.0,1054.0,seq_r4
1.5B,arc,arc-0056,test,long,2,1.0,325.0,long_m2
1.5B,arc,arc-0056,test,long,4,1.0,325.0,long_m4
1.5B,arc,arc-0056,test,debate,6,1.0,651.0,debate_a3r2
1.5B,arc,arc-0057,test,single,1,1.0,121.0,
1.5B,arc,arc-0057,test,vote,4,1.0,628.5,vote_k4
1.5B,arc,arc-0057,test,oracle,4,1.0,628.5,oracle_k4
1.5B,arc,arc-0057,test,judge,4,1.0,982.0,judge_k4
1.5B,arc,arc-0057,test,vote,8,1.0,1160.0,vote_k8
1.5B,arc,arc-0057,test,oracle,8,1.0,1160.0,oracle_k8
1.5B,arc,arc-0057,test,judge,8,1.0,1633.0,judge_k8
1.5B,arc,arc-0057,test,seq,1,1.0,121.0,seq_r1
1.5B,arc,arc-0057,test,seq,2,1.0,299.0,seq_r2
1.5B,arc,arc-0057,test,seq,3,1.0,491.0,seq_r3
1.5B,arc,arc-0057,test,seq,4,1.0,683.0,seq_r4
1.5B,arc,arc-0057,test,long,2,1.0,355.0,long_m2
1.5B,arc,arc-0057,test,long,4,1.0,355.0,long_m4
1.5B,arc,arc-0057,test,debate,6,1.0,1129.0,debate_a3r2
1.5B,arc,arc-0058,test,single,1,1.0,69.0,
1.5B,arc,arc-0058,test,vote,4,1.0,279.5,vote_k4
1.5B,arc,arc-0058,test,oracle,4,1.0,279.5,oracle_k4
1.5B,arc,arc-0058,test,judge,4,1.0,410.5,judge_k4
1.5B,arc,arc-0058,test,vote,8,1.0,566.0,vote_k8
1.5B,arc,arc-0058,test,oracle,8,1.0,566.0,oracle_k8
1.5B,arc,arc-0058,test,judge,8,1.0,738.0,judge_k8
1.5B,arc,arc-0058,test,seq,1,1.0,69.0,seq_r1
1.5B,arc,arc-0058,test,seq,2,1.0,172.0,seq_r2
1.5B,arc,arc-0058,test,seq,3,1.0,290.0,seq_r3
1.5B,arc,arc-0058,test,seq,4,1.0,461.0,seq_r4
1.5B,arc,arc-0058,test,long,2,1.0,113.0,long_m2
1.5B,arc,arc-0058,test,long,4,1.0,113.0,long_m4
1.5B,arc,arc-0058,test,debate,6,1.0,550.0,debate_a3r2
1.5B,arc,arc-0059,test,single,1,1.0,92.0,
1.5B,arc,arc-0059,test,vote,4,1.0,369.5,vote_k4
1.5B,arc,arc-0059,test,oracle,4,1.0,369.5,oracle_k4
1.5B,arc,arc-0059,test,judge,4,1.0,530.5,judge_k4
1.5B,arc,arc-0059,test,vote,8,1.0,742.0,vote_k8
1.5B,arc,arc-0059,test,oracle,8,1.0,742.0,oracle_k8
1.5B,arc,arc-0059,test,judge,8,1.0,953.0,judge_k8
1.5B,arc,arc-0059,test,seq,1,1.0,92.0,seq_r1
1.5B,arc,arc-0059,test,seq,2,1.0,224.0,seq_r2
1.5B,arc,arc-0059,test,seq,3,0.0,360.0,seq_r3
1.5B,arc,arc-0059,test,seq,4,0.0,496.0,seq_r4
1.5B,arc,arc-0059,test,long,2,0.0,180.0,long_m2
1.5B,arc,arc-0059,test,long,4,0.0,180.0,long_m4
1.5B,arc,arc-0059,test,debate,6,1.0,675.0,debate_a3r2
1.5B,arc,arc-0060,test,single,1,1.0,73.0,
1.5B,arc,arc-0060,test,vote,4,1.0,298.0,vote_k4
1.5B,arc,arc-0060,test,oracle,4,1.0,298.0,oracle_k4
1.5B,arc,arc-0060,test,judge,4,1.0,437.0,judge_k4
1.5B,arc,arc-0060,test,vote,8,1.0,598.0,vote_k8
1.5B,arc,arc-0060,test,oracle,8,1.0,598.0,oracle_k8
1.5B,arc,arc-0060,test,judge,8,1.0,777.0,judge_k8
1.5B,arc,arc-0060,test,seq,1,1.0,73.0,seq_r1
1.5B,arc,arc-0060,test,seq,2,1.0,219.0,seq_r2
1.5B,arc,arc-0060,test,seq,3,1.0,403.0,seq_r3
1.5B,arc,arc-0060,test,seq,4,1.0,660.0,seq_r4
1.5B,arc,arc-0060,test,long,2,1.0,106.0,long_m2
1.5B,arc,arc-0060,test,long,4,1.0,106.0,long_m4
1.5B,arc,arc-0060,test,debate,6,1.0,572.0,debate_a3r2
1.5B,arc,arc-0061,test,single,1,1.0,127.0,
1.5B,arc,arc-0061,test,vote,4,1.0,508.0,vote_k4
1.5B,arc,arc-0061,test,oracle,4,1.0,508.0,oracle_k4
1.5B,arc,arc-0061,test,judge,4,1.0,726.0,judge_k4
1.5B,arc,arc-0061,test,vote,8,1.0,1016.0,vote_k8
1.5B,arc,arc-0061,test,oracle,8,1.0,1016.0,oracle_k8
1.5B,arc,arc-0061,test,judge,8,1.0,1310.0,judge_k8
1.5B,arc,arc-0061,test,seq,1,1.0,127.0,seq_r1
1.5B,arc,arc-0061,test,seq,2,1.0,326.0,seq_r2
1.5B,arc,arc-0061,test,seq,3,1.0,553.0,seq_r3
1.5B,arc,arc-0061,test,seq,4,1.0,780.0,seq_r4
1.5B,arc,arc-0061,test,long,2,1.0,348.0,long_m2
1.5B,arc,arc-0061,test,long,4,1.0,348.0,long_m4
1.5B,arc,arc-0061,test,debate,6,1.0,909.0,debate_a3r2
1.5B,arc,arc-0062,test,single,1,1.0,69.0,
1.5B,arc,arc-0062,test,vote,4,1.0,270.0,vote_k4
1.5B,arc,arc-0062,test,oracle,4,1.0,270.0,oracle_k4
1.5B,arc,arc-0062,test,judge,4,1.0,399.0,judge_k4
1.5B,arc,arc-0062,test,vote,8,1.0,540.0,vote_k8
1.5B,arc,arc-0062,test,oracle,8,1.0,540.0,oracle_k8
1.5B,arc,arc-0062,test,judge,8,1.0,703.0,judge_k8
1.5B,arc,arc-0062,test,seq,1,1.0,69.0,seq_r1
1.5B,arc,arc-0062,test,seq,2,1.0,191.0,seq_r2
1.5B,arc,arc-0062,test,seq,3,1.0,362.0,seq_r3
1.5B,arc,arc-0062,test,seq,4,1.0,545.0,seq_r4
1.5B,arc,arc-0062,test,long,2,1.0,280.0,long_m2
1.5B,arc,arc-0062,test,long,4,1.0,280.0,long_m4
1.5B,arc,arc-0062,test,debate,6,1.0,528.0,debate_a3r2
1.5B,arc,arc-0063,test,single,1,0.0,140.0,
1.5B,arc,arc-0063,test,vote,4,1.0,642.5,vote_k4
1.5B,arc,arc-0063,test,oracle,4,1.0,642.5,oracle_k4
1.5B,arc,arc-0063,test,judge,4,1.0,968.0,judge_k4
1.5B,arc,arc-0063,test,vote,8,0.0,1273.0,vote_k8
1.5B,arc,arc-0063,test,oracle,8,1.0,1273.0,oracle_k8
1.5B,arc,arc-0063,test,judge,8,0.0,1763.0,judge_k8
1.5B,arc,arc-0063,test,seq,1,0.0,140.0,seq_r1
1.5B,arc,arc-0063,test,seq,2,1.0,336.0,seq_r2
1.5B,arc,arc-0063,test,seq,3,1.0,551.0,seq_r3
1.5B,arc,arc-0063,test,seq,4,1.0,742.0,seq_r4
1.5B,arc,arc-0063,test,long,2,0.0,336.0,long_m2
1.5B,arc,arc-0063,test,long,4,0.0,336.0,long_m4
1.5B,arc,arc-0063,test,debate,6,1.0,1044.0,debate_a3r2
1.5B,arc,arc-0064,test,single,1,1.0,67.0,
1.5B,arc,arc-0064,test,vote,4,1.0,272.5,vote_k4
1.5B,arc,arc-0064,test,oracle,4,1.0,272.5,oracle_k4
1.5B,arc,arc-0064,test,judge,4,1.0,401.5,judge_k4
1.5B,arc,arc-0064,test,vote,8,1.0,548.0,vote_k8
1.5B,arc,arc-0064,test,oracle,8,1.0,548.0,oracle_k8
1.5B,arc,arc-0064,test,judge,8,1.0,714.0,judge_k8
1.5B,arc,arc-0064,test,seq,1,1.0,67.0,seq_r1
1.5B,arc,arc-0064,test,seq,2,1.0,234.0,seq_r2
1.5B,arc,arc-0064,test,seq,3,1.0,467.0,seq_r3
1.5B,arc,arc-0064,test,seq,4,1.0,700.0,seq_r4
1.5B,arc,arc-0064,test,long,2,1.0,302.0,long_m2
1.5B,arc,arc-0064,test,long,4,1.0,302.0,long_m4
1.5B,arc,arc-0064,test,debate,6,1.0,519.0,debate_a3r2
1.5B,arc,arc-0065,test,single,1,1.0,93.0,
1.5B,arc,arc-0065,test,vote,4,1.0,373.0,vote_k4
1.5B,arc,arc-0065,test,oracle,4,1.0,373.0,oracle_k4
1.5B,arc,arc-0065,test,judge,4,1.0,551.0,judge_k4
1.5B,arc,arc-0065,test,vote,8,1.0,734.0,vote_k8
1.5B,arc,arc-0065,test,oracle,8,1.0,734.0,oracle_k8
1.5B,arc,arc-0065,test,judge,8,1.0,967.0,judge_k8
1.5B,arc,arc-0065,test,seq,1,1.0,93.0,seq_r1
1.5B,arc,arc-0065,test,seq,2,0.0,302.0,seq_r2
1.5B,arc,arc-0065,test,seq,3,0.0,586.0,seq_r3
1.5B,arc,arc-0065,test,seq,4,1.0,956.0,seq_r4
1.5B,arc,arc-0065,test,long,2,1.0,416.0,long_m2
1.5B,arc,arc-0065,test,long,4,1.0,416.0,long_m4
1.5B,arc,arc-0065,test,debate,6,1.0,682.0,debate_a3r2
1.5B,arc,arc-0066,test,single,1,1.0,107.0,
1.5B,arc,arc-0066,test,vote,4,1.0,432.0,vote_k4
1.5B,arc,arc-0066,test,oracle,4,1.0,432.0,oracle_k4
1.5B,arc,arc-0066,test,judge,4,1.0,603.0,judge_k4
1.5B,arc,arc-0066,test,vote,8,1.0,880.0,vote_k8
1.5B,arc,arc-0066,test,oracle,8,1.0,880.0,oracle_k8
1.5B,arc,arc-0066,test,judge,8,1.0,1103.0,judge_k8
1.5B,arc,arc-0066,test,seq,1,1.0,107.0,seq_r1
1.5B,arc,arc-0066,test,seq,2,1.0,321.0,seq_r2
1.5B,arc,arc-0066,test,seq,3,1.0,607.0,seq_r3
1.5B,arc,arc-0066,test,seq,4,1.0,893.0,seq_r4
1.5B,arc,arc-0066,test,long,2,1.0,140.0,long_m2
1.5B,arc,arc-0066,test,long,4,1.0,140.0,long_m4
1.5B,arc,arc-0066,test,debate,6,1.0,786.0,debate_a3r2
1.5B,arc,arc-0067,test,single,1,1.0,64.0,
1.5B,arc,arc-0067,test,vote,4,1.0,255.0,vote_k4
1.5B,arc,arc-0067,test,oracle,4,1.0,255.0,oracle_k4
1.5B,arc,arc-0067,test,judge,4,1.0,384.0,judge_k4
1.5B,arc,arc-0067,test,vote,8,1.0,508.0,vote_k8
1.5B,arc,arc-0067,test,oracle,8,1.0,508.0,oracle_k8
1.5B,arc,arc-0067,test,judge,8,1.0,674.0,judge_k8
1.5B,arc,arc-0067,test,seq,1,1.0,64.0,seq_r1
1.5B,arc,arc-0067,test,seq,2,1.0,280.0,seq_r2
1.5B,arc,arc-0067,test,seq,3,1.0,610.0,seq_r3
1.5B,arc,arc-0067,test,seq,4,1.0,836.0,seq_r4
1.5B,arc,arc-0067,test,long,2,1.0,97.0,long_m2
1.5B,arc,arc-0067,test,long,4,1.0,97.0,long_m4
1.5B,arc,arc-0067,test,debate,6,1.0,510.0,debate_a3r2
1.5B,arc,arc-0068,test,single,1,1.0,71.0,
1.5B,arc,arc-0068,test,vote,4,1.0,300.0,vote_k4
1.5B,arc,arc-0068,test,oracle,4,1.0,300.0,oracle_k4
1.5B,arc,arc-0068,test,judge,4,1.0,444.0,judge_k4
1.5B,arc,arc-0068,test,vote,8,1.0,600.0,vote_k8
1.5B,arc,arc-0068,test,oracle,8,1.0,600.0,oracle_k8
1.5B,arc,arc-0068,test,judge,8,1.0,790.0,judge_k8
1.5B,arc,arc-0068,test,seq,1,1.0,71.0,seq_r1
1.5B,arc,arc-0068,test,seq,2,1.0,195.0,seq_r2
1.5B,arc,arc-0068,test,seq,3,1.0,332.0,seq_r3
1.5B,arc,arc-0068,test,seq,4,1.0,469.0,seq_r4
1.5B,arc,arc-0068,test,long,2,1.0,373.0,long_m2
1.5B,arc,arc-0068,test,long,4,1.0,373.0,long_m4
1.5B,arc,arc-0068,test,debate,6,1.0,585.0,debate_a3r2
1.5B,arc,arc-0069,test,single,1,0.0,156.0,
1.5B,arc,arc-0069,test,vote,4,0.0,659.0,vote_k4
1.5B,arc,arc-0069,test,oracle,4,0.0,659.0,oracle_k4
1.5B,arc,arc-0069,test,judge,4,0.0,906.5,judge_k4
1.5B,arc,arc-0069,test,vote,8,0.0,1304.0,vote_k8
1.5B,arc,arc-0069,test,oracle,8,0.0,1304.0,oracle_k8
1.5B,arc,arc-0069,test,judge,8,0.0,1603.0,judge_k8
1.5B,arc,arc-0069,test,seq,1,0.0,156.0,seq_r1
1.5B,arc,arc-0069,test,seq,2,0.0,406.0,seq_r2
1.5B,arc,arc-0069,test,seq,3,0.0,716.0,seq_r3
1.5B,arc,arc-0069,test,seq,4,0.0,1026.0,seq_r4
1.5B,arc,arc-0069,test,long,2,0.0,403.0,long_m2
1.5B,arc,arc-0069,test,long,4,0.0,403.0,long_m4
1.5B,arc,arc-0069,test,debate,6,0.0,1093.0,debate_a3r2
1.5B,arc,arc-0070,test,single,1,0.0,112.0,
1.5B,arc,arc-0070,test,vote,4,0.0,448.0,vote_k4
1.5B,arc,arc-0070,test,oracle,4,0.0,448.0,oracle_k4
1.5B,arc,arc-0070,test,judge,4,0.0,620.0,judge_k4
1.5B,arc,arc-0070,test,vote,8,0.0,962.0,vote_k8
1.5B,arc,arc-0070,test,oracle,8,0.0,962.0,oracle_k8
1.5B,arc,arc-0070,test,judge,8,0.0,1231.0,judge_k8
1.5B,arc,arc-0070,test,seq,1,0.0,112.0,seq_r1
1.5B,arc,arc-0070,test,seq,2,0.0,282.0,seq_r2
1.5B,arc,arc-0070,test,seq,3,0.0,562.0,seq_r3
1.5B,arc,arc-0070,test,seq,4,0.0,828.0,seq_r4
1.5B,arc,arc-0070,test,long,2,1.0,201.0,long_m2
1.5B,arc,arc-0070,test,long,4,1.0,201.0,long_m4
1.5B,arc,arc-0070,test,debate,6,0.0,976.0,debate_a3r2
1.5B,arc,arc-0071,test,single,1,1.0,148.0,
1.5B,arc,arc-0071,test,vote,4,1.0,607.0,vote_k4
1.5B,arc,arc-0071,test,oracle,4,1.0,607.0,oracle_k4
1.5B,arc,arc-0071,test,judge,4,1.0,828.0,judge_k4
1.5B,arc,arc-0071,test,vote,8,1.0,1214.0,vote_k8
1.5B,arc,arc-0071,test,oracle,8,1.0,1214.0,oracle_k8
1.5B,arc,arc-0071,test,judge,8,1.0,1481.0,judge_k8
1.5B,arc,arc-0071,test,seq,1,1.0,148.0,seq_r1
1.5B,arc,arc-0071,test,seq,2,1.0,454.0,seq_r2
1.5B,arc,arc-0071,test,seq,3,1.0,907.0,seq_r3
1.5B,arc,arc-0071,test,seq,4,1.0,1384.0,seq_r4
1.5B,arc,arc-0071,test,long,2,1.0,442.0,long_m2
1.5B,arc,arc-0071,test,long,4,1.0,442.0,long_m4
1.5B,arc,arc-0071,test,debate,6,1.0,1005.0,debate_a3r2
1.5B,arc,arc-0072,test,single,1,0.0,131.0,
1.5B,arc,arc-0072,test,vote,4,0.0,397.0,vote_k4
1.5B,arc,arc-0072,test,oracle,4,0.0,397.0,oracle_k4
1.5B,arc,arc-0072,test,judge,4,0.0,615.0,judge_k4
1.5B,arc,arc-0072,test,vote,8,0.0,742.0,vote_k8
1.5B,arc,arc-0072,test,oracle,8,0.0,742.0,oracle_k8
1.5B,arc,arc-0072,test,judge,8,0.0,1021.0,judge_k8
1.5B,arc,arc-0072,test,seq,1,0.0,131.0,seq_r1
1.5B,arc,arc-0072,test,seq,2,0.0,436.0,seq_r2
1.5B,arc,arc-0072,test,seq,3,0.0,697.0,seq_r3
1.5B,arc,arc-0072,test,seq,4,0.0,985.0,seq_r4
1.5B,arc,arc-0072,test,long,2,1.0,347.0,long_m2
1.5B,arc,arc-0072,test,long,4,1.0,347.0,long_m4
1.5B,arc,arc-0072,test,debate,6,0.0,769.0,debate_a3r2
1.5B,arc,arc-0073,test,single,1,1.0,141.0,
1.5B,arc,arc-0073,test,vote,4,1.0,434.0,vote_k4
1.5B,arc,arc-0073,test,oracle,4,1.0,434.0,oracle_k4
1.5B,arc,arc-0073,test,judge,4,1.0,671.5,judge_k4
1.5B,arc,arc-0073,test,vote,8,1.0,824.0,vote_k8
1.5B,arc,arc-0073,test,oracle,8,1.0,824.0,oracle_k8
1.5B,arc,arc-0073,test,judge,8,1.0,1143.0,judge_k8
1.5B,arc,arc-0073,test,seq,1,1.0,141.0,seq_r1
1.5B,arc,arc-0073,test,seq,2,1.0,324.0,seq_r2
1.5B,arc,arc-0073,test,seq,3,1.0,488.0,seq_r3
1.5B,arc,arc-0073,test,seq,4,1.0,681.0,seq_r4
1.5B,arc,arc-0073,test,long,2,1.0,354.0,long_m2
1.5B,arc,arc-0073,test,long,4,1.0,354.0,long_m4
1.5B,arc,arc-0073,test,debate,6,1.0,808.0,debate_a3r2
1.5B,arc,arc-0074,test,single,1,1.0,87.0,
1.5B,arc,arc-0074,test,vote,4,1.0,349.5,vote_k4
1.5B,arc,arc-0074,test,oracle,4,1.0,349.5,oracle_k4
1.5B,arc,arc-0074,test,judge,4,1.0,498.0,judge_k4
1.5B,arc,arc-0074,test,vote,8,1.0,699.0,vote_k8
1.5B,arc,arc-0074,test,oracle,8,1.0,699.0,oracle_k8
1.5B,arc,arc-0074,test,judge,8,1.0,881.0,judge_k8
1.5B,arc,arc-0074,test,seq,1,1.0,87.0,seq_r1
1.5B,arc,arc-0074,test,seq,2,1.0,256.0,seq_r2
1.5B,arc,arc-0074,test,seq,3,1.0,444.0,seq_r3
1.5B,arc,arc-0074,test,seq,4,1.0,627.0,seq_r4
1.5B,arc,arc-0074,test,long,2,0.0,370.0,long_m2
1.5B,arc,arc-0074,test,long,4,0.0,370.0,long_m4
1.5B,arc,arc-0074,test,debate,6,1.0,642.0,debate_a3r2
1.5B,arc,arc-0075,test,single,1,1.0,66.0,
1.5B,arc,arc-0075,test,vote,4,1.0,268.0,vote_k4
1.5B,arc,arc-0075,test,oracle,4,1.0,268.0,oracle_k4
1.5B,arc,arc-0075,test,judge,4,1.0,398.0,judge_k4
1.5B,arc,arc-0075,test,vote,8,1.0,536.0,vote_k8
1.5B,arc,arc-0075,test,oracle,8,1.0,536.0,oracle_k8
1.5B,arc,arc-0075,test,judge,8,1.0,702.0,judge_k8
1.5B,arc,arc-0075,test,seq,1,1.0,66.0,seq_r1
1.5B,arc,arc-0075,test,seq,2,1.0,211.0,seq_r2
1.5B,arc,arc-0075,test,seq,3,1.0,402.0,seq_r3
1.5B,arc,arc-0075,test,seq,4,1.0,604.0,seq_r4
1.5B,arc,arc-0075,test,long,2,1.0,143.0,long_m2
1.5B,arc,arc-0075,test,long,4,1.0,143.0,long_m4
1.5B,arc,arc-0075,test,debate,6,1.0,528.0,debate_a3r2
1.5B,arc,arc-0076,test,single,1,1.0,101.0,
1.5B,arc,arc-0076,test,vote,4,1.0,409.5,vote_k4
1.5B,arc,arc-0076,test,oracle,4,1.0,409.5,oracle_k4
1.5B,arc,arc-0076,test,judge,4,1.0,598.5,judge_k4
1.5B,arc,arc-0076,test,vote,8,1.0,791.0,vote_k8
1.5B,arc,arc-0076,test,oracle,8,1.0,791.0,oracle_k8
1.5B,arc,arc-0076,test,judge,8,1.0,1024.0,judge_k8
1.5B,arc,arc-0076,test,seq,1,1.0,101.0,seq_r1
1.5B,arc,arc-0076,test,seq,2,0.0,264.0,seq_r2
1.5B,arc,arc-0076,test,seq,3,0.0,539.0,seq_r3
1.5B,arc,arc-0076,test,seq,4,0.0,785.0,seq_r4
1.5B,arc,arc-0076,test,long,2,0.0,503.0,long_m2
1.5B,arc,arc-0076,test,long,4,0.0,503.0,long_m4
1.5B,arc,arc-0076,test,debate,6,1.0,749.0,debate_a3r2
1.5B,arc,arc-0077,test,single,1,1.0,127.0,
1.5B,arc,arc-0077,test,vote,4,1.0,508.0,vote_k4
1.5B,arc,arc-0077,test,oracle,4,1.0,508.0,oracle_k4
1.5B,arc,arc-0077,test,judge,4,1.0,722.0,judge_k4
1.5B,arc,arc-0077,test,vote,8,1.0,1020.0,vote_k8
1.5B,arc,arc-0077,test,oracle,8,1.0,1020.0,oracle_k8
1.5B,arc,arc-0077,test,judge,8,1.0,1306.0,judge_k8
1.5B,arc,arc-0077,test,seq,1,1.0,127.0,seq_r1
1.5B,arc,arc-0077,test,seq,2,1.0,298.0,seq_r2
1.5B,arc,arc-0077,test,seq,3,1.0,469.0,seq_r3
1.5B,arc,arc-0077,test,seq,4,1.0,688.0,seq_r4
1.5B,arc,arc-0077,test,long,2,1.0,225.0,long_m2
1.5B,arc,arc-0077,test,long,4,1.0,225.0,long_m4
1.5B,arc,arc-0077,test,debate,6,1.0,918.0,debate_a3r2
1.5B,arc,arc-0078,test,single,1,1.0,123.0,
1.5B,arc,arc-0078,test,vote,4,1.0,520.5,vote_k4
1.5B,arc,arc-0078,test,oracle,4,1.0,520.5,oracle_k4
1.5B,arc,arc-0078,test,judge,4,1.0,729.5,judge_k4
1.5B,arc,arc-0078,test,vote,8,1.0,1060.0,vote_k8
1.5B,arc,arc-0078,test,oracle,8,1.0,1060.0,oracle_k8
1.5B,arc,arc-0078,test,judge,8,1.0,1346.0,judge_k8
1.5B,arc,arc-0078,test,seq,1,1.0,123.0,seq_r1
1.5B,arc,arc-0078,test,seq,2,1.0,304.0,seq_r2
1.5B,arc,arc-0078,test,seq,3,1.0,509.0,seq_r3
1.5B,arc,arc-0078,test,seq,4,1.0,811.0,seq_r4
1.5B,arc,arc-0078,test,long,2,1.0,425.0,long_m2
1.5B,arc,arc-0078,test,long,4,1.0,425.0,long_m4
1.5B,arc,arc-0078,test,debate,6,1.0,910.0,debate_a3r2
1.5B,arc,arc-0079,test,single,1,1.0,84.0,
1.5B,arc,arc-0079,test,vote,4,1.0,332.0,vote_k4
1.5B,arc,arc-0079,test,oracle,4,1.0,332.0,oracle_k4
1.5B,arc,arc-0079,test,judge,4,1.0,478.0,judge_k4
1.5B,arc,arc-0079,test,vote,8,1.0,662.0,vote_k8
1.5B,arc,arc-0079,test,oracle,8,1.0,662.0,oracle_k8
1.5B,arc,arc-0079,test,judge,8,1.0,842.0,judge_k8
1.5B,arc,arc-0079,test,seq,1,1.0,84.0,seq_r1
1.5B,arc,arc-0079,test,seq,2,1.0,245.0,seq_r2
1.5B,arc,arc-0079,test,seq,3,0.0,485.0,seq_r3
1.5B,arc,arc-0079,test,seq,4,0.0,730.0,seq_r4
1.5B,arc,arc-0079,test,long,2,0.0,624.0,long_m2
1.5B,arc,arc-0079,test,long,4,0.0,657.0,long_m4
1.5B,arc,arc-0079,test,debate,6,1.0,618.0,debate_a3r2
1.5B,arc,arc-0080,test,single,1,1.0,64.0,
1.5B,arc,arc-0080,test,vote,4,1.0,244.0,vote_k4
1.5B,arc,arc-0080,test,oracle,4,1.0,244.0,oracle_k4
1.5B,arc,arc-0080,test,judge,4,1.0,368.0,judge_k4
1.5B,arc,arc-0080,test,vote,8,1.0,484.0,vote_k8
1.5B,arc,arc-0080,test,oracle,8,1.0,484.0,oracle_k8
1.5B,arc,arc-0080,test,judge,8,1.0,640.0,judge_k8
1.5B,arc,arc-0080,test,seq,1,1.0,64.0,seq_r1
1.5B,arc,arc-0080,test,seq,2,0.0,188.0,seq_r2
1.5B,arc,arc-0080,test,seq,3,0.0,393.0,seq_r3
1.5B,arc,arc-0080,test,seq,4,0.0,597.0,seq_r4
1.5B,arc,arc-0080,test,long,2,1.0,210.0,long_m2
1.5B,arc,arc-0080,test,long,4,1.0,210.0,long_m4
1.5B,arc,arc-0080,test,debate,6,1.0,492.0,debate_a3r2
1.5B,arc,arc-0081,test,single,1,1.0,113.0,
1.5B,arc,arc-0081,test,vote,4,1.0,448.5,vote_k4
1.5B,arc,arc-0081,test,oracle,4,1.0,448.5,oracle_k4
1.5B,arc,arc-0081,test,judge,4,1.0,648.5,judge_k4
1.5B,arc,arc-0081,test,vote,8,1.0,889.0,vote_k8
1.5B,arc,arc-0081,test,oracle,8,1.0,889.0,oracle_k8
1.5B,arc,arc-0081,test,judge,8,1.0,1153.0,judge_k8
1.5B,arc,arc-0081,test,seq,1,1.0,113.0,seq_r1
1.5B,arc,arc-0081,test,seq,2,1.0,347.0,seq_r2
1.5B,arc,arc-0081,test,seq,3,1.0,657.0,seq_r3
1.5B,arc,arc-0081,test,seq,4,1.0,959.0,seq_r4
1.5B,arc,arc-0081,test,long,2,1.0,315.0,long_m2
1.5B,arc,arc-0081,test,long,4,1.0,315.0,long_m4
1.5B,arc,arc-0081,test,debate,6,1.0,784.0,debate_a3r2
1.5B,arc,arc-0082,test,single,1,1.0,128.0,
1.5B,arc,arc-0082,test,vote,4,1.0,501.0,vote_k4
1.5B,arc,arc-0082,test,oracle,4,1.0,501.0,oracle_k4
1.5B,arc,arc-0082,test,judge,4,1.0,710.0,judge_k4
1.5B,arc,arc-0082,test,vote,8,1.0,1013.0,vote_k8
1.5B,arc,arc-0082,test,oracle,8,1.0,1013.0,oracle_k8
1.5B,arc,arc-0082,test,judge,8,1.0,1298.0,judge_k8
1.5B,arc,arc-0082,test,seq,1,1.0,128.0,seq_r1
1.5B,arc,arc-0082,test,seq,2,1.0,304.0,seq_r2
1.5B,arc,arc-0082,test,seq,3,1.0,502.0,seq_r3
1.5B,arc,arc-0082,test,seq,4,1.0,686.0,seq_r4
1.5B,arc,arc-0082,test,long,2,1.0,159.0,long_m2
1.5B,arc,arc-0082,test,long,4,1.0,159.0,long_m4
1.5B,arc,arc-0082,test,debate,6,1.0,885.0,debate_a3r2
1.5B,arc,arc-0083,test,single,1,1.0,96.0,
1.5B,arc,arc-0083,test,vote,4,1.0,384.0,vote_k4
1.5B,arc,arc-0083,test,oracle,4,1.0,384.0,oracle_k4
1.5B,arc,arc-0083,test,judge,4,1.0,540.0,judge_k4
1.5B,arc,arc-0083,test,vote,8,1.0,768.0,vote_k8
1.5B,arc,arc-0083,test,oracle,8,1.0,768.0,oracle_k8
1.5B,arc,arc-0083,test,judge,8,1.0,956.0,judge_k8
1.5B,arc,arc-0083,test,seq,1,1.0,96.0,seq_r1
1.5B,arc,arc-0083,test,seq,2,1.0,323.0,seq_r2
1.5B,arc,arc-0083,test,seq,3,1.0,565.0,seq_r3
1.5B,arc,arc-0083,test,seq,4,1.0,726.0,seq_r4
1.5B,arc,arc-0083,test,long,2,1.0,363.0,long_m2
1.5B,arc,arc-0083,test,long,4,1.0,363.0,long_m4
1.5B,arc,arc-0083,test,debate,6,1.0,696.0,debate_a3r2
1.5B,arc,arc-0084,test,single,1,1.0,79.0,
1.5B,arc,arc-0084,test,vote,4,1.0,319.5,vote_k4
1.5B,arc,arc-0084,test,oracle,4,1.0,319.5,oracle_k4
1.5B,arc,arc-0084,test,judge,4,1.0,460.5,judge_k4
1.5B,arc,arc-0084,test,vote,8,1.0,639.0,vote_k8
1.5B,arc,arc-0084,test,oracle,8,1.0,639.0,oracle_k8
1.5B,arc,arc-0084,test,judge,8,1.0,815.0,judge_k8
1.5B,arc,arc-0084,test,seq,1,1.0,79.0,seq_r1
1.5B,arc,arc-0084,test,seq,2,0.0,245.0,seq_r2
1.5B,arc,arc-0084,test,seq,3,0.0,464.0,seq_r3
1.5B,arc,arc-0084,test,seq,4,0.0,683.0,seq_r4
1.5B,arc,arc-0084,test,long,2,1.0,313.0,long_m2
1.5B,arc,arc-0084,test,long,4,1.0,313.0,long_m4
1.5B,arc,arc-0084,test,debate,6,1.0,591.0,debate_a3r2
1.5B,arc,arc-0085,test,single,1,1.0,152.0,
1.5B,arc,arc-0085,test,vote,4,1.0,519.5,vote_k4
1.5B,arc,arc-0085,test,oracle,4,1.0,519.5,oracle_k4
1.5B,arc,arc-0085,test,judge,4,1.0,792.5,judge_k4
1.5B,arc,arc-0085,test,vote,8,1.0,1095.0,vote_k8
1.5B,arc,arc-0085,test,oracle,8,1.0,1095.0,oracle_k8
1.5B,arc,arc-0085,test,judge,8,1.0,1569.0,judge_k8
1.5B,arc,arc-0085,test,seq,1,1.0,152.0,seq_r1
1.5B,arc,arc-0085,test,seq,2,1.0,346.0,seq_r2
1.5B,arc,arc-0085,test,seq,3,1.0,520.0,seq_r3
1.5B,arc,arc-0085,test,seq,4,1.0,707.0,seq_r4
1.5B,arc,arc-0085,test,long,2,1.0,363.0,long_m2
1.5B,arc,arc-0085,test,long,4,1.0,363.0,long_m4
1.5B,arc,arc-0085,test,debate,6,1.0,1224.0,debate_a3r2
1.5B,arc,arc-0086,test,single,1,1.0,74.0,
1.5B,arc,arc-0086,test,vote,4,1.0,298.5,vote_k4
1.5B,arc,arc-0086,test,oracle,4,1.0,298.5,oracle_k4
1.5B,arc,arc-0086,test,judge,4,1.0,435.0,judge_k4
1.5B,arc,arc-0086,test,vote,8,1.0,597.0,vote_k8
1.5B,arc,arc-0086,test,oracle,8,1.0,597.0,oracle_k8
1.5B,arc,arc-0086,test,judge,8,1.0,768.0,judge_k8
1.5B,arc,arc-0086,test,seq,1,1.0,74.0,seq_r1
1.5B,arc,arc-0086,test,seq,2,1.0,208.0,seq_r2
1.5B,arc,arc-0086,test,seq,3,1.0,353.0,seq_r3
1.5B,arc,arc-0086,test,seq,4,1.0,484.0,seq_r4
1.5B,arc,arc-0086,test,long,2,1.0,107.0,long_m2
1.5B,arc,arc-0086,test,long,4,1.0,107.0,long_m4
1.5B,arc,arc-0086,test,debate,6,1.0,564.0,debate_a3r2
1.5B,arc,arc-0087,test,single,1,0.0,103.0,
1.5B,arc,arc-0087,test,vote,4,0.0,455.5,vote_k4
1.5B,arc,arc-0087,test,oracle,4,0.0,455.5,oracle_k4
1.5B,arc,arc-0087,test,judge,4,0.0,676.0,judge_k4
1.5B,arc,arc-0087,test,vote,8,0.0,954.0,vote_k8
1.5B,arc,arc-0087,test,oracle,8,0.0,954.0,oracle_k8
1.5B,arc,arc-0087,test,judge,8,0.0,1311.0,judge_k8
1.5B,arc,arc-0087,test,seq,1,0.0,103.0,seq_r1
1.5B,arc,arc-0087,test,seq,2,1.0,480.0,seq_r2
1.5B,arc,arc-0087,test,seq,3,1.0,850.0,seq_r3
1.5B,arc,arc-0087,test,seq,4,1.0,1030.0,seq_r4
1.5B,arc,arc-0087,test,long,2,0.0,364.0,long_m2
1.5B,arc,arc-0087,test,long,4,0.0,364.0,long_m4
1.5B,arc,arc-0087,test,debate,6,0.0,883.0,debate_a3r2
1.5B,arc,arc-0088,test,single,1,0.0,142.0,
1.5B,arc,arc-0088,test,vote,4,0.0,561.5,vote_k4
1.5B,arc,arc-0088,test,oracle,4,0.0,561.5,oracle_k4
1.5B,arc,arc-0088,test,judge,4,0.0,795.0,judge_k4
1.5B,arc,arc-0088,test,vote,8,0.0,1109.0,vote_k8
1.5B,arc,arc-0088,test,oracle,8,0.0,1109.0,oracle_k8
1.5B,arc,arc-0088,test,judge,8,0.0,1408.0,judge_k8
1.5B,arc,arc-0088,test,seq,1,0.0,142.0,seq_r1
1.5B,arc,arc-0088,test,seq,2,0.0,474.0,seq_r2
1.5B,arc,arc-0088,test,seq,3,0.0,793.0,seq_r3
1.5B,arc,arc-0088,test,seq,4,0.0,1205.0,seq_r4
1.5B,arc,arc-0088,test,long,2,0.0,424.0,long_m2
1.5B,arc,arc-0088,test,long,4,0.0,424.0,long_m4
1.5B,arc,arc-0088,test,debate,6,0.0,965.0,debate_a3r2
1.5B,arc,arc-0089,test,single,1,0.0,123.0,
1.5B,arc,arc-0089,test,vote,4,1.0,506.5,vote_k4
1.5B,arc,arc-0089,test,oracle,4,1.0,506.5,oracle_k4
1.5B,arc,arc-0089,test,judge,4,1.0,703.0,judge_k4
1.5B,arc,arc-0089,test,vote,8,0.0,1013.0,vote_k8
1.5B,arc,arc-0089,test,oracle,8,1.0,1013.0,oracle_k8
1.5B,arc,arc-0089,test,judge,8,0.0,1256.0,judge_k8
1.5B,arc,arc-0089,test,seq,1,0.0,123.0,seq_r1
1.5B,arc,arc-0089,test,seq,2,0.0,534.0,seq_r2
1.5B,arc,arc-0089,test,seq,3,0.0,944.0,seq_r3
1.5B,arc,arc-0089,test,seq,4,0.0,1129.0,seq_r4
1.5B,arc,arc-0089,test,long,2,0.0,445.0,long_m2
1.5B,arc,arc-0089,test,long,4,0.0,445.0,long_m4
1.5B,arc,arc-0089,test,debate,6,0.0,858.0,debate_a3r2
1.5B,csp,csp-0000,calib,single,1,0.0,386.0,
1.5B,csp,csp-0000,calib,vote,4,0.0,1542.0,vote_k4
1.5B,csp,csp-0000,calib,prog,4,0.0,1542.0,prog_k4
1.5B,csp,csp-0000,calib,oracle,4,0.0,1542.0,oracle_k4
1.5B,csp,csp-0000,calib,judge,4,0.0,2612.0,judge_k4
1.5B,csp,csp-0000,calib,vote,8,0.0,3084.0,vote_k8
1.5B,csp,csp-0000,calib,prog,8,0.0,3084.0,prog_k8
1.5B,csp,csp-0000,calib,oracle,8,0.0,3084.0,oracle_k8
1.5B,csp,csp-0000,calib,judge,8,0.0,5088.0,judge_k8
1.5B,csp,csp-0000,calib,seq,1,0.0,386.0,seq_r1
1.5B,csp,csp-0000,calib,seq,2,0.0,1123.0,seq_r2
1.5B,csp,csp-0000,calib,seq,3,0.0,1860.0,seq_r3
1.5B,csp,csp-0000,calib,seq,4,0.0,2533.0,seq_r4
1.5B,csp,csp-0000,calib,long,2,0.0,738.0,long_m2
1.5B,csp,csp-0000,calib,long,4,0.0,1378.0,long_m4
1.5B,csp,csp-0000,calib,debate,6,0.0,2518.0,debate_a3r2
1.5B,csp,csp-0001,calib,single,1,0.0,226.0,
1.5B,csp,csp-0001,calib,vote,4,0.5,1257.0,vote_k4
1.5B,csp,csp-0001,calib,prog,4,1.0,1257.0,prog_k4
1.5B,csp,csp-0001,calib,oracle,4,1.0,1257.0,oracle_k4
1.5B,csp,csp-0001,calib,judge,4,0.5,2248.0,judge_k4
1.5B,csp,csp-0001,calib,vote,8,1.0,2618.0,vote_k8
1.5B,csp,csp-0001,calib,prog,8,1.0,2618.0,prog_k8
1.5B,csp,csp-0001,calib,oracle,8,1.0,2618.0,oracle_k8
1.5B,csp,csp-0001,calib,judge,8,1.0,4591.0,judge_k8
1.5B,csp,csp-0001,calib,seq,1,0.0,226.0,seq_r1
1.5B,csp,csp-0001,calib,seq,2,0.0,525.0,seq_r2
1.5B,csp,csp-0001,calib,seq,3,1.0,984.0,seq_r3
1.5B,csp,csp-0001,calib,seq,4,1.0,1687.0,seq_r4
1.5B,csp,csp-0001,calib,long,2,0.0,593.0,long_m2
1.5B,csp,csp-0001,calib,long,4,0.0,593.0,long_m4
1.5B,csp,csp-0001,calib,debate,6,0.0,2596.0,debate_a3r2
1.5B,csp,csp-0002,calib,single,1,0.0,386.0,
1.5B,csp,csp-0002,calib,vote,4,0.0,1544.0,vote_k4
1.5B,csp,csp-0002,calib,prog,4,0.0,1544.0,prog_k4
1.5B,csp,csp-0002,calib,oracle,4,0.0,1544.0,oracle_k4
1.5B,csp,csp-0002,calib,judge,4,0.0,2632.0,judge_k4
1.5B,csp,csp-0002,calib,vote,8,0.0,3088.0,vote_k8
1.5B,csp,csp-0002,calib,prog,8,0.0,3088.0,prog_k8
1.5B,csp,csp-0002,calib,oracle,8,0.0,3088.0,oracle_k8
1.5B,csp,csp-0002,calib,judge,8,0.0,5129.0,judge_k8
1.5B,csp,csp-0002,calib,seq,1,0.0,386.0,seq_r1
1.5B,csp,csp-0002,calib,seq,2,0.0,985.0,seq_r2
1.5B,csp,csp-0002,calib,seq,3,0.0,1583.0,seq_r3
1.5B,csp,csp-0002,calib,seq,4,0.0,2049.0,seq_r4
1.5B,csp,csp-0002,calib,long,2,1.0,605.0,long_m2
1.5B,csp,csp-0002,calib,long,4,1.0,605.0,long_m4
1.5B,csp,csp-0002,calib,debate,6,0.0,2768.0,debate_a3r2
1.5B,csp,csp-0003,calib,single,1,0.0,387.0,
1.5B,csp,csp-0003,calib,vote,4,0.0,1464.0,vote_k4
1.5B,csp,csp-0003,calib,prog,4,0.0,1464.0,prog_k4
1.5B,csp,csp-0003,calib,oracle,4,0.0,1464.0,oracle_k4
1.5B,csp,csp-0003,calib,judge,4,0.0,2615.5,judge_k4
1.5B,csp,csp-0003,calib,vote,8,0.0,3012.0,vote_k8
1.5B,csp,csp-0003,calib,prog,8,0.0,3012.0,prog_k8
1.5B,csp,csp-0003,calib,oracle,8,0.0,3012.0,oracle_k8
1.5B,csp,csp-0003,calib,judge,8,0.0,5164.0,judge_k8
1.5B,csp,csp-0003,calib,seq,1,0.0,387.0,seq_r1
1.5B,csp,csp-0003,calib,seq,2,0.0,1123.0,seq_r2
1.5B,csp,csp-0003,calib,seq,3,0.0,1860.0,seq_r3
1.5B,csp,csp-0003,calib,seq,4,0.0,2288.0,seq_r4
1.5B,csp,csp-0003,calib,long,2,0.0,739.0,long_m2
1.5B,csp,csp-0003,calib,long,4,1.0,774.0,long_m4
1.5B,csp,csp-0003,calib,debate,6,0.0,2566.0,debate_a3r2
1.5B,csp,csp-0004,calib,single,1,0.0,387.0,
1.5B,csp,csp-0004,calib,vote,4,0.0,1516.0,vote_k4
1.5B,csp,csp-0004,calib,prog,4,0.0,1516.0,prog_k4
1.5B,csp,csp-0004,calib,oracle,4,0.0,1516.0,oracle_k4
1.5B,csp,csp-0004,calib,judge,4,0.0,2574.0,judge_k4
1.5B,csp,csp-0004,calib,vote,8,0.0,3026.0,vote_k8
1.5B,csp,csp-0004,calib,prog,8,0.0,3026.0,prog_k8
1.5B,csp,csp-0004,calib,oracle,8,0.0,3026.0,oracle_k8
1.5B,csp,csp-0004,calib,judge,8,0.0,5036.0,judge_k8
1.5B,csp,csp-0004,calib,seq,1,0.0,387.0,seq_r1
1.5B,csp,csp-0004,calib,seq,2,0.0,1125.0,seq_r2
1.5B,csp,csp-0004,calib,seq,3,0.0,1862.0,seq_r3
1.5B,csp,csp-0004,calib,seq,4,0.0,2310.0,seq_r4
1.5B,csp,csp-0004,calib,long,2,1.0,713.0,long_m2
1.5B,csp,csp-0004,calib,long,4,1.0,719.0,long_m4
1.5B,csp,csp-0004,calib,debate,6,0.0,2755.0,debate_a3r2
1.5B,csp,csp-0005,calib,single,1,0.0,386.0,
1.5B,csp,csp-0005,calib,vote,4,0.0,1544.0,vote_k4
1.5B,csp,csp-0005,calib,prog,4,0.0,1544.0,prog_k4
1.5B,csp,csp-0005,calib,oracle,4,0.0,1544.0,oracle_k4
1.5B,csp,csp-0005,calib,judge,4,0.0,2698.5,judge_k4
1.5B,csp,csp-0005,calib,vote,8,0.0,3088.0,vote_k8
1.5B,csp,csp-0005,calib,prog,8,0.0,3088.0,prog_k8
1.5B,csp,csp-0005,calib,oracle,8,0.0,3088.0,oracle_k8
1.5B,csp,csp-0005,calib,judge,8,0.0,5263.0,judge_k8
1.5B,csp,csp-0005,calib,seq,1,0.0,386.0,seq_r1
1.5B,csp,csp-0005,calib,seq,2,1.0,1123.0,seq_r2
1.5B,csp,csp-0005,calib,seq,3,0.0,1858.0,seq_r3
1.5B,csp,csp-0005,calib,seq,4,0.0,2595.0,seq_r4
1.5B,csp,csp-0005,calib,long,2,1.0,664.0,long_m2
1.5B,csp,csp-0005,calib,long,4,1.0,664.0,long_m4
1.5B,csp,csp-0005,calib,debate,6,0.0,2476.0,debate_a3r2
1.5B,csp,csp-0006,calib,single,1,1.0,173.0,
1.5B,csp,csp-0006,calib,vote,4,1.0,706.5,vote_k4
1.5B,csp,csp-0006,calib,prog,4,1.0,706.5,prog_k4
1.5B,csp,csp-0006,calib,oracle,4,1.0,706.5,oracle_k4
1.5B,csp,csp-0006,calib,judge,4,1.0,1326.5,judge_k4
1.5B,csp,csp-0006,calib,vote,8,1.0,1293.0,vote_k8
1.5B,csp,csp-0006,calib,prog,8,1.0,1293.0,prog_k8
1.5B,csp,csp-0006,calib,oracle,8,1.0,1293.0,oracle_k8
1.5B,csp,csp-0006,calib,judge,8,1.0,2188.0,judge_k8
1.5B,csp,csp-0006,calib,seq,1,1.0,173.0,seq_r1
1.5B,csp,csp-0006,calib,seq,2,1.0,466.0,seq_r2
1.5B,csp,csp-0006,calib,seq,3,1.0,772.0,seq_r3
1.5B,csp,csp-0006,calib,seq,4,1.0,1113.0,seq_r4
1.5B,csp,csp-0006,calib,long,2,1.0,399.0,long_m2
1.5B,csp,csp-0006,calib,long,4,1.0,399.0,long_m4
1.5B,csp,csp-0006,calib,debate,6,1.0,1231.0,debate_a3r2
1.5B,csp,csp-0007,calib,single,1,1.0,233.0,
1.5B,csp,csp-0007,calib,vote,4,0.5,1032.5,vote_k4
1.5B,csp,csp-0007,calib,prog,4,1.0,1032.5,prog_k4
1.5B,csp,csp-0007,calib,oracle,4,1.0,1032.5,oracle_k4
1.5B,csp,csp-0007,calib,judge,4,0.5,1856.5,judge_k4
1.5B,csp,csp-0007,calib,vote,8,1.0,2244.0,vote_k8
1.5B,csp,csp-0007,calib,prog,8,1.0,2244.0,prog_k8
1.5B,csp,csp-0007,calib,oracle,8,1.0,2244.0,oracle_k8
1.5B,csp,csp-0007,calib,judge,8,0.0,3908.0,judge_k8
1.5B,csp,csp-0007,calib,seq,1,1.0,233.0,seq_r1
1.5B,csp,csp-0007,calib,seq,2,1.0,642.0,seq_r2
1.5B,csp,csp-0007,calib,seq,3,1.0,1019.0,seq_r3
1.5B,csp,csp-0007,calib,seq,4,1.0,1387.0,seq_r4
1.5B,csp,csp-0007,calib,long,2,1.0,590.0,long_m2
1.5B,csp,csp-0007,calib,long,4,1.0,590.0,long_m4
1.5B,csp,csp-0007,calib,debate,6,1.0,1946.0,debate_a3r2
1.5B,csp,csp-0008,calib,single,1,0.0,387.0,
1.5B,csp,csp-0008,calib,vote,4,0.0,1548.0,vote_k4
1.5B,csp,csp-0008,calib,prog,4,0.0,1548.0,prog_k4
1.5B,csp,csp-0008,calib,oracle,4,0.0,1548.0,oracle_k4
1.5B,csp,csp-0008,calib,judge,4,0.0,2678.0,judge_k4
1.5B,csp,csp-0008,calib,vote,8,0.0,3096.0,vote_k8
1.5B,csp,csp-0008,calib,prog,8,0.0,3096.0,prog_k8
1.5B,csp,csp-0008,calib,oracle,8,0.0,3096.0,oracle_k8
1.5B,csp,csp-0008,calib,judge,8,0.0,5251.0,judge_k8
1.5B,csp,csp-0008,calib,seq,1,0.0,387.0,seq_r1
1.5B,csp,csp-0008,calib,seq,2,0.0,1125.0,seq_r2
1.5B,csp,csp-0008,calib,seq,3,0.0,1844.0,seq_r3
1.5B,csp,csp-0008,calib,seq,4,0.0,2563.0,seq_r4
1.5B,csp,csp-0008,calib,long,2,0.0,499.0,long_m2
1.5B,csp,csp-0008,calib,long,4,1.0,786.0,long_m4
1.5B,csp,csp-0008,calib,debate,6,0.0,2861.0,debate_a3r2
1.5B,csp,csp-0009,calib,single,1,0.0,386.0,
1.5B,csp,csp-0009,calib,vote,4,0.0,1544.0,vote_k4
1.5B,csp,csp-0009,calib,prog,4,0.5,1544.0,prog_k4
1.5B,csp,csp-0009,calib,oracle,4,0.5,1544.0,oracle_k4
1.5B,csp,csp-0009,calib,judge,4,0.5,2707.0,judge_k4
1.5B,csp,csp-0009,calib,vote,8,0.0,3088.0,vote_k8
1.5B,csp,csp-0009,calib,prog,8,1.0,3088.0,prog_k8
1.5B,csp,csp-0009,calib,oracle,8,1.0,3088.0,oracle_k8
1.5B,csp,csp-0009,calib,judge,8,0.0,5229.0,judge_k8
1.5B,csp,csp-0009,calib,seq,1,0.0,386.0,seq_r1
1.5B,csp,csp-0009,calib,seq,2,0.0,1122.0,seq_r2
1.5B,csp,csp-0009,calib,seq,3,1.0,1859.0,seq_r3
1.5B,csp,csp-0009,calib,seq,4,1.0,2596.0,seq_r4
1.5B,csp,csp-0009,calib,long,2,0.0,530.0,long_m2
1.5B,csp,csp-0009,calib,long,4,0.0,530.0,long_m4
1.5B,csp,csp-0009,calib,debate,6,0.0,2466.0,debate_a3r2
1.5B,csp,csp-0010,calib,single,1,0.0,362.0,
1.5B,csp,csp-0010,calib,vote,4,1.0,1396.0,vote_k4
1.5B,csp,csp-0010,calib,prog,4,1.0,1396.0,prog_k4
1.5B,csp,csp-0010,calib,oracle,4,1.0,1396.0,oracle_k4
1.5B,csp,csp-0010,calib,judge,4,1.0,2456.0,judge_k4
1.5B,csp,csp-0010,calib,vote,8,1.0,2930.0,vote_k8
1.5B,csp,csp-0010,calib,prog,8,1.0,2930.0,prog_k8
1.5B,csp,csp-0010,calib,oracle,8,1.0,2930.0,oracle_k8
1.5B,csp,csp-0010,calib,judge,8,1.0,5034.0,judge_k8
1.5B,csp,csp-0010,calib,seq,1,0.0,362.0,seq_r1
1.5B,csp,csp-0010,calib,seq,2,0.0,1062.0,seq_r2
1.5B,csp,csp-0010,calib,seq,3,0.0,1716.0,seq_r3
1.5B,csp,csp-0010,calib,seq,4,0.0,2103.0,seq_r4
1.5B,csp,csp-0010,calib,long,2,0.0,738.0,long_m2
1.5B,csp,csp-0010,calib,long,4,0.0,1378.0,long_m4
1.5B,csp,csp-0010,calib,debate,6,1.0,2328.0,debate_a3r2
1.5B,csp,csp-0011,calib,single,1,0.0,386.0,
1.5B,csp,csp-0011,calib,vote,4,0.0,1455.5,vote_k4
1.5B,csp,csp-0011,calib,prog,4,0.0,1455.5,prog_k4
1.5B,csp,csp-0011,calib,oracle,4,0.0,1455.5,oracle_k4
1.5B,csp,csp-0011,calib,judge,4,0.0,2600.0,judge_k4
1.5B,csp,csp-0011,calib,vote,8,0.0,2911.0,vote_k8
1.5B,csp,csp-0011,calib,prog,8,0.0,2911.0,prog_k8
1.5B,csp,csp-0011,calib,oracle,8,0.0,2911.0,oracle_k8
1.5B,csp,csp-0011,calib,judge,8,0.0,5015.0,judge_k8
1.5B,csp,csp-0011,calib,seq,1,0.0,386.0,seq_r1
1.5B,csp,csp-0011,calib,seq,2,0.0,1123.0,seq_r2
1.5B,csp,csp-0011,calib,seq,3,0.0,1860.0,seq_r3
1.5B,csp,csp-0011,calib,seq,4,0.0,2433.0,seq_r4
1.5B,csp,csp-0011,calib,long,2,0.0,738.0,long_m2
1.5B,csp,csp-0011,calib,long,4,1.0,749.0,long_m4
1.5B,csp,csp-0011,calib,debate,6,1.0,3097.0,debate_a3r2
1.5B,csp,csp-0012,calib,single,1,0.0,387.0,
1.5B,csp,csp-0012,calib,vote,4,0.0,1529.0,vote_k4
1.5B,csp,csp-0012,calib,prog,4,0.0,1529.0,prog_k4
1.5B,csp,csp-0012,calib,oracle,4,0.0,1529.0,oracle_k4
1.5B,csp,csp-0012,calib,judge,4,0.0,2700.5,judge_k4
1.5B,csp,csp-0012,calib,vote,8,0.0,3058.0,vote_k8
1.5B,csp,csp-0012,calib,prog,8,0.0,3058.0,prog_k8
1.5B,csp,csp-0012,calib,oracle,8,0.0,3058.0,oracle_k8
1.5B,csp,csp-0012,calib,judge,8,0.0,5279.0,judge_k8
1.5B,csp,csp-0012,calib,seq,1,0.0,387.0,seq_r1
1.5B,csp,csp-0012,calib,seq,2,1.0,1125.0,seq_r2
1.5B,csp,csp-0012,calib,seq,3,1.0,1594.0,seq_r3
1.5B,csp,csp-0012,calib,seq,4,0.0,2064.0,seq_r4
1.5B,csp,csp-0012,calib,long,2,0.0,739.0,long_m2
1.5B,csp,csp-0012,calib,long,4,1.0,721.0,long_m4
1.5B,csp,csp-0012,calib,debate,6,0.0,3159.0,debate_a3r2
1.5B,csp,csp-0013,calib,single,1,0.0,339.0,
1.5B,csp,csp-0013,calib,vote,4,0.5,1350.5,vote_k4
1.5B,csp,csp-0013,calib,prog,4,0.5,1350.5,prog_k4
1.5B,csp,csp-0013,calib,oracle,4,0.5,1350.5,oracle_k4
1.5B,csp,csp-0013,calib,judge,4,0.0,2408.5,judge_k4
1.5B,csp,csp-0013,calib,vote,8,0.0,2745.0,vote_k8
1.5B,csp,csp-0013,calib,prog,8,1.0,2745.0,prog_k8
1.5B,csp,csp-0013,calib,oracle,8,1.0,2745.0,oracle_k8
1.5B,csp,csp-0013,calib,judge,8,0.0,4798.0,judge_k8
1.5B,csp,csp-0013,calib,seq,1,0.0,339.0,seq_r1
1.5B,csp,csp-0013,calib,seq,2,0.0,1029.0,seq_r2
1.5B,csp,csp-0013,calib,seq,3,0.0,1766.0,seq_r3
1.5B,csp,csp-0013,calib,seq,4,1.0,2496.0,seq_r4
1.5B,csp,csp-0013,calib,long,2,1.0,403.0,long_m2
1.5B,csp,csp-0013,calib,long,4,1.0,403.0,long_m4
1.5B,csp,csp-0013,calib,debate,6,0.0,2446.0,debate_a3r2
1.5B,csp,csp-0014,calib,single,1,0.0,386.0,
1.5B,csp,csp-0014,calib,vote,4,0.0,1544.0,vote_k4
1.5B,csp,csp-0014,calib,prog,4,0.0,1544.0,prog_k4
1.5B,csp,csp-0014,calib,oracle,4,0.0,1544.0,oracle_k4
1.5B,csp,csp-0014,calib,judge,4,0.0,2659.0,judge_k4
1.5B,csp,csp-0014,calib,vote,8,0.0,3063.0,vote_k8
1.5B,csp,csp-0014,calib,prog,8,0.0,3063.0,prog_k8
1.5B,csp,csp-0014,calib,oracle,8,0.0,3063.0,oracle_k8
1.5B,csp,csp-0014,calib,judge,8,0.0,5168.0,judge_k8
1.5B,csp,csp-0014,calib,seq,1,0.0,386.0,seq_r1
1.5B,csp,csp-0014,calib,seq,2,0.0,1123.0,seq_r2
1.5B,csp,csp-0014,calib,seq,3,0.0,1859.0,seq_r3
1.5B,csp,csp-0014,calib,seq,4,0.0,2596.0,seq_r4
1.5B,csp,csp-0014,calib,long,2,0.0,738.0,long_m2
1.5B,csp,csp-0014,calib,long,4,1.0,798.0,long_m4
1.5B,csp,csp-0014,calib,debate,6,0.0,2465.0,debate_a3r2
1.5B,csp,csp-0015,calib,single,1,0.0,387.0,
1.5B,csp,csp-0015,calib,vote,4,0.0,1548.0,vote_k4
1.5B,csp,csp-0015,calib,prog,4,0.0,1548.0,prog_k4
1.5B,csp,csp-0015,calib,oracle,4,0.0,1548.0,oracle_k4
1.5B,csp,csp-0015,calib,judge,4,0.0,2688.5,judge_k4
1.5B,csp,csp-0015,calib,vote,8,0.0,3096.0,vote_k8
1.5B,csp,csp-0015,calib,prog,8,0.0,3096.0,prog_k8
1.5B,csp,csp-0015,calib,oracle,8,0.0,3096.0,oracle_k8
1.5B,csp,csp-0015,calib,judge,8,0.0,5268.0,judge_k8
1.5B,csp,csp-0015,calib,seq,1,0.0,387.0,seq_r1
1.5B,csp,csp-0015,calib,seq,2,0.0,1124.0,seq_r2
1.5B,csp,csp-0015,calib,seq,3,0.0,1862.0,seq_r3
1.5B,csp,csp-0015,calib,seq,4,1.0,2600.0,seq_r4
1.5B,csp,csp-0015,calib,long,2,1.0,611.0,long_m2
1.5B,csp,csp-0015,calib,long,4,1.0,685.0,long_m4
1.5B,csp,csp-0015,calib,debate,6,0.0,2473.0,debate_a3r2
1.5B,csp,csp-0016,calib,single,1,0.0,386.0,
1.5B,csp,csp-0016,calib,vote,4,0.0,1544.0,vote_k4
1.5B,csp,csp-0016,calib,prog,4,0.0,1544.0,prog_k4
1.5B,csp,csp-0016,calib,oracle,4,0.0,1544.0,oracle_k4
1.5B,csp,csp-0016,calib,judge,4,0.0,2649.5,judge_k4
1.5B,csp,csp-0016,calib,vote,8,0.0,3088.0,vote_k8
1.5B,csp,csp-0016,calib,prog,8,0.0,3088.0,prog_k8
1.5B,csp,csp-0016,calib,oracle,8,0.0,3088.0,oracle_k8
1.5B,csp,csp-0016,calib,judge,8,0.0,5183.0,judge_k8
1.5B,csp,csp-0016,calib,seq,1,0.0,386.0,seq_r1
1.5B,csp,csp-0016,calib,seq,2,0.0,1123.0,seq_r2
1.5B,csp,csp-0016,calib,seq,3,0.0,1860.0,seq_r3
1.5B,csp,csp-0016,calib,seq,4,0.0,2324.0,seq_r4
1.5B,csp,csp-0016,calib,long,2,0.0,738.0,long_m2
1.5B,csp,csp-0016,calib,long,4,0.0,920.0,long_m4
1.5B,csp,csp-0016,calib,debate,6,0.0,3040.0,debate_a3r2
1.5B,csp,csp-0017,calib,single,1,0.0,386.0,
1.5B,csp,csp-0017,calib,vote,4,0.0,1524.0,vote_k4
1.5B,csp,csp-0017,calib,prog,4,1.0,1524.0,prog_k4
1.5B,csp,csp-0017,calib,oracle,4,1.0,1524.0,oracle_k4
1.5B,csp,csp-0017,calib,judge,4,0.0,2575.0,judge_k4
1.5B,csp,csp-0017,calib,vote,8,0.0,3068.0,vote_k8
1.5B,csp,csp-0017,calib,prog,8,1.0,3068.0,prog_k8
1.5B,csp,csp-0017,calib,oracle,8,1.0,3068.0,oracle_k8
1.5B,csp,csp-0017,calib,judge,8,0.0,5123.0,judge_k8
1.5B,csp,csp-0017,calib,seq,1,0.0,386.0,seq_r1
1.5B,csp,csp-0017,calib,seq,2,0.0,1123.0,seq_r2
1.5B,csp,csp-0017,calib,seq,3,1.0,1837.0,seq_r3
1.5B,csp,csp-0017,calib,seq,4,1.0,2337.0,seq_r4
1.5B,csp,csp-0017,calib,long,2,1.0,690.0,long_m2
1.5B,csp,csp-0017,calib,long,4,1.0,690.0,long_m4
1.5B,csp,csp-0017,calib,debate,6,0.0,2484.0,debate_a3r2
1.5B,csp,csp-0018,calib,single,1,1.0,386.0,
1.5B,csp,csp-0018,calib,vote,4,0.5,1469.5,vote_k4
1.5B,csp,csp-0018,calib,prog,4,1.0,1469.5,prog_k4
1.5B,csp,csp-0018,calib,oracle,4,1.0,1469.5,oracle_k4
1.5B,csp,csp-0018,calib,judge,4,1.0,2620.5,judge_k4
1.5B,csp,csp-0018,calib,vote,8,1.0,2939.0,vote_k8
1.5B,csp,csp-0018,calib,prog,8,1.0,2939.0,prog_k8
1.5B,csp,csp-0018,calib,oracle,8,1.0,2939.0,oracle_k8
1.5B,csp,csp-0018,calib,judge,8,0.0,5104.0,judge_k8
1.5B,csp,csp-0018,calib,seq,1,1.0,386.0,seq_r1
1.5B,csp,csp-0018,calib,seq,2,1.0,914.0,seq_r2
1.5B,csp,csp-0018,calib,seq,3,1.0,1188.0,seq_r3
1.5B,csp,csp-0018,calib,seq,4,1.0,1519.0,seq_r4
1.5B,csp,csp-0018,calib,long,2,0.0,738.0,long_m2
1.5B,csp,csp-0018,calib,long,4,0.0,786.0,long_m4
1.5B,csp,csp-0018,calib,debate,6,0.0,2532.0,debate_a3r2
1.5B,csp,csp-0019,calib,single,1,0.0,386.0,
1.5B,csp,csp-0019,calib,vote,4,0.0,1544.0,vote_k4
1.5B,csp,csp-0019,calib,prog,4,0.0,1544.0,prog_k4
1.5B,csp,csp-0019,calib,oracle,4,0.0,1544.0,oracle_k4
1.5B,csp,csp-0019,calib,judge,4,0.0,2608.5,judge_k4
1.5B,csp,csp-0019,calib,vote,8,0.0,2996.0,vote_k8
1.5B,csp,csp-0019,calib,prog,8,0.0,2996.0,prog_k8
1.5B,csp,csp-0019,calib,oracle,8,0.0,2996.0,oracle_k8
1.5B,csp,csp-0019,calib,judge,8,0.0,5015.0,judge_k8
1.5B,csp,csp-0019,calib,seq,1,0.0,386.0,seq_r1
1.5B,csp,csp-0019,calib,seq,2,0.0,1122.0,seq_r2
1.5B,csp,csp-0019,calib,seq,3,0.0,1859.0,seq_r3
1.5B,csp,csp-0019,calib,seq,4,0.0,2595.0,seq_r4
1.5B,csp,csp-0019,calib,long,2,0.0,738.0,long_m2
1.5B,csp,csp-0019,calib,long,4,0.0,743.0,long_m4
1.5B,csp,csp-0019,calib,debate,6,0.0,2430.0,debate_a3r2
1.5B,csp,csp-0020,calib,single,1,0.0,387.0,
1.5B,csp,csp-0020,calib,vote,4,0.0,1491.5,vote_k4
1.5B,csp,csp-0020,calib,prog,4,0.0,1491.5,prog_k4
1.5B,csp,csp-0020,calib,oracle,4,0.0,1491.5,oracle_k4
1.5B,csp,csp-0020,calib,judge,4,0.0,2579.0,judge_k4
1.5B,csp,csp-0020,calib,vote,8,0.0,2983.0,vote_k8
1.5B,csp,csp-0020,calib,prog,8,0.0,2983.0,prog_k8
1.5B,csp,csp-0020,calib,oracle,8,0.0,2983.0,oracle_k8
1.5B,csp,csp-0020,calib,judge,8,0.0,5028.0,judge_k8
1.5B,csp,csp-0020,calib,seq,1,0.0,387.0,seq_r1
1.5B,csp,csp-0020,calib,seq,2,0.0,1125.0,seq_r2
1.5B,csp,csp-0020,calib,seq,3,0.0,1862.0,seq_r3
1.5B,csp,csp-0020,calib,seq,4,0.0,2600.0,seq_r4
1.5B,csp,csp-0020,calib,long,2,1.0,509.0,long_m2
1.5B,csp,csp-0020,calib,long,4,1.0,577.0,long_m4
1.5B,csp,csp-0020,calib,debate,6,0.0,2525.0,debate_a3r2
1.5B,csp,csp-0021,calib,single,1,0.0,386.0,
1.5B,csp,csp-0021,calib,vote,4,0.0,1544.0,vote_k4
1.5B,csp,csp-0021,calib,prog,4,0.0,1544.0,prog_k4
1.5B,csp,csp-0021,calib,oracle,4,0.0,1544.0,oracle_k4
1.5B,csp,csp-0021,calib,judge,4,0.0,2622.5,judge_k4
1.5B,csp,csp-0021,calib,vote,8,0.0,3088.0,vote_k8
1.5B,csp,csp-0021,calib,prog,8,0.0,3088.0,prog_k8
1.5B,csp,csp-0021,calib,oracle,8,0.0,3088.0,oracle_k8
1.5B,csp,csp-0021,calib,judge,8,0.0,5156.0,judge_k8
1.5B,csp,csp-0021,calib,seq,1,0.0,386.0,seq_r1
1.5B,csp,csp-0021,calib,seq,2,0.0,1122.0,seq_r2
1.5B,csp,csp-0021,calib,seq,3,0.0,1859.0,seq_r3
1.5B,csp,csp-0021,calib,seq,4,0.0,2595.0,seq_r4
1.5B,csp,csp-0021,calib,long,2,0.0,506.0,long_m2
1.5B,csp,csp-0021,calib,long,4,0.0,506.0,long_m4
1.5B,csp,csp-0021,calib,debate,6,0.0,2466.0,debate_a3r2
1.5B,csp,csp-0022,calib,single,1,0.0,386.0,
1.5B,csp,csp-0022,calib,vote,4,0.0,1544.0,vote_k4
1.5B,csp,csp-0022,calib,prog,4,0.0,1544.0,prog_k4
1.5B,csp,csp-0022,calib,oracle,4,0.0,1544.0,oracle_k4
1.5B,csp,csp-0022,calib,judge,4,0.0,2674.5,judge_k4
1.5B,csp,csp-0022,calib,vote,8,0.0,3088.0,vote_k8
1.5B,csp,csp-0022,calib,prog,8,0.0,3088.0,prog_k8
1.5B,csp,csp-0022,calib,oracle,8,0.0,3088.0,oracle_k8
1.5B,csp,csp-0022,calib,judge,8,0.0,5232.0,judge_k8
1.5B,csp,csp-0022,calib,seq,1,0.0,386.0,seq_r1
1.5B,csp,csp-0022,calib,seq,2,0.0,1123.0,seq_r2
1.5B,csp,csp-0022,calib,seq,3,0.0,1860.0,seq_r3
1.5B,csp,csp-0022,calib,seq,4,0.0,2596.0,seq_r4
1.5B,csp,csp-0022,calib,long,2,0.0,738.0,long_m2
1.5B,csp,csp-0022,calib,long,4,0.0,763.0,long_m4
1.5B,csp,csp-0022,calib,debate,6,1.0,2466.0,debate_a3r2
1.5B,csp,csp-0023,calib,single,1,0.0,386.0,
1.5B,csp,csp-0023,calib,vote,4,0.0,1497.0,vote_k4
1.5B,csp,csp-0023,calib,prog,4,0.0,1497.0,prog_k4
1.5B,csp,csp-0023,calib,oracle,4,0.0,1497.0,oracle_k4
1.5B,csp,csp-0023,calib,judge,4,0.0,2572.5,judge_k4
1.5B,csp,csp-0023,calib,vote,8,0.0,2823.0,vote_k8
1.5B,csp,csp-0023,calib,prog,8,1.0,2823.0,prog_k8
1.5B,csp,csp-0023,calib,oracle,8,1.0,2823.0,oracle_k8
1.5B,csp,csp-0023,calib,judge,8,0.0,4824.0,judge_k8
1.5B,csp,csp-0023,calib,seq,1,0.0,386.0,seq_r1
1.5B,csp,csp-0023,calib,seq,2,0.0,1121.0,seq_r2
1.5B,csp,csp-0023,calib,seq,3,0.0,1858.0,seq_r3
1.5B,csp,csp-0023,calib,seq,4,1.0,2503.0,seq_r4
1.5B,csp,csp-0023,calib,long,2,0.0,738.0,long_m2
1.5B,csp,csp-0023,calib,long,4,1.0,868.0,long_m4
1.5B,csp,csp-0023,calib,debate,6,0.0,2260.0,debate_a3r2
1.5B,csp,csp-0024,calib,single,1,0.0,387.0,
1.5B,csp,csp-0024,calib,vote,4,0.0,1548.0,vote_k4
1.5B,csp,csp-0024,calib,prog,4,0.0,1548.0,prog_k4
1.5B,csp,csp-0024,calib,oracle,4,0.0,1548.0,oracle_k4
1.5B,csp,csp-0024,calib,judge,4,0.0,2688.5,judge_k4
1.5B,csp,csp-0024,calib,vote,8,0.0,3096.0,vote_k8
1.5B,csp,csp-0024,calib,prog,8,0.0,3096.0,prog_k8
1.5B,csp,csp-0024,calib,oracle,8,0.0,3096.0,oracle_k8
1.5B,csp,csp-0024,calib,judge,8,0.0,5260.0,judge_k8
1.5B,csp,csp-0024,calib,seq,1,0.0,387.0,seq_r1
1.5B,csp,csp-0024,calib,seq,2,1.0,999.0,seq_r2
1.5B,csp,csp-0024,calib,seq,3,1.0,1462.0,seq_r3
1.5B,csp,csp-0024,calib,seq,4,1.0,1948.0,seq_r4
1.5B,csp,csp-0024,calib,long,2,1.0,574.0,long_m2
1.5B,csp,csp-0024,calib,long,4,1.0,529.0,long_m4
1.5B,csp,csp-0024,calib,debate,6,1.0,2515.0,debate_a3r2
1.5B,csp,csp-0025,calib,single,1,0.0,249.0,
1.5B,csp,csp-0025,calib,vote,4,0.5,1277.5,vote_k4
1.5B,csp,csp-0025,calib,prog,4,1.0,1277.5,prog_k4
1.5B,csp,csp-0025,calib,oracle,4,1.0,1277.5,oracle_k4
1.5B,csp,csp-0025,calib,judge,4,0.0,2271.0,judge_k4
1.5B,csp,csp-0025,calib,vote,8,0.0,2801.0,vote_k8
1.5B,csp,csp-0025,calib,prog,8,1.0,2801.0,prog_k8
1.5B,csp,csp-0025,calib,oracle,8,1.0,2801.0,oracle_k8
1.5B,csp,csp-0025,calib,judge,8,0.0,4753.0,judge_k8
1.5B,csp,csp-0025,calib,seq,1,0.0,249.0,seq_r1
1.5B,csp,csp-0025,calib,seq,2,0.0,650.0,seq_r2
1.5B,csp,csp-0025,calib,seq,3,0.0,1017.0,seq_r3
1.5B,csp,csp-0025,calib,seq,4,0.0,1314.0,seq_r4
1.5B,csp,csp-0025,calib,long,2,1.0,667.0,long_m2
1.5B,csp,csp-0025,calib,long,4,1.0,667.0,long_m4
1.5B,csp,csp-0025,calib,debate,6,0.0,2188.0,debate_a3r2
1.5B,csp,csp-0026,calib,single,1,0.0,386.0,
1.5B,csp,csp-0026,calib,vote,4,0.0,1541.5,vote_k4
1.5B,csp,csp-0026,calib,prog,4,0.5,1541.5,prog_k4
1.5B,csp,csp-0026,calib,oracle,4,0.5,1541.5,oracle_k4
1.5B,csp,csp-0026,calib,judge,4,0.0,2665.0,judge_k4
1.5B,csp,csp-0026,calib,vote,8,0.0,3083.0,vote_k8
1.5B,csp,csp-0026,calib,prog,8,1.0,3083.0,prog_k8
1.5B,csp,csp-0026,calib,oracle,8,1.0,3083.0,oracle_k8
1.5B,csp,csp-0026,calib,judge,8,0.0,5210.0,judge_k8
1.5B,csp,csp-0026,calib,seq,1,0.0,386.0,seq_r1
1.5B,csp,csp-0026,calib,seq,2,0.0,1123.0,seq_r2
1.5B,csp,csp-0026,calib,seq,3,0.0,1858.0,seq_r3
1.5B,csp,csp-0026,calib,seq,4,0.0,2582.0,seq_r4
1.5B,csp,csp-0026,calib,long,2,0.0,738.0,long_m2
1.5B,csp,csp-0026,calib,long,4,1.0,946.0,long_m4
1.5B,csp,csp-0026,calib,debate,6,0.0,2492.0,debate_a3r2
1.5B,csp,csp-0027,calib,single,1,0.0,386.0,
1.5B,csp,csp-0027,calib,vote,4,0.0,1544.0,vote_k4
1.5B,csp,csp-0027,calib,prog,4,0.0,1544.0,prog_k4
1.5B,csp,csp-0027,calib,oracle,4,0.0,1544.0,oracle_k4
1.5B,csp,csp-0027,calib,judge,4,0.0,2591.5,judge_k4
1.5B,csp,csp-0027,calib,vote,8,0.0,3088.0,vote_k8
1.5B,csp,csp-0027,calib,prog,8,0.0,3088.0,prog_k8
1.5B,csp,csp-0027,calib,oracle,8,0.0,3088.0,oracle_k8
1.5B,csp,csp-0027,calib,judge,8,0.0,5082.0,judge_k8
1.5B,csp,csp-0027,calib,seq,1,0.0,386.0,seq_r1
1.5B,csp,csp-0027,calib,seq,2,0.0,1122.0,seq_r2
1.5B,csp,csp-0027,calib,seq,3,0.0,1859.0,seq_r3
1.5B,csp,csp-0027,calib,seq,4,1.0,2588.0,seq_r4
1.5B,csp,csp-0027,calib,long,2,1.0,626.0,long_m2
1.5B,csp,csp-0027,calib,long,4,1.0,626.0,long_m4
1.5B,csp,csp-0027,calib,debate,6,0.0,3076.0,debate_a3r2
1.5B,csp,csp-0028,calib,single,1,1.0,299.0,
1.5B,csp,csp-0028,calib,vote,4,1.0,1261.5,vote_k4
1.5B,csp,csp-0028,calib,prog,4,1.0,1261.5,prog_k4
1.5B,csp,csp-0028,calib,oracle,4,1.0,1261.5,oracle_k4
1.5B,csp,csp-0028,calib,judge,4,1.0,2330.0,judge_k4
1.5B,csp,csp-0028,calib,vote,8,1.0,2550.0,vote_k8
1.5B,csp,csp-0028,calib,prog,8,1.0,2550.0,prog_k8
1.5B,csp,csp-0028,calib,oracle,8,1.0,2550.0,oracle_k8
1.5B,csp,csp-0028,calib,judge,8,0.0,4540.0,judge_k8
1.5B,csp,csp-0028,calib,seq,1,1.0,299.0,seq_r1
1.5B,csp,csp-0028,calib,seq,2,1.0,714.0,seq_r2
1.5B,csp,csp-0028,calib,seq,3,1.0,976.0,seq_r3
1.5B,csp,csp-0028,calib,seq,4,1.0,1214.0,seq_r4
1.5B,csp,csp-0028,calib,long,2,1.0,550.0,long_m2
1.5B,csp,csp-0028,calib,long,4,1.0,550.0,long_m4
1.5B,csp,csp-0028,calib,debate,6,1.0,2323.0,debate_a3r2
1.5B,csp,csp-0029,calib,single,1,0.0,327.0,
1.5B,csp,csp-0029,calib,vote,4,0.0,1488.0,vote_k4
1.5B,csp,csp-0029,calib,prog,4,0.0,1488.0,prog_k4
1.5B,csp,csp-0029,calib,oracle,4,0.0,1488.0,oracle_k4
1.5B,csp,csp-0029,calib,judge,4,0.0,2630.0,judge_k4
1.5B,csp,csp-0029,calib,vote,8,0.0,3036.0,vote_k8
1.5B,csp,csp-0029,calib,prog,8,0.0,3036.0,prog_k8
1.5B,csp,csp-0029,calib,oracle,8,0.0,3036.0,oracle_k8
1.5B,csp,csp-0029,calib,judge,8,0.0,5218.0,judge_k8
1.5B,csp,csp-0029,calib,seq,1,0.0,327.0,seq_r1
1.5B,csp,csp-0029,calib,seq,2,0.0,941.0,seq_r2
1.5B,csp,csp-0029,calib,seq,3,0.0,1590.0,seq_r3
1.5B,csp,csp-0029,calib,seq,4,0.0,2274.0,seq_r4
1.5B,csp,csp-0029,calib,long,2,1.0,512.0,long_m2
1.5B,csp,csp-0029,calib,long,4,1.0,583.0,long_m4
1.5B,csp,csp-0029,calib,debate,6,0.0,2581.0,debate_a3r2
1.5B,csp,csp-0030,test,single,1,1.0,364.0,
1.5B,csp,csp-0030,test,vote,4,0.0,1468.0,vote_k4
1.5B,csp,csp-0030,test,prog,4,1.0,1468.0,prog_k4
1.5B,csp,csp-0030,test,oracle,4,1.0,1468.0,oracle_k4
1.5B,csp,csp-0030,test,judge,4,1.0,2583.5,judge_k4
1.5B,csp,csp-0030,test,vote,8,1.0,2956.0,vote_k8
1.5B,csp,csp-0030,test,prog,8,1.0,2956.0,prog_k8
1.5B,csp,csp-0030,test,oracle,8,1.0,2956.0,oracle_k8
1.5B,csp,csp-0030,test,judge,8,1.0,5051.0,judge_k8
1.5B,csp,csp-0030,test,seq,1,1.0,364.0,seq_r1
1.5B,csp,csp-0030,test,seq,2,0.0,845.0,seq_r2
1.5B,csp,csp-0030,test,seq,3,0.0,1131.0,seq_r3
1.5B,csp,csp-0030,test,seq,4,0.0,1434.0,seq_r4
1.5B,csp,csp-0030,test,long,2,0.0,714.0,long_m2
1.5B,csp,csp-0030,test,long,4,0.0,714.0,long_m4
1.5B,csp,csp-0030,test,debate,6,0.0,2558.0,debate_a3r2
1.5B,csp,csp-0031,test,single,1,1.0,222.0,
1.5B,csp,csp-0031,test,vote,4,1.0,1148.0,vote_k4
1.5B,csp,csp-0031,test,prog,4,1.0,1148.0,prog_k4
1.5B,csp,csp-0031,test,oracle,4,1.0,1148.0,oracle_k4
1.5B,csp,csp-0031,test,judge,4,1.0,2080.5,judge_k4
1.5B,csp,csp-0031,test,vote,8,1.0,2361.0,vote_k8
1.5B,csp,csp-0031,test,prog,8,1.0,2361.0,prog_k8
1.5B,csp,csp-0031,test,oracle,8,1.0,2361.0,oracle_k8
1.5B,csp,csp-0031,test,judge,8,1.0,4179.0,judge_k8
1.5B,csp,csp-0031,test,seq,1,1.0,222.0,seq_r1
1.5B,csp,csp-0031,test,seq,2,1.0,562.0,seq_r2
1.5B,csp,csp-0031,test,seq,3,1.0,833.0,seq_r3
1.5B,csp,csp-0031,test,seq,4,1.0,1132.0,seq_r4
1.5B,csp,csp-0031,test,long,2,0.0,402.0,long_m2
1.5B,csp,csp-0031,test,long,4,0.0,402.0,long_m4
1.5B,csp,csp-0031,test,debate,6,1.0,2041.0,debate_a3r2
1.5B,csp,csp-0032,test,single,1,1.0,386.0,
1.5B,csp,csp-0032,test,vote,4,0.0,1464.5,vote_k4
1.5B,csp,csp-0032,test,prog,4,1.0,1464.5,prog_k4
1.5B,csp,csp-0032,test,oracle,4,1.0,1464.5,oracle_k4
1.5B,csp,csp-0032,test,judge,4,0.0,2538.5,judge_k4
1.5B,csp,csp-0032,test,vote,8,1.0,2867.0,vote_k8
1.5B,csp,csp-0032,test,prog,8,1.0,2867.0,prog_k8
1.5B,csp,csp-0032,test,oracle,8,1.0,2867.0,oracle_k8
1.5B,csp,csp-0032,test,judge,8,0.0,4923.0,judge_k8
1.5B,csp,csp-0032,test,seq,1,1.0,386.0,seq_r1
1.5B,csp,csp-0032,test,seq,2,1.0,961.0,seq_r2
1.5B,csp,csp-0032,test,seq,3,1.0,1512.0,seq_r3
1.5B,csp,csp-0032,test,seq,4,1.0,2201.0,seq_r4
1.5B,csp,csp-0032,test,long,2,1.0,516.0,long_m2
1.5B,csp,csp-0032,test,long,4,1.0,516.0,long_m4
1.5B,csp,csp-0032,test,debate,6,0.0,2372.0,debate_a3r2
1.5B,csp,csp-0033,test,single,1,0.0,386.0,
1.5B,csp,csp-0033,test,vote,4,0.0,1539.0,vote_k4
1.5B,csp,csp-0033,test,prog,4,0.0,1539.0,prog_k4
1.5B,csp,csp-0033,test,oracle,4,0.0,1539.0,oracle_k4
1.5B,csp,csp-0033,test,judge,4,0.0,2695.5,judge_k4
1.5B,csp,csp-0033,test,vote,8,0.0,3078.0,vote_k8
1.5B,csp,csp-0033,test,prog,8,0.0,3078.0,prog_k8
1.5B,csp,csp-0033,test,oracle,8,0.0,3078.0,oracle_k8
1.5B,csp,csp-0033,test,judge,8,0.0,5251.0,judge_k8
1.5B,csp,csp-0033,test,seq,1,0.0,386.0,seq_r1
1.5B,csp,csp-0033,test,seq,2,0.0,1123.0,seq_r2
1.5B,csp,csp-0033,test,seq,3,0.0,1859.0,seq_r3
1.5B,csp,csp-0033,test,seq,4,0.0,2595.0,seq_r4
1.5B,csp,csp-0033,test,long,2,0.0,658.0,long_m2
1.5B,csp,csp-0033,test,long,4,0.0,658.0,long_m4
1.5B,csp,csp-0033,test,debate,6,0.0,2426.0,debate_a3r2
1.5B,csp,csp-0034,test,single,1,1.0,276.0,
1.5B,csp,csp-0034,test,vote,4,1.0,1121.0,vote_k4
1.5B,csp,csp-0034,test,prog,4,1.0,1121.0,prog_k4
1.5B,csp,csp-0034,test,oracle,4,1.0,1121.0,oracle_k4
1.5B,csp,csp-0034,test,judge,4,1.0,2033.5,judge_k4
1.5B,csp,csp-0034,test,vote,8,1.0,2205.0,vote_k8
1.5B,csp,csp-0034,test,prog,8,1.0,2205.0,prog_k8
1.5B,csp,csp-0034,test,oracle,8,1.0,2205.0,oracle_k8
1.5B,csp,csp-0034,test,judge,8,1.0,3900.0,judge_k8
1.5B,csp,csp-0034,test,seq,1,1.0,276.0,seq_r1
1.5B,csp,csp-0034,test,seq,2,1.0,658.0,seq_r2
1.5B,csp,csp-0034,test,seq,3,1.0,905.0,seq_r3
1.5B,csp,csp-0034,test,seq,4,1.0,1152.0,seq_r4
1.5B,csp,csp-0034,test,long,2,1.0,349.0,long_m2
1.5B,csp,csp-0034,test,long,4,1.0,349.0,long_m4
1.5B,csp,csp-0034,test,debate,6,1.0,2125.0,debate_a3r2
1.5B,csp,csp-0035,test,single,1,0.0,386.0,
1.5B,csp,csp-0035,test,vote,4,0.0,1544.0,vote_k4
1.5B,csp,csp-0035,test,prog,4,0.0,1544.0,prog_k4
1.5B,csp,csp-0035,test,oracle,4,0.0,1544.0,oracle_k4
1.5B,csp,csp-0035,test,judge,4,0.0,2757.0,judge_k4
1.5B,csp,csp-0035,test,vote,8,0.0,2963.0,vote_k8
1.5B,csp,csp-0035,test,prog,8,1.0,2963.0,prog_k8
1.5B,csp,csp-0035,test,oracle,8,1.0,2963.0,oracle_k8
1.5B,csp,csp-0035,test,judge,8,0.0,5158.0,judge_k8
1.5B,csp,csp-0035,test,seq,1,0.0,386.0,seq_r1
1.5B,csp,csp-0035,test,seq,2,0.0,1123.0,seq_r2
1.5B,csp,csp-0035,test,seq,3,0.0,1686.0,seq_r3
1.5B,csp,csp-0035,test,seq,4,0.0,2079.0,seq_r4
1.5B,csp,csp-0035,test,long,2,1.0,676.0,long_m2
1.5B,csp,csp-0035,test,long,4,1.0,676.0,long_m4
1.5B,csp,csp-0035,test,debate,6,1.0,2478.0,debate_a3r2
1.5B,csp,csp-0036,test,single,1,0.0,386.0,
1.5B,csp,csp-0036,test,vote,4,0.0,1544.0,vote_k4
1.5B,csp,csp-0036,test,prog,4,0.0,1544.0,prog_k4
1.5B,csp,csp-0036,test,oracle,4,0.0,1544.0,oracle_k4
1.5B,csp,csp-0036,test,judge,4,0.0,2687.5,judge_k4
1.5B,csp,csp-0036,test,vote,8,0.0,3088.0,vote_k8
1.5B,csp,csp-0036,test,prog,8,0.0,3088.0,prog_k8
1.5B,csp,csp-0036,test,oracle,8,0.0,3088.0,oracle_k8
1.5B,csp,csp-0036,test,judge,8,0.0,5279.0,judge_k8
1.5B,csp,csp-0036,test,seq,1,0.0,386.0,seq_r1
1.5B,csp,csp-0036,test,seq,2,0.0,1123.0,seq_r2
1.5B,csp,csp-0036,test,seq,3,0.0,1859.0,seq_r3
1.5B,csp,csp-0036,test,seq,4,0.0,2596.0,seq_r4
1.5B,csp,csp-0036,test,long,2,1.0,633.0,long_m2
1.5B,csp,csp-0036,test,long,4,1.0,633.0,long_m4
1.5B,csp,csp-0036,test,debate,6,0.0,3096.0,debate_a3r2
1.5B,csp,csp-0037,test,single,1,0.0,386.0,
1.5B,csp,csp-0037,test,vote,4,0.0,1544.0,vote_k4
1.5B,csp,csp-0037,test,prog,4,0.0,1544.0,prog_k4
1.5B,csp,csp-0037,test,oracle,4,0.0,1544.0,oracle_k4
1.5B,csp,csp-0037,test,judge,4,0.0,2632.5,judge_k4
1.5B,csp,csp-0037,test,vote,8,0.0,3088.0,vote_k8
1.5B,csp,csp-0037,test,prog,8,0.0,3088.0,prog_k8
1.5B,csp,csp-0037,test,oracle,8,0.0,3088.0,oracle_k8
1.5B,csp,csp-0037,test,judge,8,0.0,5186.0,judge_k8
1.5B,csp,csp-0037,test,seq,1,0.0,386.0,seq_r1
1.5B,csp,csp-0037,test,seq,2,0.0,1122.0,seq_r2
1.5B,csp,csp-0037,test,seq,3,0.0,1858.0,seq_r3
1.5B,csp,csp-0037,test,seq,4,0.0,2595.0,seq_r4
1.5B,csp,csp-0037,test,long,2,1.0,536.0,long_m2
1.5B,csp,csp-0037,test,long,4,1.0,536.0,long_m4
1.5B,csp,csp-0037,test,debate,6,1.0,2514.0,debate_a3r2
1.5B,csp,csp-0038,test,single,1,0.0,387.0,
1.5B,csp,csp-0038,test,vote,4,0.0,1506.5,vote_k4
1.5B,csp,csp-0038,test,prog,4,0.5,1506.5,prog_k4
1.5B,csp,csp-0038,test,oracle,4,0.5,1506.5,oracle_k4
1.5B,csp,csp-0038,test,judge,4,0.0,2566.0,judge_k4
1.5B,csp,csp-0038,test,vote,8,0.0,3013.0,vote_k8
1.5B,csp,csp-0038,test,prog,8,1.0,3013.0,prog_k8
1.5B,csp,csp-0038,test,oracle,8,1.0,3013.0,oracle_k8
1.5B,csp,csp-0038,test,judge,8,0.0,5067.0,judge_k8
1.5B,csp,csp-0038,test,seq,1,0.0,387.0,seq_r1
1.5B,csp,csp-0038,test,seq,2,0.0,1076.0,seq_r2
1.5B,csp,csp-0038,test,seq,3,0.0,1688.0,seq_r3
1.5B,csp,csp-0038,test,seq,4,0.0,2231.0,seq_r4
1.5B,csp,csp-0038,test,long,2,0.0,739.0,long_m2
1.5B,csp,csp-0038,test,long,4,0.0,1379.0,long_m4
1.5B,csp,csp-0038,test,debate,6,0.0,2475.0,debate_a3r2
1.5B,csp,csp-0039,test,single,1,0.0,387.0,
1.5B,csp,csp-0039,test,vote,4,0.0,1533.5,vote_k4
1.5B,csp,csp-0039,test,prog,4,0.5,1533.5,prog_k4
1.5B,csp,csp-0039,test,oracle,4,0.5,1533.5,oracle_k4
1.5B,csp,csp-0039,test,judge,4,0.0,2672.0,judge_k4
1.5B,csp,csp-0039,test,vote,8,0.0,3067.0,vote_k8
1.5B,csp,csp-0039,test,prog,8,1.0,3067.0,prog_k8
1.5B,csp,csp-0039,test,oracle,8,1.0,3067.0,oracle_k8
1.5B,csp,csp-0039,test,judge,8,0.0,5183.0,judge_k8
1.5B,csp,csp-0039,test,seq,1,0.0,387.0,seq_r1
1.5B,csp,csp-0039,test,seq,2,0.0,1124.0,seq_r2
1.5B,csp,csp-0039,test,seq,3,0.0,1849.0,seq_r3
1.5B,csp,csp-0039,test,seq,4,0.0,2524.0,seq_r4
1.5B,csp,csp-0039,test,long,2,0.0,739.0,long_m2
1.5B,csp,csp-0039,test,long,4,0.0,757.0,long_m4
1.5B,csp,csp-0039,test,debate,6,0.0,2633.0,debate_a3r2
1.5B,csp,csp-0040,test,single,1,0.0,386.0,
1.5B,csp,csp-0040,test,vote,4,0.0,1541.0,vote_k4
1.5B,csp,csp-0040,test,prog,4,0.0,1541.0,prog_k4
1.5B,csp,csp-0040,test,oracle,4,0.0,1541.0,oracle_k4
1.5B,csp,csp-0040,test,judge,4,0.0,2690.5,judge_k4
1.5B,csp,csp-0040,test,vote,8,0.0,3085.0,vote_k8
1.5B,csp,csp-0040,test,prog,8,0.0,3085.0,prog_k8
1.5B,csp,csp-0040,test,oracle,8,0.0,3085.0,oracle_k8
1.5B,csp,csp-0040,test,judge,8,0.0,5309.0,judge_k8
1.5B,csp,csp-0040,test,seq,1,0.0,386.0,seq_r1
1.5B,csp,csp-0040,test,seq,2,0.0,1122.0,seq_r2
1.5B,csp,csp-0040,test,seq,3,1.0,1810.0,seq_r3
1.5B,csp,csp-0040,test,seq,4,1.0,2453.0,seq_r4
1.5B,csp,csp-0040,test,long,2,1.0,614.0,long_m2
1.5B,csp,csp-0040,test,long,4,1.0,614.0,long_m4
1.5B,csp,csp-0040,test,debate,6,0.0,2741.0,debate_a3r2
1.5B,csp,csp-0041,test,single,1,0.0,386.0,
1.5B,csp,csp-0041,test,vote,4,1.0,1544.0,vote_k4
1.5B,csp,csp-0041,test,prog,4,1.0,1544.0,prog_k4
1.5B,csp,csp-0041,test,oracle,4,1.0,1544.0,oracle_k4
1.5B,csp,csp-0041,test,judge,4,0.5,2667.0,judge_k4
1.5B,csp,csp-0041,test,vote,8,1.0,3088.0,vote_k8
1.5B,csp,csp-0041,test,prog,8,1.0,3088.0,prog_k8
1.5B,csp,csp-0041,test,oracle,8,1.0,3088.0,oracle_k8
1.5B,csp,csp-0041,test,judge,8,1.0,5263.0,judge_k8
1.5B,csp,csp-0041,test,seq,1,0.0,386.0,seq_r1
1.5B,csp,csp-0041,test,seq,2,0.0,1123.0,seq_r2
1.5B,csp,csp-0041,test,seq,3,0.0,1860.0,seq_r3
1.5B,csp,csp-0041,test,seq,4,0.0,2576.0,seq_r4
1.5B,csp,csp-0041,test,long,2,1.0,448.0,long_m2
1.5B,csp,csp-0041,test,long,4,1.0,448.0,long_m4
1.5B,csp,csp-0041,test,debate,6,0.0,2380.0,debate_a3r2
1.5B,csp,csp-0042,test,single,1,0.0,386.0,
1.5B,csp,csp-0042,test,vote,4,0.0,1544.0,vote_k4
1.5B,csp,csp-0042,test,prog,4,0.0,1544.0,prog_k4
1.5B,csp,csp-0042,test,oracle,4,0.0,1544.0,oracle_k4
1.5B,csp,csp-0042,test,judge,4,0.0,2666.0,judge_k4
1.5B,csp,csp-0042,test,vote,8,0.0,3088.0,vote_k8
1.5B,csp,csp-0042,test,prog,8,0.0,3088.0,prog_k8
1.5B,csp,csp-0042,test,oracle,8,0.0,3088.0,oracle_k8
1.5B,csp,csp-0042,test,judge,8,0.0,5234.0,judge_k8
1.5B,csp,csp-0042,test,seq,1,0.0,386.0,seq_r1
1.5B,csp,csp-0042,test,seq,2,0.0,1123.0,seq_r2
1.5B,csp,csp-0042,test,seq,3,0.0,1860.0,seq_r3
1.5B,csp,csp-0042,test,seq,4,0.0,2597.0,seq_r4
1.5B,csp,csp-0042,test,long,2,0.0,738.0,long_m2
1.5B,csp,csp-0042,test,long,4,0.0,937.0,long_m4
1.5B,csp,csp-0042,test,debate,6,0.0,2844.0,debate_a3r2
1.5B,csp,csp-0043,test,single,1,1.0,355.0,
1.5B,csp,csp-0043,test,vote,4,1.0,1441.5,vote_k4
1.5B,csp,csp-0043,test,prog,4,1.0,1441.5,prog_k4
1.5B,csp,csp-0043,test,oracle,4,1.0,1441.5,oracle_k4
1.5B,csp,csp-0043,test,judge,4,1.0,2495.5,judge_k4
1.5B,csp,csp-0043,test,vote,8,1.0,2969.0,vote_k8
1.5B,csp,csp-0043,test,prog,8,1.0,2969.0,prog_k8
1.5B,csp,csp-0043,test,oracle,8,1.0,2969.0,oracle_k8
1.5B,csp,csp-0043,test,judge,8,1.0,5048.0,judge_k8
1.5B,csp,csp-0043,test,seq,1,1.0,355.0,seq_r1
1.5B,csp,csp-0043,test,seq,2,1.0,884.0,seq_r2
1.5B,csp,csp-0043,test,seq,3,0.0,1444.0,seq_r3
1.5B,csp,csp-0043,test,seq,4,0.0,2135.0,seq_r4
1.5B,csp,csp-0043,test,long,2,1.0,558.0,long_m2
1.5B,csp,csp-0043,test,long,4,1.0,523.0,long_m4
1.5B,csp,csp-0043,test,debate,6,0.0,2312.0,debate_a3r2
1.5B,csp,csp-0044,test,single,1,0.0,387.0,
1.5B,csp,csp-0044,test,vote,4,0.0,1548.0,vote_k4
1.5B,csp,csp-0044,test,prog,4,0.0,1548.0,prog_k4
1.5B,csp,csp-0044,test,oracle,4,0.0,1548.0,oracle_k4
1.5B,csp,csp-0044,test,judge,4,0.0,2605.5,judge_k4
1.5B,csp,csp-0044,test,vote,8,0.0,3096.0,vote_k8
1.5B,csp,csp-0044,test,prog,8,0.0,3096.0,prog_k8
1.5B,csp,csp-0044,test,oracle,8,0.0,3096.0,oracle_k8
1.5B,csp,csp-0044,test,judge,8,0.0,5138.0,judge_k8
1.5B,csp,csp-0044,test,seq,1,0.0,387.0,seq_r1
1.5B,csp,csp-0044,test,seq,2,0.0,1125.0,seq_r2
1.5B,csp,csp-0044,test,seq,3,1.0,1710.0,seq_r3
1.5B,csp,csp-0044,test,seq,4,1.0,2142.0,seq_r4
1.5B,csp,csp-0044,test,long,2,1.0,606.0,long_m2
1.5B,csp,csp-0044,test,long,4,0.0,885.0,long_m4
1.5B,csp,csp-0044,test,debate,6,0.0,2409.0,debate_a3r2
1.5B,csp,csp-0045,test,single,1,1.0,358.0,
1.5B,csp,csp-0045,test,vote,4,1.0,1456.0,vote_k4
1.5B,csp,csp-0045,test,prog,4,1.0,1456.0,prog_k4
1.5B,csp,csp-0045,test,oracle,4,1.0,1456.0,oracle_k4
1.5B,csp,csp-0045,test,judge,4,1.0,2531.0,judge_k4
1.5B,csp,csp-0045,test,vote,8,1.0,2832.0,vote_k8
1.5B,csp,csp-0045,test,prog,8,1.0,2832.0,prog_k8
1.5B,csp,csp-0045,test,oracle,8,1.0,2832.0,oracle_k8
1.5B,csp,csp-0045,test,judge,8,1.0,4861.0,judge_k8
1.5B,csp,csp-0045,test,seq,1,1.0,358.0,seq_r1
1.5B,csp,csp-0045,test,seq,2,1.0,993.0,seq_r2
1.5B,csp,csp-0045,test,seq,3,1.0,1390.0,seq_r3
1.5B,csp,csp-0045,test,seq,4,1.0,1592.0,seq_r4
1.5B,csp,csp-0045,test,long,2,1.0,640.0,long_m2
1.5B,csp,csp-0045,test,long,4,1.0,689.0,long_m4
1.5B,csp,csp-0045,test,debate,6,1.0,2510.0,debate_a3r2
1.5B,csp,csp-0046,test,single,1,0.0,387.0,
1.5B,csp,csp-0046,test,vote,4,0.0,1548.0,vote_k4
1.5B,csp,csp-0046,test,prog,4,0.0,1548.0,prog_k4
1.5B,csp,csp-0046,test,oracle,4,0.0,1548.0,oracle_k4
1.5B,csp,csp-0046,test,judge,4,0.0,2666.5,judge_k4
1.5B,csp,csp-0046,test,vote,8,0.0,3069.0,vote_k8
1.5B,csp,csp-0046,test,prog,8,0.0,3069.0,prog_k8
1.5B,csp,csp-0046,test,oracle,8,0.0,3069.0,oracle_k8
1.5B,csp,csp-0046,test,judge,8,0.0,5211.0,judge_k8
1.5B,csp,csp-0046,test,seq,1,0.0,387.0,seq_r1
1.5B,csp,csp-0046,test,seq,2,0.0,1125.0,seq_r2
1.5B,csp,csp-0046,test,seq,3,0.0,1863.0,seq_r3
1.5B,csp,csp-0046,test,seq,4,1.0,2590.0,seq_r4
1.5B,csp,csp-0046,test,long,2,0.0,739.0,long_m2
1.5B,csp,csp-0046,test,long,4,0.0,630.0,long_m4
1.5B,csp,csp-0046,test,debate,6,0.0,2354.0,debate_a3r2
1.5B,csp,csp-0047,test,single,1,1.0,386.0,
1.5B,csp,csp-0047,test,vote,4,0.0,1544.0,vote_k4
1.5B,csp,csp-0047,test,prog,4,1.0,1544.0,prog_k4
1.5B,csp,csp-0047,test,oracle,4,1.0,1544.0,oracle_k4
1.5B,csp,csp-0047,test,judge,4,1.0,2650.0,judge_k4
1.5B,csp,csp-0047,test,vote,8,1.0,2978.0,vote_k8
1.5B,csp,csp-0047,test,prog,8,1.0,2978.0,prog_k8
1.5B,csp,csp-0047,test,oracle,8,1.0,2978.0,oracle_k8
1.5B,csp,csp-0047,test,judge,8,0.0,5077.0,judge_k8
1.5B,csp,csp-0047,test,seq,1,1.0,386.0,seq_r1
1.5B,csp,csp-0047,test,seq,2,1.0,1123.0,seq_r2
1.5B,csp,csp-0047,test,seq,3,0.0,1860.0,seq_r3
1.5B,csp,csp-0047,test,seq,4,0.0,2597.0,seq_r4
1.5B,csp,csp-0047,test,long,2,1.0,552.0,long_m2
1.5B,csp,csp-0047,test,long,4,1.0,539.0,long_m4
1.5B,csp,csp-0047,test,debate,6,0.0,2526.0,debate_a3r2
1.5B,csp,csp-0048,test,single,1,1.0,370.0,
1.5B,csp,csp-0048,test,vote,4,0.5,1528.0,vote_k4
1.5B,csp,csp-0048,test,prog,4,1.0,1528.0,prog_k4
1.5B,csp,csp-0048,test,oracle,4,1.0,1528.0,oracle_k4
1.5B,csp,csp-0048,test,judge,4,0.0,2664.5,judge_k4
1.5B,csp,csp-0048,test,vote,8,1.0,2857.0,vote_k8
1.5B,csp,csp-0048,test,prog,8,1.0,2857.0,prog_k8
1.5B,csp,csp-0048,test,oracle,8,1.0,2857.0,oracle_k8
1.5B,csp,csp-0048,test,judge,8,1.0,4911.0,judge_k8
1.5B,csp,csp-0048,test,seq,1,1.0,370.0,seq_r1
1.5B,csp,csp-0048,test,seq,2,1.0,1040.0,seq_r2
1.5B,csp,csp-0048,test,seq,3,1.0,1716.0,seq_r3
1.5B,csp,csp-0048,test,seq,4,1.0,2442.0,seq_r4
1.5B,csp,csp-0048,test,long,2,1.0,373.0,long_m2
1.5B,csp,csp-0048,test,long,4,1.0,433.0,long_m4
1.5B,csp,csp-0048,test,debate,6,0.0,2548.0,debate_a3r2
1.5B,csp,csp-0049,test,single,1,0.0,256.0,
1.5B,csp,csp-0049,test,vote,4,0.0,1414.0,vote_k4
1.5B,csp,csp-0049,test,prog,4,0.0,1414.0,prog_k4
1.5B,csp,csp-0049,test,oracle,4,0.0,1414.0,oracle_k4
1.5B,csp,csp-0049,test,judge,4,0.0,2492.0,judge_k4
1.5B,csp,csp-0049,test,vote,8,0.0,2958.0,vote_k8
1.5B,csp,csp-0049,test,prog,8,0.0,2958.0,prog_k8
1.5B,csp,csp-0049,test,oracle,8,0.0,2958.0,oracle_k8
1.5B,csp,csp-0049,test,judge,8,0.0,5031.0,judge_k8
1.5B,csp,csp-0049,test,seq,1,0.0,256.0,seq_r1
1.5B,csp,csp-0049,test,seq,2,0.0,640.0,seq_r2
1.5B,csp,csp-0049,test,seq,3,0.0,1066.0,seq_r3
1.5B,csp,csp-0049,test,seq,4,0.0,1715.0,seq_r4
1.5B,csp,csp-0049,test,long,2,1.0,597.0,long_m2
1.5B,csp,csp-0049,test,long,4,1.0,642.0,long_m4
1.5B,csp,csp-0049,test,debate,6,0.0,2282.0,debate_a3r2
1.5B,csp,csp-0050,test,single,1,0.0,385.0,
1.5B,csp,csp-0050,test,vote,4,0.0,1476.0,vote_k4
1.5B,csp,csp-0050,test,prog,4,0.5,1476.0,prog_k4
1.5B,csp,csp-0050,test,oracle,4,0.5,1476.0,oracle_k4
1.5B,csp,csp-0050,test,judge,4,0.0,2535.5,judge_k4
1.5B,csp,csp-0050,test,vote,8,0.0,2778.0,vote_k8
1.5B,csp,csp-0050,test,prog,8,1.0,2778.0,prog_k8
1.5B,csp,csp-0050,test,oracle,8,1.0,2778.0,oracle_k8
1.5B,csp,csp-0050,test,judge,8,0.0,4739.0,judge_k8
1.5B,csp,csp-0050,test,seq,1,0.0,385.0,seq_r1
1.5B,csp,csp-0050,test,seq,2,1.0,1121.0,seq_r2
1.5B,csp,csp-0050,test,seq,3,0.0,1858.0,seq_r3
1.5B,csp,csp-0050,test,seq,4,0.0,2594.0,seq_r4
1.5B,csp,csp-0050,test,long,2,0.0,738.0,long_m2
1.5B,csp,csp-0050,test,long,4,1.0,769.0,long_m4
1.5B,csp,csp-0050,test,debate,6,0.0,2772.0,debate_a3r2
1.5B,csp,csp-0051,test,single,1,0.0,386.0,
1.5B,csp,csp-0051,test,vote,4,0.0,1544.0,vote_k4
1.5B,csp,csp-0051,test,prog,4,0.5,1544.0,prog_k4
1.5B,csp,csp-0051,test,oracle,4,0.5,1544.0,oracle_k4
1.5B,csp,csp-0051,test,judge,4,0.0,2648.0,judge_k4
1.5B,csp,csp-0051,test,vote,8,0.0,3088.0,vote_k8
1.5B,csp,csp-0051,test,prog,8,1.0,3088.0,prog_k8
1.5B,csp,csp-0051,test,oracle,8,1.0,3088.0,oracle_k8
1.5B,csp,csp-0051,test,judge,8,0.0,5142.0,judge_k8
1.5B,csp,csp-0051,test,seq,1,0.0,386.0,seq_r1
1.5B,csp,csp-0051,test,seq,2,0.0,1123.0,seq_r2
1.5B,csp,csp-0051,test,seq,3,0.0,1859.0,seq_r3
1.5B,csp,csp-0051,test,seq,4,0.0,2303.0,seq_r4
1.5B,csp,csp-0051,test,long,2,1.0,618.0,long_m2
1.5B,csp,csp-0051,test,long,4,1.0,822.0,long_m4
1.5B,csp,csp-0051,test,debate,6,0.0,2468.0,debate_a3r2
1.5B,csp,csp-0052,test,single,1,0.0,387.0,
1.5B,csp,csp-0052,test,vote,4,0.0,1548.0,vote_k4
1.5B,csp,csp-0052,test,prog,4,0.0,1548.0,prog_k4
1.5B,csp,csp-0052,test,oracle,4,0.0,1548.0,oracle_k4
1.5B,csp,csp-0052,test,judge,4,0.0,2609.5,judge_k4
1.5B,csp,csp-0052,test,vote,8,0.0,3096.0,vote_k8
1.5B,csp,csp-0052,test,prog,8,0.0,3096.0,prog_k8
1.5B,csp,csp-0052,test,oracle,8,0.0,3096.0,oracle_k8
1.5B,csp,csp-0052,test,judge,8,0.0,5121.0,judge_k8
1.5B,csp,csp-0052,test,seq,1,0.0,387.0,seq_r1
1.5B,csp,csp-0052,test,seq,2,0.0,1125.0,seq_r2
1.5B,csp,csp-0052,test,seq,3,0.0,1863.0,seq_r3
1.5B,csp,csp-0052,test,seq,4,0.0,2601.0,seq_r4
1.5B,csp,csp-0052,test,long,2,0.0,555.0,long_m2
1.5B,csp,csp-0052,test,long,4,0.0,658.0,long_m4
1.5B,csp,csp-0052,test,debate,6,0.0,2735.0,debate_a3r2
1.5B,csp,csp-0053,test,single,1,1.0,386.0,
1.5B,csp,csp-0053,test,vote,4,0.5,1544.0,vote_k4
1.5B,csp,csp-0053,test,prog,4,1.0,1544.0,prog_k4
1.5B,csp,csp-0053,test,oracle,4,1.0,1544.0,oracle_k4
1.5B,csp,csp-0053,test,judge,4,0.0,2595.0,judge_k4
1.5B,csp,csp-0053,test,vote,8,0.0,3088.0,vote_k8
1.5B,csp,csp-0053,test,prog,8,1.0,3088.0,prog_k8
1.5B,csp,csp-0053,test,oracle,8,1.0,3088.0,oracle_k8
1.5B,csp,csp-0053,test,judge,8,1.0,5092.0,judge_k8
1.5B,csp,csp-0053,test,seq,1,1.0,386.0,seq_r1
1.5B,csp,csp-0053,test,seq,2,1.0,1122.0,seq_r2
1.5B,csp,csp-0053,test,seq,3,1.0,1858.0,seq_r3
1.5B,csp,csp-0053,test,seq,4,0.0,2594.0,seq_r4
1.5B,csp,csp-0053,test,long,2,1.0,660.0,long_m2
1.5B,csp,csp-0053,test,long,4,0.0,637.0,long_m4
1.5B,csp,csp-0053,test,debate,6,0.0,2780.0,debate_a3r2
1.5B,csp,csp-0054,test,single,1,0.0,386.0,
1.5B,csp,csp-0054,test,vote,4,0.0,1544.0,vote_k4
1.5B,csp,csp-0054,test,prog,4,0.0,1544.0,prog_k4
1.5B,csp,csp-0054,test,oracle,4,0.0,1544.0,oracle_k4
1.5B,csp,csp-0054,test,judge,4,0.0,2615.5,judge_k4
1.5B,csp,csp-0054,test,vote,8,0.0,3078.0,vote_k8
1.5B,csp,csp-0054,test,prog,8,1.0,3078.0,prog_k8
1.5B,csp,csp-0054,test,oracle,8,1.0,3078.0,oracle_k8
1.5B,csp,csp-0054,test,judge,8,0.0,5174.0,judge_k8
1.5B,csp,csp-0054,test,seq,1,0.0,386.0,seq_r1
1.5B,csp,csp-0054,test,seq,2,0.0,1123.0,seq_r2
1.5B,csp,csp-0054,test,seq,3,0.0,1860.0,seq_r3
1.5B,csp,csp-0054,test,seq,4,0.0,2595.0,seq_r4
1.5B,csp,csp-0054,test,long,2,1.0,738.0,long_m2
1.5B,csp,csp-0054,test,long,4,1.0,678.0,long_m4
1.5B,csp,csp-0054,test,debate,6,0.0,2786.0,debate_a3r2
1.5B,csp,csp-0055,test,single,1,0.0,387.0,
1.5B,csp,csp-0055,test,vote,4,0.0,1521.5,vote_k4
1.5B,csp,csp-0055,test,prog,4,0.0,1521.5,prog_k4
1.5B,csp,csp-0055,test,oracle,4,0.0,1521.5,oracle_k4
1.5B,csp,csp-0055,test,judge,4,0.0,2629.5,judge_k4
1.5B,csp,csp-0055,test,vote,8,0.0,3043.0,vote_k8
1.5B,csp,csp-0055,test,prog,8,0.0,3043.0,prog_k8
1.5B,csp,csp-0055,test,oracle,8,0.0,3043.0,oracle_k8
1.5B,csp,csp-0055,test,judge,8,0.0,5189.0,judge_k8
1.5B,csp,csp-0055,test,seq,1,0.0,387.0,seq_r1
1.5B,csp,csp-0055,test,seq,2,0.0,1125.0,seq_r2
1.5B,csp,csp-0055,test,seq,3,0.0,1863.0,seq_r3
1.5B,csp,csp-0055,test,seq,4,0.0,2601.0,seq_r4
1.5B,csp,csp-0055,test,long,2,0.0,701.0,long_m2
1.5B,csp,csp-0055,test,long,4,1.0,737.0,long_m4
1.5B,csp,csp-0055,test,debate,6,0.0,2499.0,debate_a3r2
1.5B,csp,csp-0056,test,single,1,0.0,386.0,
1.5B,csp,csp-0056,test,vote,4,0.0,1544.0,vote_k4
1.5B,csp,csp-0056,test,prog,4,0.5,1544.0,prog_k4
1.5B,csp,csp-0056,test,oracle,4,0.5,1544.0,oracle_k4
1.5B,csp,csp-0056,test,judge,4,0.0,2649.5,judge_k4
1.5B,csp,csp-0056,test,vote,8,0.0,3088.0,vote_k8
1.5B,csp,csp-0056,test,prog,8,1.0,3088.0,prog_k8
1.5B,csp,csp-0056,test,oracle,8,1.0,3088.0,oracle_k8
1.5B,csp,csp-0056,test,judge,8,0.0,5232.0,judge_k8
1.5B,csp,csp-0056,test,seq,1,0.0,386.0,seq_r1
1.5B,csp,csp-0056,test,seq,2,0.0,1123.0,seq_r2
1.5B,csp,csp-0056,test,seq,3,0.0,1859.0,seq_r3
1.5B,csp,csp-0056,test,seq,4,0.0,2595.0,seq_r4
1.5B,csp,csp-0056,test,long,2,0.0,738.0,long_m2
1.5B,csp,csp-0056,test,long,4,1.0,633.0,long_m4
1.5B,csp,csp-0056,test,debate,6,0.0,2820.0,debate_a3r2
1.5B,csp,csp-0057,test,single,1,0.0,386.0,
1.5B,csp,csp-0057,test,vote,4,0.0,1544.0,vote_k4
1.5B,csp,csp-0057,test,prog,4,0.0,1544.0,prog_k4
1.5B,csp,csp-0057,test,oracle,4,0.0,1544.0,oracle_k4
1.5B,csp,csp-0057,test,judge,4,0.0,2630.5,judge_k4
1.5B,csp,csp-0057,test,vote,8,0.0,3088.0,vote_k8
1.5B,csp,csp-0057,test,prog,8,0.0,3088.0,prog_k8
1.5B,csp,csp-0057,test,oracle,8,0.0,3088.0,oracle_k8
1.5B,csp,csp-0057,test,judge,8,0.0,5203.0,judge_k8
1.5B,csp,csp-0057,test,seq,1,0.0,386.0,seq_r1
1.5B,csp,csp-0057,test,seq,2,0.0,1122.0,seq_r2
1.5B,csp,csp-0057,test,seq,3,0.0,1859.0,seq_r3
1.5B,csp,csp-0057,test,seq,4,0.0,2596.0,seq_r4
1.5B,csp,csp-0057,test,long,2,1.0,592.0,long_m2
1.5B,csp,csp-0057,test,long,4,1.0,552.0,long_m4
1.5B,csp,csp-0057,test,debate,6,0.0,2446.0,debate_a3r2
1.5B,csp,csp-0058,test,single,1,0.0,387.0,
1.5B,csp,csp-0058,test,vote,4,0.0,1548.0,vote_k4
1.5B,csp,csp-0058,test,prog,4,0.0,1548.0,prog_k4
1.5B,csp,csp-0058,test,oracle,4,0.0,1548.0,oracle_k4
1.5B,csp,csp-0058,test,judge,4,0.0,2660.5,judge_k4
1.5B,csp,csp-0058,test,vote,8,0.0,3096.0,vote_k8
1.5B,csp,csp-0058,test,prog,8,0.0,3096.0,prog_k8
1.5B,csp,csp-0058,test,oracle,8,0.0,3096.0,oracle_k8
1.5B,csp,csp-0058,test,judge,8,0.0,5257.0,judge_k8
1.5B,csp,csp-0058,test,seq,1,0.0,387.0,seq_r1
1.5B,csp,csp-0058,test,seq,2,0.0,1125.0,seq_r2
1.5B,csp,csp-0058,test,seq,3,0.0,1863.0,seq_r3
1.5B,csp,csp-0058,test,seq,4,0.0,2601.0,seq_r4
1.5B,csp,csp-0058,test,long,2,1.0,658.0,long_m2
1.5B,csp,csp-0058,test,long,4,1.0,527.0,long_m4
1.5B,csp,csp-0058,test,debate,6,0.0,2433.0,debate_a3r2
1.5B,csp,csp-0059,test,single,1,0.0,386.0,
1.5B,csp,csp-0059,test,vote,4,0.0,1544.0,vote_k4
1.5B,csp,csp-0059,test,prog,4,0.0,1544.0,prog_k4
1.5B,csp,csp-0059,test,oracle,4,0.0,1544.0,oracle_k4
1.5B,csp,csp-0059,test,judge,4,0.0,2611.5,judge_k4
1.5B,csp,csp-0059,test,vote,8,0.0,3088.0,vote_k8
1.5B,csp,csp-0059,test,prog,8,1.0,3088.0,prog_k8
1.5B,csp,csp-0059,test,oracle,8,1.0,3088.0,oracle_k8
1.5B,csp,csp-0059,test,judge,8,0.0,5159.0,judge_k8
1.5B,csp,csp-0059,test,seq,1,0.0,386.0,seq_r1
1.5B,csp,csp-0059,test,seq,2,0.0,1122.0,seq_r2
1.5B,csp,csp-0059,test,seq,3,0.0,1859.0,seq_r3
1.5B,csp,csp-0059,test,seq,4,1.0,2284.0,seq_r4
1.5B,csp,csp-0059,test,long,2,1.0,644.0,long_m2
1.5B,csp,csp-0059,test,long,4,1.0,647.0,long_m4
1.5B,csp,csp-0059,test,debate,6,0.0,2500.0,debate_a3r2
1.5B,csp,csp-0060,test,single,1,1.0,266.0,
1.5B,csp,csp-0060,test,vote,4,1.0,1003.5,vote_k4
1.5B,csp,csp-0060,test,prog,4,1.0,1003.5,prog_k4
1.5B,csp,csp-0060,test,oracle,4,1.0,1003.5,oracle_k4
1.5B,csp,csp-0060,test,judge,4,1.0,1810.0,judge_k4
1.5B,csp,csp-0060,test,vote,8,1.0,2158.0,vote_k8
1.5B,csp,csp-0060,test,prog,8,1.0,2158.0,prog_k8
1.5B,csp,csp-0060,test,oracle,8,1.0,2158.0,oracle_k8
1.5B,csp,csp-0060,test,judge,8,1.0,3718.0,judge_k8
1.5B,csp,csp-0060,test,seq,1,1.0,266.0,seq_r1
1.5B,csp,csp-0060,test,seq,2,1.0,615.0,seq_r2
1.5B,csp,csp-0060,test,seq,3,1.0,818.0,seq_r3
1.5B,csp,csp-0060,test,seq,4,1.0,1021.0,seq_r4
1.5B,csp,csp-0060,test,long,2,1.0,399.0,long_m2
1.5B,csp,csp-0060,test,long,4,1.0,708.0,long_m4
1.5B,csp,csp-0060,test,debate,6,1.0,2045.0,debate_a3r2
1.5B,csp,csp-0061,test,single,1,1.0,361.0,
1.5B,csp,csp-0061,test,vote,4,1.0,1509.0,vote_k4
1.5B,csp,csp-0061,test,prog,4,1.0,1509.0,prog_k4
1.5B,csp,csp-0061,test,oracle,4,1.0,1509.0,oracle_k4
1.5B,csp,csp-0061,test,judge,4,0.0,2612.0,judge_k4
1.5B,csp,csp-0061,test,vote,8,1.0,2945.0,vote_k8
1.5B,csp,csp-0061,test,prog,8,1.0,2945.0,prog_k8
1.5B,csp,csp-0061,test,oracle,8,1.0,2945.0,oracle_k8
1.5B,csp,csp-0061,test,judge,8,1.0,4991.0,judge_k8
1.5B,csp,csp-0061,test,seq,1,1.0,361.0,seq_r1
1.5B,csp,csp-0061,test,seq,2,1.0,1057.0,seq_r2
1.5B,csp,csp-0061,test,seq,3,0.0,1778.0,seq_r3
1.5B,csp,csp-0061,test,seq,4,0.0,2515.0,seq_r4
1.5B,csp,csp-0061,test,long,2,1.0,373.0,long_m2
1.5B,csp,csp-0061,test,long,4,0.0,1378.0,long_m4
1.5B,csp,csp-0061,test,debate,6,1.0,2349.0,debate_a3r2
1.5B,csp,csp-0062,test,single,1,0.0,386.0,
1.5B,csp,csp-0062,test,vote,4,0.0,1518.0,vote_k4
1.5B,csp,csp-0062,test,prog,4,0.0,1518.0,prog_k4
1.5B,csp,csp-0062,test,oracle,4,0.0,1518.0,oracle_k4
1.5B,csp,csp-0062,test,judge,4,0.0,2677.5,judge_k4
1.5B,csp,csp-0062,test,vote,8,0.0,2894.0,vote_k8
1.5B,csp,csp-0062,test,prog,8,1.0,2894.0,prog_k8
1.5B,csp,csp-0062,test,oracle,8,1.0,2894.0,oracle_k8
1.5B,csp,csp-0062,test,judge,8,0.0,5036.0,judge_k8
1.5B,csp,csp-0062,test,seq,1,0.0,386.0,seq_r1
1.5B,csp,csp-0062,test,seq,2,0.0,1122.0,seq_r2
1.5B,csp,csp-0062,test,seq,3,0.0,1859.0,seq_r3
1.5B,csp,csp-0062,test,seq,4,0.0,2595.0,seq_r4
1.5B,csp,csp-0062,test,long,2,0.0,738.0,long_m2
1.5B,csp,csp-0062,test,long,4,1.0,395.0,long_m4
1.5B,csp,csp-0062,test,debate,6,0.0,2522.0,debate_a3r2
1.5B,csp,csp-0063,test,single,1,1.0,357.0,
1.5B,csp,csp-0063,test,vote,4,1.0,1401.0,vote_k4
1.5B,csp,csp-0063,test,prog,4,1.0,1401.0,prog_k4
1.5B,csp,csp-0063,test,oracle,4,1.0,1401.0,oracle_k4
1.5B,csp,csp-0063,test,judge,4,0.5,2445.0,judge_k4
1.5B,csp,csp-0063,test,vote,8,1.0,2844.0,vote_k8
1.5B,csp,csp-0063,test,prog,8,1.0,2844.0,prog_k8
1.5B,csp,csp-0063,test,oracle,8,1.0,2844.0,oracle_k8
1.5B,csp,csp-0063,test,judge,8,1.0,4836.0,judge_k8
1.5B,csp,csp-0063,test,seq,1,1.0,357.0,seq_r1
1.5B,csp,csp-0063,test,seq,2,1.0,1014.0,seq_r2
1.5B,csp,csp-0063,test,seq,3,1.0,1658.0,seq_r3
1.5B,csp,csp-0063,test,seq,4,1.0,2334.0,seq_r4
1.5B,csp,csp-0063,test,long,2,1.0,426.0,long_m2
1.5B,csp,csp-0063,test,long,4,1.0,671.0,long_m4
1.5B,csp,csp-0063,test,debate,6,0.0,2304.0,debate_a3r2
1.5B,csp,csp-0064,test,single,1,0.0,386.0,
1.5B,csp,csp-0064,test,vote,4,0.0,1544.0,vote_k4
1.5B,csp,csp-0064,test,prog,4,0.0,1544.0,prog_k4
1.5B,csp,csp-0064,test,oracle,4,0.0,1544.0,oracle_k4
1.5B,csp,csp-0064,test,judge,4,0.0,2701.5,judge_k4
1.5B,csp,csp-0064,test,vote,8,0.0,3088.0,vote_k8
1.5B,csp,csp-0064,test,prog,8,0.0,3088.0,prog_k8
1.5B,csp,csp-0064,test,oracle,8,0.0,3088.0,oracle_k8
1.5B,csp,csp-0064,test,judge,8,0.0,5326.0,judge_k8
1.5B,csp,csp-0064,test,seq,1,0.0,386.0,seq_r1
1.5B,csp,csp-0064,test,seq,2,1.0,1021.0,seq_r2
1.5B,csp,csp-0064,test,seq,3,0.0,1656.0,seq_r3
1.5B,csp,csp-0064,test,seq,4,0.0,2392.0,seq_r4
1.5B,csp,csp-0064,test,long,2,1.0,508.0,long_m2
1.5B,csp,csp-0064,test,long,4,1.0,508.0,long_m4
1.5B,csp,csp-0064,test,debate,6,0.0,2508.0,debate_a3r2
1.5B,csp,csp-0065,test,single,1,0.0,386.0,
1.5B,csp,csp-0065,test,vote,4,0.0,1391.0,vote_k4
1.5B,csp,csp-0065,test,prog,4,0.0,1391.0,prog_k4
1.5B,csp,csp-0065,test,oracle,4,0.0,1391.0,oracle_k4
1.5B,csp,csp-0065,test,judge,4,0.0,2464.5,judge_k4
1.5B,csp,csp-0065,test,vote,8,0.0,2782.0,vote_k8
1.5B,csp,csp-0065,test,prog,8,0.0,2782.0,prog_k8
1.5B,csp,csp-0065,test,oracle,8,0.0,2782.0,oracle_k8
1.5B,csp,csp-0065,test,judge,8,0.0,4838.0,judge_k8
1.5B,csp,csp-0065,test,seq,1,0.0,386.0,seq_r1
1.5B,csp,csp-0065,test,seq,2,0.0,1123.0,seq_r2
1.5B,csp,csp-0065,test,seq,3,0.0,1860.0,seq_r3
1.5B,csp,csp-0065,test,seq,4,0.0,2597.0,seq_r4
1.5B,csp,csp-0065,test,long,2,0.0,738.0,long_m2
1.5B,csp,csp-0065,test,long,4,1.0,771.0,long_m4
1.5B,csp,csp-0065,test,debate,6,0.0,2497.0,debate_a3r2
1.5B,csp,csp-0066,test,single,1,0.0,386.0,
1.5B,csp,csp-0066,test,vote,4,0.0,1544.0,vote_k4
1.5B,csp,csp-0066,test,prog,4,0.0,1544.0,prog_k4
1.5B,csp,csp-0066,test,oracle,4,0.0,1544.0,oracle_k4
1.5B,csp,csp-0066,test,judge,4,0.0,2634.0,judge_k4
1.5B,csp,csp-0066,test,vote,8,0.0,3088.0,vote_k8
1.5B,csp,csp-0066,test,prog,8,0.0,3088.0,prog_k8
1.5B,csp,csp-0066,test,oracle,8,0.0,3088.0,oracle_k8
1.5B,csp,csp-0066,test,judge,8,0.0,5129.0,judge_k8
1.5B,csp,csp-0066,test,seq,1,0.0,386.0,seq_r1
1.5B,csp,csp-0066,test,seq,2,0.0,1122.0,seq_r2
1.5B,csp,csp-0066,test,seq,3,0.0,1831.0,seq_r3
1.5B,csp,csp-0066,test,seq,4,0.0,2526.0,seq_r4
1.5B,csp,csp-0066,test,long,2,0.0,738.0,long_m2
1.5B,csp,csp-0066,test,long,4,0.0,1168.0,long_m4
1.5B,csp,csp-0066,test,debate,6,0.0,2795.0,debate_a3r2
1.5B,csp,csp-0067,test,single,1,0.0,386.0,
1.5B,csp,csp-0067,test,vote,4,0.0,1544.0,vote_k4
1.5B,csp,csp-0067,test,prog,4,0.0,1544.0,prog_k4
1.5B,csp,csp-0067,test,oracle,4,0.0,1544.0,oracle_k4
1.5B,csp,csp-0067,test,judge,4,0.0,2653.5,judge_k4
1.5B,csp,csp-0067,test,vote,8,0.0,3088.0,vote_k8
1.5B,csp,csp-0067,test,prog,8,0.0,3088.0,prog_k8
1.5B,csp,csp-0067,test,oracle,8,0.0,3088.0,oracle_k8
1.5B,csp,csp-0067,test,judge,8,0.0,5146.0,judge_k8
1.5B,csp,csp-0067,test,seq,1,0.0,386.0,seq_r1
1.5B,csp,csp-0067,test,seq,2,0.0,1123.0,seq_r2
1.5B,csp,csp-0067,test,seq,3,1.0,1859.0,seq_r3
1.5B,csp,csp-0067,test,seq,4,1.0,2568.0,seq_r4
1.5B,csp,csp-0067,test,long,2,0.0,738.0,long_m2
1.5B,csp,csp-0067,test,long,4,0.0,930.0,long_m4
1.5B,csp,csp-0067,test,debate,6,0.0,2408.0,debate_a3r2
1.5B,csp,csp-0068,test,single,1,0.0,386.0,
1.5B,csp,csp-0068,test,vote,4,0.5,1529.5,vote_k4
1.5B,csp,csp-0068,test,prog,4,1.0,1529.5,prog_k4
1.5B,csp,csp-0068,test,oracle,4,1.0,1529.5,oracle_k4
1.5B,csp,csp-0068,test,judge,4,0.5,2630.5,judge_k4
1.5B,csp,csp-0068,test,vote,8,0.0,2898.0,vote_k8
1.5B,csp,csp-0068,test,prog,8,1.0,2898.0,prog_k8
1.5B,csp,csp-0068,test,oracle,8,1.0,2898.0,oracle_k8
1.5B,csp,csp-0068,test,judge,8,1.0,4932.0,judge_k8
1.5B,csp,csp-0068,test,seq,1,0.0,386.0,seq_r1
1.5B,csp,csp-0068,test,seq,2,0.0,1097.0,seq_r2
1.5B,csp,csp-0068,test,seq,3,0.0,1552.0,seq_r3
1.5B,csp,csp-0068,test,seq,4,0.0,1775.0,seq_r4
1.5B,csp,csp-0068,test,long,2,1.0,642.0,long_m2
1.5B,csp,csp-0068,test,long,4,1.0,642.0,long_m4
1.5B,csp,csp-0068,test,debate,6,0.0,2291.0,debate_a3r2
1.5B,csp,csp-0069,test,single,1,0.0,386.0,
1.5B,csp,csp-0069,test,vote,4,0.0,1544.0,vote_k4
1.5B,csp,csp-0069,test,prog,4,0.0,1544.0,prog_k4
1.5B,csp,csp-0069,test,oracle,4,0.0,1544.0,oracle_k4
1.5B,csp,csp-0069,test,judge,4,0.0,2678.0,judge_k4
1.5B,csp,csp-0069,test,vote,8,0.0,3088.0,vote_k8
1.5B,csp,csp-0069,test,prog,8,1.0,3088.0,prog_k8
1.5B,csp,csp-0069,test,oracle,8,1.0,3088.0,oracle_k8
1.5B,csp,csp-0069,test,judge,8,0.0,5273.0,judge_k8
1.5B,csp,csp-0069,test,seq,1,0.0,386.0,seq_r1
1.5B,csp,csp-0069,test,seq,2,1.0,1032.0,seq_r2
1.5B,csp,csp-0069,test,seq,3,1.0,1588.0,seq_r3
1.5B,csp,csp-0069,test,seq,4,1.0,2146.0,seq_r4
1.5B,csp,csp-0069,test,long,2,0.0,738.0,long_m2
1.5B,csp,csp-0069,test,long,4,1.0,758.0,long_m4
1.5B,csp,csp-0069,test,debate,6,0.0,2508.0,debate_a3r2
1.5B,csp,csp-0070,test,single,1,0.0,386.0,
1.5B,csp,csp-0070,test,vote,4,0.0,1544.0,vote_k4
1.5B,csp,csp-0070,test,prog,4,0.0,1544.0,prog_k4
1.5B,csp,csp-0070,test,oracle,4,0.0,1544.0,oracle_k4
1.5B,csp,csp-0070,test,judge,4,0.0,2692.5,judge_k4
1.5B,csp,csp-0070,test,vote,8,0.0,3088.0,vote_k8
1.5B,csp,csp-0070,test,prog,8,0.0,3088.0,prog_k8
1.5B,csp,csp-0070,test,oracle,8,0.0,3088.0,oracle_k8
1.5B,csp,csp-0070,test,judge,8,0.0,5271.0,judge_k8
1.5B,csp,csp-0070,test,seq,1,0.0,386.0,seq_r1
1.5B,csp,csp-0070,test,seq,2,0.0,1122.0,seq_r2
1.5B,csp,csp-0070,test,seq,3,0.0,1858.0,seq_r3
1.5B,csp,csp-0070,test,seq,4,1.0,2583.0,seq_r4
1.5B,csp,csp-0070,test,long,2,1.0,490.0,long_m2
1.5B,csp,csp-0070,test,long,4,1.0,490.0,long_m4
1.5B,csp,csp-0070,test,debate,6,0.0,2514.0,debate_a3r2
1.5B,csp,csp-0071,test,single,1,1.0,332.0,
1.5B,csp,csp-0071,test,vote,4,1.0,1375.0,vote_k4
1.5B,csp,csp-0071,test,prog,4,1.0,1375.0,prog_k4
1.5B,csp,csp-0071,test,oracle,4,1.0,1375.0,oracle_k4
1.5B,csp,csp-0071,test,judge,4,1.0,2444.0,judge_k4
1.5B,csp,csp-0071,test,vote,8,1.0,2819.0,vote_k8
1.5B,csp,csp-0071,test,prog,8,1.0,2819.0,prog_k8
1.5B,csp,csp-0071,test,oracle,8,1.0,2819.0,oracle_k8
1.5B,csp,csp-0071,test,judge,8,1.0,4876.0,judge_k8
1.5B,csp,csp-0071,test,seq,1,1.0,332.0,seq_r1
1.5B,csp,csp-0071,test,seq,2,0.0,1015.0,seq_r2
1.5B,csp,csp-0071,test,seq,3,0.0,1751.0,seq_r3
1.5B,csp,csp-0071,test,seq,4,1.0,2479.0,seq_r4
1.5B,csp,csp-0071,test,long,2,1.0,566.0,long_m2
1.5B,csp,csp-0071,test,long,4,1.0,566.0,long_m4
1.5B,csp,csp-0071,test,debate,6,1.0,2921.0,debate_a3r2
1.5B,csp,csp-0072,test,single,1,0.0,386.0,
1.5B,csp,csp-0072,test,vote,4,0.0,1544.0,vote_k4
1.5B,csp,csp-0072,test,prog,4,0.0,1544.0,prog_k4
1.5B,csp,csp-0072,test,oracle,4,0.0,1544.0,oracle_k4
1.5B,csp,csp-0072,test,judge,4,0.0,2676.5,judge_k4
1.5B,csp,csp-0072,test,vote,8,0.0,3088.0,vote_k8
1.5B,csp,csp-0072,test,prog,8,0.0,3088.0,prog_k8
1.5B,csp,csp-0072,test,oracle,8,0.0,3088.0,oracle_k8
1.5B,csp,csp-0072,test,judge,8,0.0,5265.0,judge_k8
1.5B,csp,csp-0072,test,seq,1,0.0,386.0,seq_r1
1.5B,csp,csp-0072,test,seq,2,1.0,901.0,seq_r2
1.5B,csp,csp-0072,test,seq,3,0.0,1417.0,seq_r3
1.5B,csp,csp-0072,test,seq,4,0.0,2153.0,seq_r4
1.5B,csp,csp-0072,test,long,2,1.0,617.0,long_m2
1.5B,csp,csp-0072,test,long,4,1.0,617.0,long_m4
1.5B,csp,csp-0072,test,debate,6,0.0,2476.0,debate_a3r2
1.5B,csp,csp-0073,test,single,1,0.0,387.0,
1.5B,csp,csp-0073,test,vote,4,0.0,1548.0,vote_k4
1.5B,csp,csp-0073,test,prog,4,0.0,1548.0,prog_k4
1.5B,csp,csp-0073,test,oracle,4,0.0,1548.0,oracle_k4
1.5B,csp,csp-0073,test,judge,4,0.0,2619.0,judge_k4
1.5B,csp,csp-0073,test,vote,8,0.0,3096.0,vote_k8
1.5B,csp,csp-0073,test,prog,8,0.0,3096.0,prog_k8
1.5B,csp,csp-0073,test,oracle,8,0.0,3096.0,oracle_k8
1.5B,csp,csp-0073,test,judge,8,0.0,5134.0,judge_k8
1.5B,csp,csp-0073,test,seq,1,0.0,387.0,seq_r1
1.5B,csp,csp-0073,test,seq,2,0.0,1125.0,seq_r2
1.5B,csp,csp-0073,test,seq,3,0.0,1863.0,seq_r3
1.5B,csp,csp-0073,test,seq,4,0.0,2600.0,seq_r4
1.5B,csp,csp-0073,test,long,2,1.0,687.0,long_m2
1.5B,csp,csp-0073,test,long,4,1.0,687.0,long_m4
1.5B,csp,csp-0073,test,debate,6,0.0,3083.0,debate_a3r2
1.5B,csp,csp-0074,test,single,1,1.0,330.0,
1.5B,csp,csp-0074,test,vote,4,0.5,1395.0,vote_k4
1.5B,csp,csp-0074,test,prog,4,1.0,1395.0,prog_k4
1.5B,csp,csp-0074,test,oracle,4,1.0,1395.0,oracle_k4
1.5B,csp,csp-0074,test,judge,4,0.0,2399.5,judge_k4
1.5B,csp,csp-0074,test,vote,8,1.0,2917.0,vote_k8
1.5B,csp,csp-0074,test,prog,8,1.0,2917.0,prog_k8
1.5B,csp,csp-0074,test,oracle,8,1.0,2917.0,oracle_k8
1.5B,csp,csp-0074,test,judge,8,1.0,4922.0,judge_k8
1.5B,csp,csp-0074,test,seq,1,1.0,330.0,seq_r1
1.5B,csp,csp-0074,test,seq,2,0.0,1011.0,seq_r2
1.5B,csp,csp-0074,test,seq,3,1.0,1747.0,seq_r3
1.5B,csp,csp-0074,test,seq,4,1.0,2477.0,seq_r4
1.5B,csp,csp-0074,test,long,2,0.0,385.0,long_m2
1.5B,csp,csp-0074,test,long,4,0.0,385.0,long_m4
1.5B,csp,csp-0074,test,debate,6,1.0,2260.0,debate_a3r2
1.5B,csp,csp-0075,test,single,1,0.0,386.0,
1.5B,csp,csp-0075,test,vote,4,0.0,1520.5,vote_k4
1.5B,csp,csp-0075,test,prog,4,0.0,1520.5,prog_k4
1.5B,csp,csp-0075,test,oracle,4,0.0,1520.5,oracle_k4
1.5B,csp,csp-0075,test,judge,4,0.0,2641.0,judge_k4
1.5B,csp,csp-0075,test,vote,8,0.0,3041.0,vote_k8
1.5B,csp,csp-0075,test,prog,8,0.0,3041.0,prog_k8
1.5B,csp,csp-0075,test,oracle,8,0.0,3041.0,oracle_k8
1.5B,csp,csp-0075,test,judge,8,0.0,5185.0,judge_k8
1.5B,csp,csp-0075,test,seq,1,0.0,386.0,seq_r1
1.5B,csp,csp-0075,test,seq,2,0.0,1122.0,seq_r2
1.5B,csp,csp-0075,test,seq,3,1.0,1672.0,seq_r3
1.5B,csp,csp-0075,test,seq,4,1.0,1954.0,seq_r4
1.5B,csp,csp-0075,test,long,2,0.0,738.0,long_m2
1.5B,csp,csp-0075,test,long,4,0.0,1378.0,long_m4
1.5B,csp,csp-0075,test,debate,6,0.0,2795.0,debate_a3r2
1.5B,csp,csp-0076,test,single,1,1.0,247.0,
1.5B,csp,csp-0076,test,vote,4,1.0,1096.0,vote_k4
1.5B,csp,csp-0076,test,prog,4,1.0,1096.0,prog_k4
1.5B,csp,csp-0076,test,oracle,4,1.0,1096.0,oracle_k4
1.5B,csp,csp-0076,test,judge,4,1.0,2028.5,judge_k4
1.5B,csp,csp-0076,test,vote,8,1.0,2091.0,vote_k8
1.5B,csp,csp-0076,test,prog,8,1.0,2091.0,prog_k8
1.5B,csp,csp-0076,test,oracle,8,1.0,2091.0,oracle_k8
1.5B,csp,csp-0076,test,judge,8,1.0,3714.0,judge_k8
1.5B,csp,csp-0076,test,seq,1,1.0,247.0,seq_r1
1.5B,csp,csp-0076,test,seq,2,1.0,599.0,seq_r2
1.5B,csp,csp-0076,test,seq,3,1.0,839.0,seq_r3
1.5B,csp,csp-0076,test,seq,4,1.0,1212.0,seq_r4
1.5B,csp,csp-0076,test,long,2,1.0,354.0,long_m2
1.5B,csp,csp-0076,test,long,4,1.0,354.0,long_m4
1.5B,csp,csp-0076,test,debate,6,1.0,2110.0,debate_a3r2
1.5B,csp,csp-0077,test,single,1,0.0,386.0,
1.5B,csp,csp-0077,test,vote,4,0.0,1544.0,vote_k4
1.5B,csp,csp-0077,test,prog,4,0.0,1544.0,prog_k4
1.5B,csp,csp-0077,test,oracle,4,0.0,1544.0,oracle_k4
1.5B,csp,csp-0077,test,judge,4,0.0,2684.0,judge_k4
1.5B,csp,csp-0077,test,vote,8,0.0,3088.0,vote_k8
1.5B,csp,csp-0077,test,prog,8,0.0,3088.0,prog_k8
1.5B,csp,csp-0077,test,oracle,8,0.0,3088.0,oracle_k8
1.5B,csp,csp-0077,test,judge,8,0.0,5262.0,judge_k8
1.5B,csp,csp-0077,test,seq,1,0.0,386.0,seq_r1
1.5B,csp,csp-0077,test,seq,2,0.0,1123.0,seq_r2
1.5B,csp,csp-0077,test,seq,3,0.0,1860.0,seq_r3
1.5B,csp,csp-0077,test,seq,4,0.0,2597.0,seq_r4
1.5B,csp,csp-0077,test,long,2,0.0,552.0,long_m2
1.5B,csp,csp-0077,test,long,4,0.0,552.0,long_m4
1.5B,csp,csp-0077,test,debate,6,0.0,2492.0,debate_a3r2
1.5B,csp,csp-0078,test,single,1,0.0,386.0,
1.5B,csp,csp-0078,test,vote,4,0.0,1460.0,vote_k4
1.5B,csp,csp-0078,test,prog,4,0.5,1460.0,prog_k4
1.5B,csp,csp-0078,test,oracle,4,0.5,1460.0,oracle_k4
1.5B,csp,csp-0078,test,judge,4,0.0,2516.5,judge_k4
1.5B,csp,csp-0078,test,vote,8,0.0,2923.0,vote_k8
1.5B,csp,csp-0078,test,prog,8,1.0,2923.0,prog_k8
1.5B,csp,csp-0078,test,oracle,8,1.0,2923.0,oracle_k8
1.5B,csp,csp-0078,test,judge,8,0.0,4987.0,judge_k8
1.5B,csp,csp-0078,test,seq,1,0.0,386.0,seq_r1
1.5B,csp,csp-0078,test,seq,2,0.0,1123.0,seq_r2
1.5B,csp,csp-0078,test,seq,3,0.0,1860.0,seq_r3
1.5B,csp,csp-0078,test,seq,4,0.0,2597.0,seq_r4
1.5B,csp,csp-0078,test,long,2,1.0,527.0,long_m2
1.5B,csp,csp-0078,test,long,4,1.0,527.0,long_m4
1.5B,csp,csp-0078,test,debate,6,0.0,2347.0,debate_a3r2
1.5B,csp,csp-0079,test,single,1,0.0,386.0,
1.5B,csp,csp-0079,test,vote,4,0.0,1544.0,vote_k4
1.5B,csp,csp-0079,test,prog,4,0.0,1544.0,prog_k4
1.5B,csp,csp-0079,test,oracle,4,0.0,1544.0,oracle_k4
1.5B,csp,csp-0079,test,judge,4,0.0,2670.0,judge_k4
1.5B,csp,csp-0079,test,vote,8,0.0,3076.0,vote_k8
1.5B,csp,csp-0079,test,prog,8,0.0,3076.0,prog_k8
1.5B,csp,csp-0079,test,oracle,8,0.0,3076.0,oracle_k8
1.5B,csp,csp-0079,test,judge,8,0.0,5283.0,judge_k8
1.5B,csp,csp-0079,test,seq,1,0.0,386.0,seq_r1
1.5B,csp,csp-0079,test,seq,2,0.0,1122.0,seq_r2
1.5B,csp,csp-0079,test,seq,3,0.0,1859.0,seq_r3
1.5B,csp,csp-0079,test,seq,4,0.0,2596.0,seq_r4
1.5B,csp,csp-0079,test,long,2,0.0,534.0,long_m2
1.5B,csp,csp-0079,test,long,4,0.0,534.0,long_m4
1.5B,csp,csp-0079,test,debate,6,0.0,2493.0,debate_a3r2
1.5B,csp,csp-0080,test,single,1,0.0,344.0,
1.5B,csp,csp-0080,test,vote,4,0.0,1502.0,vote_k4
1.5B,csp,csp-0080,test,prog,4,0.0,1502.0,prog_k4
1.5B,csp,csp-0080,test,oracle,4,0.0,1502.0,oracle_k4
1.5B,csp,csp-0080,test,judge,4,0.0,2626.5,judge_k4
1.5B,csp,csp-0080,test,vote,8,0.0,3046.0,vote_k8
1.5B,csp,csp-0080,test,prog,8,0.0,3046.0,prog_k8
1.5B,csp,csp-0080,test,oracle,8,0.0,3046.0,oracle_k8
1.5B,csp,csp-0080,test,judge,8,0.0,5178.0,judge_k8
1.5B,csp,csp-0080,test,seq,1,0.0,344.0,seq_r1
1.5B,csp,csp-0080,test,seq,2,0.0,806.0,seq_r2
1.5B,csp,csp-0080,test,seq,3,0.0,1078.0,seq_r3
1.5B,csp,csp-0080,test,seq,4,0.0,1387.0,seq_r4
1.5B,csp,csp-0080,test,long,2,0.0,738.0,long_m2
1.5B,csp,csp-0080,test,long,4,0.0,1064.0,long_m4
1.5B,csp,csp-0080,test,debate,6,0.0,2506.0,debate_a3r2
1.5B,csp,csp-0081,test,single,1,0.0,387.0,
1.5B,csp,csp-0081,test,vote,4,0.0,1548.0,vote_k4
1.5B,csp,csp-0081,test,prog,4,0.0,1548.0,prog_k4
1.5B,csp,csp-0081,test,oracle,4,0.0,1548.0,oracle_k4
1.5B,csp,csp-0081,test,judge,4,0.0,2602.0,judge_k4
1.5B,csp,csp-0081,test,vote,8,0.0,3096.0,vote_k8
1.5B,csp,csp-0081,test,prog,8,0.0,3096.0,prog_k8
1.5B,csp,csp-0081,test,oracle,8,0.0,3096.0,oracle_k8
1.5B,csp,csp-0081,test,judge,8,0.0,5126.0,judge_k8
1.5B,csp,csp-0081,test,seq,1,0.0,387.0,seq_r1
1.5B,csp,csp-0081,test,seq,2,0.0,1124.0,seq_r2
1.5B,csp,csp-0081,test,seq,3,0.0,1862.0,seq_r3
1.5B,csp,csp-0081,test,seq,4,0.0,2600.0,seq_r4
1.5B,csp,csp-0081,test,long,2,1.0,675.0,long_m2
1.5B,csp,csp-0081,test,long,4,1.0,675.0,long_m4
1.5B,csp,csp-0081,test,debate,6,0.0,2449.0,debate_a3r2
1.5B,csp,csp-0082,test,single,1,0.0,386.0,
1.5B,csp,csp-0082,test,vote,4,0.0,1517.0,vote_k4
1.5B,csp,csp-0082,test,prog,4,0.0,1517.0,prog_k4
1.5B,csp,csp-0082,test,oracle,4,0.0,1517.0,oracle_k4
1.5B,csp,csp-0082,test,judge,4,0.0,2572.5,judge_k4
1.5B,csp,csp-0082,test,vote,8,0.0,3034.0,vote_k8
1.5B,csp,csp-0082,test,prog,8,0.0,3034.0,prog_k8
1.5B,csp,csp-0082,test,oracle,8,0.0,3034.0,oracle_k8
1.5B,csp,csp-0082,test,judge,8,0.0,5072.0,judge_k8
1.5B,csp,csp-0082,test,seq,1,0.0,386.0,seq_r1
1.5B,csp,csp-0082,test,seq,2,0.0,1123.0,seq_r2
1.5B,csp,csp-0082,test,seq,3,0.0,1860.0,seq_r3
1.5B,csp,csp-0082,test,seq,4,0.0,2597.0,seq_r4
1.5B,csp,csp-0082,test,long,2,0.0,654.0,long_m2
1.5B,csp,csp-0082,test,long,4,0.0,654.0,long_m4
1.5B,csp,csp-0082,test,debate,6,0.0,3299.0,debate_a3r2
1.5B,csp,csp-0083,test,single,1,0.0,386.0,
1.5B,csp,csp-0083,test,vote,4,0.5,1544.0,vote_k4
1.5B,csp,csp-0083,test,prog,4,0.5,1544.0,prog_k4
1.5B,csp,csp-0083,test,oracle,4,0.5,1544.0,oracle_k4
1.5B,csp,csp-0083,test,judge,4,0.0,2683.5,judge_k4
1.5B,csp,csp-0083,test,vote,8,0.0,3075.0,vote_k8
1.5B,csp,csp-0083,test,prog,8,1.0,3075.0,prog_k8
1.5B,csp,csp-0083,test,oracle,8,1.0,3075.0,oracle_k8
1.5B,csp,csp-0083,test,judge,8,0.0,5270.0,judge_k8
1.5B,csp,csp-0083,test,seq,1,0.0,386.0,seq_r1
1.5B,csp,csp-0083,test,seq,2,0.0,1123.0,seq_r2
1.5B,csp,csp-0083,test,seq,3,1.0,1859.0,seq_r3
1.5B,csp,csp-0083,test,seq,4,1.0,2595.0,seq_r4
1.5B,csp,csp-0083,test,long,2,0.0,493.0,long_m2
1.5B,csp,csp-0083,test,long,4,0.0,493.0,long_m4
1.5B,csp,csp-0083,test,debate,6,0.0,2530.0,debate_a3r2
1.5B,csp,csp-0084,test,single,1,0.0,387.0,
1.5B,csp,csp-0084,test,vote,4,0.0,1548.0,vote_k4
1.5B,csp,csp-0084,test,prog,4,0.0,1548.0,prog_k4
1.5B,csp,csp-0084,test,oracle,4,0.0,1548.0,oracle_k4
1.5B,csp,csp-0084,test,judge,4,0.0,2676.0,judge_k4
1.5B,csp,csp-0084,test,vote,8,0.0,3096.0,vote_k8
1.5B,csp,csp-0084,test,prog,8,0.0,3096.0,prog_k8
1.5B,csp,csp-0084,test,oracle,8,0.0,3096.0,oracle_k8
1.5B,csp,csp-0084,test,judge,8,0.0,5268.0,judge_k8
1.5B,csp,csp-0084,test,seq,1,0.0,387.0,seq_r1
1.5B,csp,csp-0084,test,seq,2,0.0,1125.0,seq_r2
1.5B,csp,csp-0084,test,seq,3,0.0,1553.0,seq_r3
1.5B,csp,csp-0084,test,seq,4,0.0,1980.0,seq_r4
1.5B,csp,csp-0084,test,long,2,1.0,523.0,long_m2
1.5B,csp,csp-0084,test,long,4,1.0,523.0,long_m4
1.5B,csp,csp-0084,test,debate,6,0.0,2495.0,debate_a3r2
1.5B,csp,csp-0085,test,single,1,0.0,386.0,
1.5B,csp,csp-0085,test,vote,4,0.0,1528.5,vote_k4
1.5B,csp,csp-0085,test,prog,4,0.5,1528.5,prog_k4
1.5B,csp,csp-0085,test,oracle,4,0.5,1528.5,oracle_k4
1.5B,csp,csp-0085,test,judge,4,0.0,2642.5,judge_k4
1.5B,csp,csp-0085,test,vote,8,0.0,3057.0,vote_k8
1.5B,csp,csp-0085,test,prog,8,1.0,3057.0,prog_k8
1.5B,csp,csp-0085,test,oracle,8,1.0,3057.0,oracle_k8
1.5B,csp,csp-0085,test,judge,8,0.0,5246.0,judge_k8
1.5B,csp,csp-0085,test,seq,1,0.0,386.0,seq_r1
1.5B,csp,csp-0085,test,seq,2,0.0,1123.0,seq_r2
1.5B,csp,csp-0085,test,seq,3,0.0,1859.0,seq_r3
1.5B,csp,csp-0085,test,seq,4,0.0,2283.0,seq_r4
1.5B,csp,csp-0085,test,long,2,0.0,632.0,long_m2
1.5B,csp,csp-0085,test,long,4,0.0,632.0,long_m4
1.5B,csp,csp-0085,test,debate,6,0.0,2462.0,debate_a3r2
1.5B,csp,csp-0086,test,single,1,0.0,387.0,
1.5B,csp,csp-0086,test,vote,4,0.0,1548.0,vote_k4
1.5B,csp,csp-0086,test,prog,4,0.0,1548.0,prog_k4
1.5B,csp,csp-0086,test,oracle,4,0.0,1548.0,oracle_k4
1.5B,csp,csp-0086,test,judge,4,0.0,2650.0,judge_k4
1.5B,csp,csp-0086,test,vote,8,0.0,3096.0,vote_k8
1.5B,csp,csp-0086,test,prog,8,0.0,3096.0,prog_k8
1.5B,csp,csp-0086,test,oracle,8,0.0,3096.0,oracle_k8
1.5B,csp,csp-0086,test,judge,8,0.0,5247.0,judge_k8
1.5B,csp,csp-0086,test,seq,1,0.0,387.0,seq_r1
1.5B,csp,csp-0086,test,seq,2,0.0,1125.0,seq_r2
1.5B,csp,csp-0086,test,seq,3,0.0,1861.0,seq_r3
1.5B,csp,csp-0086,test,seq,4,0.0,2598.0,seq_r4
1.5B,csp,csp-0086,test,long,2,1.0,635.0,long_m2
1.5B,csp,csp-0086,test,long,4,1.0,635.0,long_m4
1.5B,csp,csp-0086,test,debate,6,0.0,2805.0,debate_a3r2
1.5B,csp,csp-0087,test,single,1,0.0,387.0,
1.5B,csp,csp-0087,test,vote,4,0.0,1548.0,vote_k4
1.5B,csp,csp-0087,test,prog,4,0.0,1548.0,prog_k4
1.5B,csp,csp-0087,test,oracle,4,0.0,1548.0,oracle_k4
1.5B,csp,csp-0087,test,judge,4,0.0,2700.5,judge_k4
1.5B,csp,csp-0087,test,vote,8,0.0,3096.0,vote_k8
1.5B,csp,csp-0087,test,prog,8,0.0,3096.0,prog_k8
1.5B,csp,csp-0087,test,oracle,8,0.0,3096.0,oracle_k8
1.5B,csp,csp-0087,test,judge,8,0.0,5321.0,judge_k8
1.5B,csp,csp-0087,test,seq,1,0.0,387.0,seq_r1
1.5B,csp,csp-0087,test,seq,2,0.0,1124.0,seq_r2
1.5B,csp,csp-0087,test,seq,3,0.0,1862.0,seq_r3
1.5B,csp,csp-0087,test,seq,4,0.0,2598.0,seq_r4
1.5B,csp,csp-0087,test,long,2,1.0,739.0,long_m2
1.5B,csp,csp-0087,test,long,4,1.0,762.0,long_m4
1.5B,csp,csp-0087,test,debate,6,0.0,3135.0,debate_a3r2
1.5B,csp,csp-0088,test,single,1,0.0,387.0,
1.5B,csp,csp-0088,test,vote,4,0.0,1548.0,vote_k4
1.5B,csp,csp-0088,test,prog,4,0.0,1548.0,prog_k4
1.5B,csp,csp-0088,test,oracle,4,0.0,1548.0,oracle_k4
1.5B,csp,csp-0088,test,judge,4,0.0,2671.5,judge_k4
1.5B,csp,csp-0088,test,vote,8,0.0,3096.0,vote_k8
1.5B,csp,csp-0088,test,prog,8,0.0,3096.0,prog_k8
1.5B,csp,csp-0088,test,oracle,8,0.0,3096.0,oracle_k8
1.5B,csp,csp-0088,test,judge,8,0.0,5254.0,judge_k8
1.5B,csp,csp-0088,test,seq,1,0.0,387.0,seq_r1
1.5B,csp,csp-0088,test,seq,2,0.0,1123.0,seq_r2
1.5B,csp,csp-0088,test,seq,3,0.0,1861.0,seq_r3
1.5B,csp,csp-0088,test,seq,4,0.0,2598.0,seq_r4
1.5B,csp,csp-0088,test,long,2,0.0,739.0,long_m2
1.5B,csp,csp-0088,test,long,4,0.0,1121.0,long_m4
1.5B,csp,csp-0088,test,debate,6,0.0,2585.0,debate_a3r2
1.5B,csp,csp-0089,test,single,1,0.0,386.0,
1.5B,csp,csp-0089,test,vote,4,0.0,1538.5,vote_k4
1.5B,csp,csp-0089,test,prog,4,0.0,1538.5,prog_k4
1.5B,csp,csp-0089,test,oracle,4,0.0,1538.5,oracle_k4
1.5B,csp,csp-0089,test,judge,4,0.0,2654.5,judge_k4
1.5B,csp,csp-0089,test,vote,8,0.0,3058.0,vote_k8
1.5B,csp,csp-0089,test,prog,8,1.0,3058.0,prog_k8
1.5B,csp,csp-0089,test,oracle,8,1.0,3058.0,oracle_k8
1.5B,csp,csp-0089,test,judge,8,0.0,5227.0,judge_k8
1.5B,csp,csp-0089,test,seq,1,0.0,386.0,seq_r1
1.5B,csp,csp-0089,test,seq,2,0.0,1122.0,seq_r2
1.5B,csp,csp-0089,test,seq,3,0.0,1859.0,seq_r3
1.5B,csp,csp-0089,test,seq,4,0.0,2596.0,seq_r4
1.5B,csp,csp-0089,test,long,2,0.0,738.0,long_m2
1.5B,csp,csp-0089,test,long,4,0.0,1378.0,long_m4
1.5B,csp,csp-0089,test,debate,6,0.0,2511.0,debate_a3r2
1.5B,gsm8k,gsm8k-0000,calib,single,1,1.0,379.0,
1.5B,gsm8k,gsm8k-0000,calib,vote,4,1.0,1408.0,vote_k4
1.5B,gsm8k,gsm8k-0000,calib,oracle,4,1.0,1408.0,oracle_k4
1.5B,gsm8k,gsm8k-0000,calib,judge,4,0.5,2358.0,judge_k4
1.5B,gsm8k,gsm8k-0000,calib,vote,8,1.0,2760.0,vote_k8
1.5B,gsm8k,gsm8k-0000,calib,oracle,8,1.0,2760.0,oracle_k8
1.5B,gsm8k,gsm8k-0000,calib,judge,8,1.0,4548.0,judge_k8
1.5B,gsm8k,gsm8k-0000,calib,seq,1,1.0,379.0,seq_r1
1.5B,gsm8k,gsm8k-0000,calib,seq,2,1.0,962.0,seq_r2
1.5B,gsm8k,gsm8k-0000,calib,seq,3,1.0,1446.0,seq_r3
1.5B,gsm8k,gsm8k-0000,calib,seq,4,1.0,1930.0,seq_r4
1.5B,gsm8k,gsm8k-0000,calib,long,2,1.0,400.0,long_m2
1.5B,gsm8k,gsm8k-0000,calib,long,4,1.0,400.0,long_m4
1.5B,gsm8k,gsm8k-0000,calib,debate,6,0.0,2324.0,debate_a3r2
1.5B,gsm8k,gsm8k-0001,calib,single,1,1.0,208.0,
1.5B,gsm8k,gsm8k-0001,calib,vote,4,1.0,939.0,vote_k4
1.5B,gsm8k,gsm8k-0001,calib,oracle,4,1.0,939.0,oracle_k4
1.5B,gsm8k,gsm8k-0001,calib,judge,4,1.0,1699.0,judge_k4
1.5B,gsm8k,gsm8k-0001,calib,vote,8,1.0,1858.0,vote_k8
1.5B,gsm8k,gsm8k-0001,calib,oracle,8,1.0,1858.0,oracle_k8
1.5B,gsm8k,gsm8k-0001,calib,judge,8,1.0,3255.0,judge_k8
1.5B,gsm8k,gsm8k-0001,calib,seq,1,1.0,208.0,seq_r1
1.5B,gsm8k,gsm8k-0001,calib,seq,2,1.0,621.0,seq_r2
1.5B,gsm8k,gsm8k-0001,calib,seq,3,1.0,1097.0,seq_r3
1.5B,gsm8k,gsm8k-0001,calib,seq,4,1.0,1554.0,seq_r4
1.5B,gsm8k,gsm8k-0001,calib,long,2,1.0,278.0,long_m2
1.5B,gsm8k,gsm8k-0001,calib,long,4,1.0,278.0,long_m4
1.5B,gsm8k,gsm8k-0001,calib,debate,6,1.0,1818.0,debate_a3r2
1.5B,gsm8k,gsm8k-0002,calib,single,1,1.0,334.0,
1.5B,gsm8k,gsm8k-0002,calib,vote,4,1.0,1185.0,vote_k4
1.5B,gsm8k,gsm8k-0002,calib,oracle,4,1.0,1185.0,oracle_k4
1.5B,gsm8k,gsm8k-0002,calib,judge,4,0.5,2104.5,judge_k4
1.5B,gsm8k,gsm8k-0002,calib,vote,8,1.0,2453.0,vote_k8
1.5B,gsm8k,gsm8k-0002,calib,oracle,8,1.0,2453.0,oracle_k8
1.5B,gsm8k,gsm8k-0002,calib,judge,8,1.0,4201.0,judge_k8
1.5B,gsm8k,gsm8k-0002,calib,seq,1,1.0,334.0,seq_r1
1.5B,gsm8k,gsm8k-0002,calib,seq,2,1.0,953.0,seq_r2
1.5B,gsm8k,gsm8k-0002,calib,seq,3,1.0,1582.0,seq_r3
1.5B,gsm8k,gsm8k-0002,calib,seq,4,1.0,2211.0,seq_r4
1.5B,gsm8k,gsm8k-0002,calib,long,2,0.0,532.0,long_m2
1.5B,gsm8k,gsm8k-0002,calib,long,4,0.0,532.0,long_m4
1.5B,gsm8k,gsm8k-0002,calib,debate,6,0.0,2266.0,debate_a3r2
1.5B,gsm8k,gsm8k-0003,calib,single,1,1.0,240.0,
1.5B,gsm8k,gsm8k-0003,calib,vote,4,1.0,1004.5,vote_k4
1.5B,gsm8k,gsm8k-0003,calib,oracle,4,1.0,1004.5,oracle_k4
1.5B,gsm8k,gsm8k-0003,calib,judge,4,1.0,1768.0,judge_k4
1.5B,gsm8k,gsm8k-0003,calib,vote,8,1.0,2005.0,vote_k8
1.5B,gsm8k,gsm8k-0003,calib,oracle,8,1.0,2005.0,oracle_k8
1.5B,gsm8k,gsm8k-0003,calib,judge,8,1.0,3417.0,judge_k8
1.5B,gsm8k,gsm8k-0003,calib,seq,1,1.0,240.0,seq_r1
1.5B,gsm8k,gsm8k-0003,calib,seq,2,1.0,588.0,seq_r2
1.5B,gsm8k,gsm8k-0003,calib,seq,3,1.0,974.0,seq_r3
1.5B,gsm8k,gsm8k-0003,calib,seq,4,1.0,1340.0,seq_r4
1.5B,gsm8k,gsm8k-0003,calib,long,2,1.0,333.0,long_m2
1.5B,gsm8k,gsm8k-0003,calib,long,4,1.0,333.0,long_m4
1.5B,gsm8k,gsm8k-0003,calib,debate,6,1.0,1897.0,debate_a3r2
1.5B,gsm8k,gsm8k-0004,calib,single,1,1.0,369.0,
1.5B,gsm8k,gsm8k-0004,calib,vote,4,1.0,1314.5,vote_k4
1.5B,gsm8k,gsm8k-0004,calib,oracle,4,1.0,1314.5,oracle_k4
1.5B,gsm8k,gsm8k-0004,calib,judge,4,1.0,2320.0,judge_k4
1.5B,gsm8k,gsm8k-0004,calib,vote,8,1.0,2718.0,vote_k8
1.5B,gsm8k,gsm8k-0004,calib,oracle,8,1.0,2718.0,oracle_k8
1.5B,gsm8k,gsm8k-0004,calib,judge,8,1.0,4690.0,judge_k8
1.5B,gsm8k,gsm8k-0004,calib,seq,1,1.0,369.0,seq_r1
1.5B,gsm8k,gsm8k-0004,calib,seq,2,1.0,886.0,seq_r2
1.5B,gsm8k,gsm8k-0004,calib,seq,3,1.0,1253.0,seq_r3
1.5B,gsm8k,gsm8k-0004,calib,seq,4,1.0,1618.0,seq_r4
1.5B,gsm8k,gsm8k-0004,calib,long,2,1.0,374.0,long_m2
1.5B,gsm8k,gsm8k-0004,calib,long,4,1.0,374.0,long_m4
1.5B,gsm8k,gsm8k-0004,calib,debate,6,1.0,2631.0,debate_a3r2
1.5B,gsm8k,gsm8k-0005,calib,single,1,0.0,210.0,
1.5B,gsm8k,gsm8k-0005,calib,vote,4,1.0,872.0,vote_k4
1.5B,gsm8k,gsm8k-0005,calib,oracle,4,1.0,872.0,oracle_k4
1.5B,gsm8k,gsm8k-0005,calib,judge,4,1.0,1547.5,judge_k4
1.5B,gsm8k,gsm8k-0005,calib,vote,8,1.0,1818.0,vote_k8
1.5B,gsm8k,gsm8k-0005,calib,oracle,8,1.0,1818.0,oracle_k8
1.5B,gsm8k,gsm8k-0005,calib,judge,8,1.0,3139.0,judge_k8
1.5B,gsm8k,gsm8k-0005,calib,seq,1,0.0,210.0,seq_r1
1.5B,gsm8k,gsm8k-0005,calib,seq,2,0.0,582.0,seq_r2
1.5B,gsm8k,gsm8k-0005,calib,seq,3,0.0,946.0,seq_r3
1.5B,gsm8k,gsm8k-0005,calib,seq,4,0.0,1220.0,seq_r4
1.5B,gsm8k,gsm8k-0005,calib,long,2,1.0,303.0,long_m2
1.5B,gsm8k,gsm8k-0005,calib,long,4,1.0,303.0,long_m4
1.5B,gsm8k,gsm8k-0005,calib,debate,6,0.0,1715.0,debate_a3r2
1.5B,gsm8k,gsm8k-0006,calib,single,1,0.0,331.0,
1.5B,gsm8k,gsm8k-0006,calib,vote,4,0.5,1443.5,vote_k4
1.5B,gsm8k,gsm8k-0006,calib,oracle,4,1.0,1443.5,oracle_k4
1.5B,gsm8k,gsm8k-0006,calib,judge,4,0.0,2383.5,judge_k4
1.5B,gsm8k,gsm8k-0006,calib,vote,8,1.0,2785.0,vote_k8
1.5B,gsm8k,gsm8k-0006,calib,oracle,8,1.0,2785.0,oracle_k8
1.5B,gsm8k,gsm8k-0006,calib,judge,8,0.0,4409.0,judge_k8
1.5B,gsm8k,gsm8k-0006,calib,seq,1,0.0,331.0,seq_r1
1.5B,gsm8k,gsm8k-0006,calib,seq,2,0.0,810.0,seq_r2
1.5B,gsm8k,gsm8k-0006,calib,seq,3,0.0,1203.0,seq_r3
1.5B,gsm8k,gsm8k-0006,calib,seq,4,0.0,1790.0,seq_r4
1.5B,gsm8k,gsm8k-0006,calib,long,2,1.0,448.0,long_m2
1.5B,gsm8k,gsm8k-0006,calib,long,4,1.0,448.0,long_m4
1.5B,gsm8k,gsm8k-0006,calib,debate,6,1.0,2294.0,debate_a3r2
1.5B,gsm8k,gsm8k-0007,calib,single,1,1.0,195.0,
1.5B,gsm8k,gsm8k-0007,calib,vote,4,1.0,1081.0,vote_k4
1.5B,gsm8k,gsm8k-0007,calib,oracle,4,1.0,1081.0,oracle_k4
1.5B,gsm8k,gsm8k-0007,calib,judge,4,1.0,1946.5,judge_k4
1.5B,gsm8k,gsm8k-0007,calib,vote,8,1.0,2277.0,vote_k8
1.5B,gsm8k,gsm8k-0007,calib,oracle,8,1.0,2277.0,oracle_k8
1.5B,gsm8k,gsm8k-0007,calib,judge,8,1.0,3995.0,judge_k8
1.5B,gsm8k,gsm8k-0007,calib,seq,1,1.0,195.0,seq_r1
1.5B,gsm8k,gsm8k-0007,calib,seq,2,1.0,498.0,seq_r2
1.5B,gsm8k,gsm8k-0007,calib,seq,3,1.0,960.0,seq_r3
1.5B,gsm8k,gsm8k-0007,calib,seq,4,1.0,1403.0,seq_r4
1.5B,gsm8k,gsm8k-0007,calib,long,2,1.0,468.0,long_m2
1.5B,gsm8k,gsm8k-0007,calib,long,4,1.0,468.0,long_m4
1.5B,gsm8k,gsm8k-0007,calib,debate,6,1.0,1890.0,debate_a3r2
1.5B,gsm8k,gsm8k-0008,calib,single,1,0.0,229.0,
1.5B,gsm8k,gsm8k-0008,calib,vote,4,0.0,1077.0,vote_k4
1.5B,gsm8k,gsm8k-0008,calib,oracle,4,1.0,1077.0,oracle_k4
1.5B,gsm8k,gsm8k-0008,calib,judge,4,1.0,1835.0,judge_k4
1.5B,gsm8k,gsm8k-0008,calib,vote,8,1.0,2138.0,vote_k8
1.5B,gsm8k,gsm8k-0008,calib,oracle,8,1.0,2138.0,oracle_k8
1.5B,gsm8k,gsm8k-0008,calib,judge,8,1.0,3569.0,judge_k8
1.5B,gsm8k,gsm8k-0008,calib,seq,1,0.0,229.0,seq_r1
1.5B,gsm8k,gsm8k-0008,calib,seq,2,0.0,595.0,seq_r2
1.5B,gsm8k,gsm8k-0008,calib,seq,3,0.0,964.0,seq_r3
1.5B,gsm8k,gsm8k-0008,calib,seq,4,0.0,1406.0,seq_r4
1.5B,gsm8k,gsm8k-0008,calib,long,2,0.0,400.0,long_m2
1.5B,gsm8k,gsm8k-0008,calib,long,4,0.0,400.0,long_m4
1.5B,gsm8k,gsm8k-0008,calib,debate,6,0.0,2083.0,debate_a3r2
1.5B,gsm8k,gsm8k-0009,calib,single,1,0.0,430.0,
1.5B,gsm8k,gsm8k-0009,calib,vote,4,0.0,1638.0,vote_k4
1.5B,gsm8k,gsm8k-0009,calib,oracle,4,0.0,1638.0,oracle_k4
1.5B,gsm8k,gsm8k-0009,calib,judge,4,0.0,2688.5,judge_k4
1.5B,gsm8k,gsm8k-0009,calib,vote,8,0.0,3305.0,vote_k8
1.5B,gsm8k,gsm8k-0009,calib,oracle,8,0.0,3305.0,oracle_k8
1.5B,gsm8k,gsm8k-0009,calib,judge,8,0.0,5311.0,judge_k8
1.5B,gsm8k,gsm8k-0009,calib,seq,1,0.0,430.0,seq_r1
1.5B,gsm8k,gsm8k-0009,calib,seq,2,0.0,1211.0,seq_r2
1.5B,gsm8k,gsm8k-0009,calib,seq,3,0.0,1991.0,seq_r3
1.5B,gsm8k,gsm8k-0009,calib,seq,4,0.0,2771.0,seq_r4
1.5B,gsm8k,gsm8k-0009,calib,long,2,0.0,457.0,long_m2
1.5B,gsm8k,gsm8k-0009,calib,long,4,0.0,457.0,long_m4
1.5B,gsm8k,gsm8k-0009,calib,debate,6,0.0,2731.0,debate_a3r2
1.5B,gsm8k,gsm8k-0010,calib,single,1,0.0,217.0,
1.5B,gsm8k,gsm8k-0010,calib,vote,4,0.0,986.0,vote_k4
1.5B,gsm8k,gsm8k-0010,calib,oracle,4,0.5,986.0,oracle_k4
1.5B,gsm8k,gsm8k-0010,calib,judge,4,0.0,1763.5,judge_k4
1.5B,gsm8k,gsm8k-0010,calib,vote,8,0.0,2022.0,vote_k8
1.5B,gsm8k,gsm8k-0010,calib,oracle,8,1.0,2022.0,oracle_k8
1.5B,gsm8k,gsm8k-0010,calib,judge,8,1.0,3514.0,judge_k8
1.5B,gsm8k,gsm8k-0010,calib,seq,1,0.0,217.0,seq_r1
1.5B,gsm8k,gsm8k-0010,calib,seq,2,0.0,535.0,seq_r2
1.5B,gsm8k,gsm8k-0010,calib,seq,3,0.0,951.0,seq_r3
1.5B,gsm8k,gsm8k-0010,calib,seq,4,0.0,1580.0,seq_r4
1.5B,gsm8k,gsm8k-0010,calib,long,2,0.0,439.0,long_m2
1.5B,gsm8k,gsm8k-0010,calib,long,4,0.0,439.0,long_m4
1.5B,gsm8k,gsm8k-0010,calib,debate,6,0.0,2203.0,debate_a3r2
1.5B,gsm8k,gsm8k-0011,calib,single,1,0.0,221.0,
1.5B,gsm8k,gsm8k-0011,calib,vote,4,0.0,1279.5,vote_k4
1.5B,gsm8k,gsm8k-0011,calib,oracle,4,0.5,1279.5,oracle_k4
1.5B,gsm8k,gsm8k-0011,calib,judge,4,0.0,2121.0,judge_k4
1.5B,gsm8k,gsm8k-0011,calib,vote,8,0.0,2616.0,vote_k8
1.5B,gsm8k,gsm8k-0011,calib,oracle,8,1.0,2616.0,oracle_k8
1.5B,gsm8k,gsm8k-0011,calib,judge,8,0.0,4200.0,judge_k8
1.5B,gsm8k,gsm8k-0011,calib,seq,1,0.0,221.0,seq_r1
1.5B,gsm8k,gsm8k-0011,calib,seq,2,1.0,612.0,seq_r2
1.5B,gsm8k,gsm8k-0011,calib,seq,3,1.0,1058.0,seq_r3
1.5B,gsm8k,gsm8k-0011,calib,seq,4,1.0,1504.0,seq_r4
1.5B,gsm8k,gsm8k-0011,calib,long,2,1.0,448.0,long_m2
1.5B,gsm8k,gsm8k-0011,calib,long,4,1.0,448.0,long_m4
1.5B,gsm8k,gsm8k-0011,calib,debate,6,0.0,2156.0,debate_a3r2
1.5B,gsm8k,gsm8k-0012,calib,single,1,0.0,486.0,
1.5B,gsm8k,gsm8k-0012,calib,vote,4,1.0,1850.5,vote_k4
1.5B,gsm8k,gsm8k-0012,calib,oracle,4,1.0,1850.5,oracle_k4
1.5B,gsm8k,gsm8k-0012,calib,judge,4,1.0,3070.5,judge_k4
1.5B,gsm8k,gsm8k-0012,calib,vote,8,1.0,3699.0,vote_k8
1.5B,gsm8k,gsm8k-0012,calib,oracle,8,1.0,3699.0,oracle_k8
1.5B,gsm8k,gsm8k-0012,calib,judge,8,1.0,5965.0,judge_k8
1.5B,gsm8k,gsm8k-0012,calib,seq,1,0.0,486.0,seq_r1
1.5B,gsm8k,gsm8k-0012,calib,seq,2,0.0,1323.0,seq_r2
1.5B,gsm8k,gsm8k-0012,calib,seq,3,1.0,2010.0,seq_r3
1.5B,gsm8k,gsm8k-0012,calib,seq,4,1.0,2651.0,seq_r4
1.5B,gsm8k,gsm8k-0012,calib,long,2,1.0,504.0,long_m2
1.5B,gsm8k,gsm8k-0012,calib,long,4,1.0,504.0,long_m4
1.5B,gsm8k,gsm8k-0012,calib,debate,6,1.0,3328.0,debate_a3r2
1.5B,gsm8k,gsm8k-0013,calib,single,1,1.0,344.0,
1.5B,gsm8k,gsm8k-0013,calib,vote,4,1.0,1321.0,vote_k4
1.5B,gsm8k,gsm8k-0013,calib,oracle,4,1.0,1321.0,oracle_k4
1.5B,gsm8k,gsm8k-0013,calib,judge,4,1.0,2249.0,judge_k4
1.5B,gsm8k,gsm8k-0013,calib,vote,8,1.0,2686.0,vote_k8
1.5B,gsm8k,gsm8k-0013,calib,oracle,8,1.0,2686.0,oracle_k8
1.5B,gsm8k,gsm8k-0013,calib,judge,8,1.0,4401.0,judge_k8
1.5B,gsm8k,gsm8k-0013,calib,seq,1,1.0,344.0,seq_r1
1.5B,gsm8k,gsm8k-0013,calib,seq,2,1.0,982.0,seq_r2
1.5B,gsm8k,gsm8k-0013,calib,seq,3,1.0,1630.0,seq_r3
1.5B,gsm8k,gsm8k-0013,calib,seq,4,1.0,2060.0,seq_r4
1.5B,gsm8k,gsm8k-0013,calib,long,2,1.0,352.0,long_m2
1.5B,gsm8k,gsm8k-0013,calib,long,4,1.0,352.0,long_m4
1.5B,gsm8k,gsm8k-0013,calib,debate,6,1.0,2438.0,debate_a3r2
1.5B,gsm8k,gsm8k-0014,calib,single,1,0.0,404.0,
1.5B,gsm8k,gsm8k-0014,calib,vote,4,0.5,1508.5,vote_k4
1.5B,gsm8k,gsm8k-0014,calib,oracle,4,1.0,1508.5,oracle_k4
1.5B,gsm8k,gsm8k-0014,calib,judge,4,1.0,2476.5,judge_k4
1.5B,gsm8k,gsm8k-0014,calib,vote,8,1.0,3025.0,vote_k8
1.5B,gsm8k,gsm8k-0014,calib,oracle,8,1.0,3025.0,oracle_k8
1.5B,gsm8k,gsm8k-0014,calib,judge,8,1.0,4841.0,judge_k8
1.5B,gsm8k,gsm8k-0014,calib,seq,1,0.0,404.0,seq_r1
1.5B,gsm8k,gsm8k-0014,calib,seq,2,1.0,1066.0,seq_r2
1.5B,gsm8k,gsm8k-0014,calib,seq,3,1.0,1552.0,seq_r3
1.5B,gsm8k,gsm8k-0014,calib,seq,4,1.0,1954.0,seq_r4
1.5B,gsm8k,gsm8k-0014,calib,long,2,1.0,372.0,long_m2
1.5B,gsm8k,gsm8k-0014,calib,long,4,1.0,372.0,long_m4
1.5B,gsm8k,gsm8k-0014,calib,debate,6,0.0,2615.0,debate_a3r2
1.5B,gsm8k,gsm8k-0015,calib,single,1,1.0,381.0,
1.5B,gsm8k,gsm8k-0015,calib,vote,4,1.0,1425.5,vote_k4
1.5B,gsm8k,gsm8k-0015,calib,oracle,4,1.0,1425.5,oracle_k4
1.5B,gsm8k,gsm8k-0015,calib,judge,4,1.0,2398.0,judge_k4
1.5B,gsm8k,gsm8k-0015,calib,vote,8,1.0,2792.0,vote_k8
1.5B,gsm8k,gsm8k-0015,calib,oracle,8,1.0,2792.0,oracle_k8
1.5B,gsm8k,gsm8k-0015,calib,judge,8,0.0,4596.0,judge_k8
1.5B,gsm8k,gsm8k-0015,calib,seq,1,1.0,381.0,seq_r1
1.5B,gsm8k,gsm8k-0015,calib,seq,2,1.0,1090.0,seq_r2
1.5B,gsm8k,gsm8k-0015,calib,seq,3,1.0,1800.0,seq_r3
1.5B,gsm8k,gsm8k-0015,calib,seq,4,0.0,2327.0,seq_r4
1.5B,gsm8k,gsm8k-0015,calib,long,2,1.0,455.0,long_m2
1.5B,gsm8k,gsm8k-0015,calib,long,4,1.0,455.0,long_m4
1.5B,gsm8k,gsm8k-0015,calib,debate,6,0.0,2265.0,debate_a3r2
1.5B,gsm8k,gsm8k-0016,calib,single,1,0.0,224.0,
1.5B,gsm8k,gsm8k-0016,calib,vote,4,0.0,1227.5,vote_k4
1.5B,gsm8k,gsm8k-0016,calib,oracle,4,0.5,1227.5,oracle_k4
1.5B,gsm8k,gsm8k-0016,calib,judge,4,0.0,2110.0,judge_k4
1.5B,gsm8k,gsm8k-0016,calib,vote,8,1.0,2433.0,vote_k8
1.5B,gsm8k,gsm8k-0016,calib,oracle,8,1.0,2433.0,oracle_k8
1.5B,gsm8k,gsm8k-0016,calib,judge,8,0.0,4118.0,judge_k8
1.5B,gsm8k,gsm8k-0016,calib,seq,1,0.0,224.0,seq_r1
1.5B,gsm8k,gsm8k-0016,calib,seq,2,0.0,660.0,seq_r2
1.5B,gsm8k,gsm8k-0016,calib,seq,3,0.0,1147.0,seq_r3
1.5B,gsm8k,gsm8k-0016,calib,seq,4,0.0,1478.0,seq_r4
1.5B,gsm8k,gsm8k-0016,calib,long,2,0.0,448.0,long_m2
1.5B,gsm8k,gsm8k-0016,calib,long,4,0.0,448.0,long_m4
1.5B,gsm8k,gsm8k-0016,calib,debate,6,0.0,2488.0,debate_a3r2
1.5B,gsm8k,gsm8k-0017,calib,single,1,1.0,199.0,
1.5B,gsm8k,gsm8k-0017,calib,vote,4,1.0,859.5,vote_k4
1.5B,gsm8k,gsm8k-0017,calib,oracle,4,1.0,859.5,oracle_k4
1.5B,gsm8k,gsm8k-0017,calib,judge,4,1.0,1571.0,judge_k4
1.5B,gsm8k,gsm8k-0017,calib,vote,8,1.0,1711.0,vote_k8
1.5B,gsm8k,gsm8k-0017,calib,oracle,8,1.0,1711.0,oracle_k8
1.5B,gsm8k,gsm8k-0017,calib,judge,8,1.0,3034.0,judge_k8
1.5B,gsm8k,gsm8k-0017,calib,seq,1,1.0,199.0,seq_r1
1.5B,gsm8k,gsm8k-0017,calib,seq,2,1.0,545.0,seq_r2
1.5B,gsm8k,gsm8k-0017,calib,seq,3,1.0,861.0,seq_r3
1.5B,gsm8k,gsm8k-0017,calib,seq,4,1.0,1176.0,seq_r4
1.5B,gsm8k,gsm8k-0017,calib,long,2,1.0,339.0,long_m2
1.5B,gsm8k,gsm8k-0017,calib,long,4,1.0,339.0,long_m4
1.5B,gsm8k,gsm8k-0017,calib,debate,6,1.0,1774.0,debate_a3r2
1.5B,gsm8k,gsm8k-0018,calib,single,1,1.0,287.0,
1.5B,gsm8k,gsm8k-0018,calib,vote,4,1.0,1068.0,vote_k4
1.5B,gsm8k,gsm8k-0018,calib,oracle,4,1.0,1068.0,oracle_k4
1.5B,gsm8k,gsm8k-0018,calib,judge,4,1.0,1890.5,judge_k4
1.5B,gsm8k,gsm8k-0018,calib,vote,8,1.0,2123.0,vote_k8
1.5B,gsm8k,gsm8k-0018,calib,oracle,8,1.0,2123.0,oracle_k8
1.5B,gsm8k,gsm8k-0018,calib,judge,8,1.0,3631.0,judge_k8
1.5B,gsm8k,gsm8k-0018,calib,seq,1,1.0,287.0,seq_r1
1.5B,gsm8k,gsm8k-0018,calib,seq,2,1.0,783.0,seq_r2
1.5B,gsm8k,gsm8k-0018,calib,seq,3,1.0,1119.0,seq_r3
1.5B,gsm8k,gsm8k-0018,calib,seq,4,1.0,1481.0,seq_r4
1.5B,gsm8k,gsm8k-0018,calib,long,2,1.0,338.0,long_m2
1.5B,gsm8k,gsm8k-0018,calib,long,4,1.0,338.0,long_m4
1.5B,gsm8k,gsm8k-0018,calib,debate,6,1.0,1978.0,debate_a3r2
1.5B,gsm8k,gsm8k-0019,calib,single,1,0.0,302.0,
1.5B,gsm8k,gsm8k-0019,calib,vote,4,1.0,1312.0,vote_k4
1.5B,gsm8k,gsm8k-0019,calib,oracle,4,1.0,1312.0,oracle_k4
1.5B,gsm8k,gsm8k-0019,calib,judge,4,0.5,2313.5,judge_k4
1.5B,gsm8k,gsm8k-0019,calib,vote,8,1.0,2656.0,vote_k8
1.5B,gsm8k,gsm8k-0019,calib,oracle,8,1.0,2656.0,oracle_k8
1.5B,gsm8k,gsm8k-0019,calib,judge,8,1.0,4575.0,judge_k8
1.5B,gsm8k,gsm8k-0019,calib,seq,1,0.0,302.0,seq_r1
1.5B,gsm8k,gsm8k-0019,calib,seq,2,0.0,804.0,seq_r2
1.5B,gsm8k,gsm8k-0019,calib,seq,3,0.0,1243.0,seq_r3
1.5B,gsm8k,gsm8k-0019,calib,seq,4,0.0,1554.0,seq_r4
1.5B,gsm8k,gsm8k-0019,calib,long,2,1.0,603.0,long_m2
1.5B,gsm8k,gsm8k-0019,calib,long,4,1.0,603.0,long_m4
1.5B,gsm8k,gsm8k-0019,calib,debate,6,1.0,2558.0,debate_a3r2
1.5B,gsm8k,gsm8k-0020,calib,single,1,1.0,324.0,
1.5B,gsm8k,gsm8k-0020,calib,vote,4,1.0,1151.5,vote_k4
1.5B,gsm8k,gsm8k-0020,calib,oracle,4,1.0,1151.5,oracle_k4
1.5B,gsm8k,gsm8k-0020,calib,judge,4,1.0,2131.0,judge_k4
1.5B,gsm8k,gsm8k-0020,calib,vote,8,1.0,2305.0,vote_k8
1.5B,gsm8k,gsm8k-0020,calib,oracle,8,1.0,2305.0,oracle_k8
1.5B,gsm8k,gsm8k-0020,calib,judge,8,1.0,4160.0,judge_k8
1.5B,gsm8k,gsm8k-0020,calib,seq,1,1.0,324.0,seq_r1
1.5B,gsm8k,gsm8k-0020,calib,seq,2,1.0,749.0,seq_r2
1.5B,gsm8k,gsm8k-0020,calib,seq,3,1.0,940.0,seq_r3
1.5B,gsm8k,gsm8k-0020,calib,seq,4,1.0,1089.0,seq_r4
1.5B,gsm8k,gsm8k-0020,calib,long,2,1.0,258.0,long_m2
1.5B,gsm8k,gsm8k-0020,calib,long,4,1.0,258.0,long_m4
1.5B,gsm8k,gsm8k-0020,calib,debate,6,1.0,2158.0,debate_a3r2
1.5B,gsm8k,gsm8k-0021,calib,single,1,1.0,409.0,
1.5B,gsm8k,gsm8k-0021,calib,vote,4,1.0,1514.0,vote_k4
1.5B,gsm8k,gsm8k-0021,calib,oracle,4,1.0,1514.0,oracle_k4
1.5B,gsm8k,gsm8k-0021,calib,judge,4,1.0,2571.5,judge_k4
1.5B,gsm8k,gsm8k-0021,calib,vote,8,1.0,2971.0,vote_k8
1.5B,gsm8k,gsm8k-0021,calib,oracle,8,1.0,2971.0,oracle_k8
1.5B,gsm8k,gsm8k-0021,calib,judge,8,1.0,4922.0,judge_k8
1.5B,gsm8k,gsm8k-0021,calib,seq,1,1.0,409.0,seq_r1
1.5B,gsm8k,gsm8k-0021,calib,seq,2,1.0,1068.0,seq_r2
1.5B,gsm8k,gsm8k-0021,calib,seq,3,1.0,1689.0,seq_r3
1.5B,gsm8k,gsm8k-0021,calib,seq,4,1.0,2146.0,seq_r4
1.5B,gsm8k,gsm8k-0021,calib,long,2,1.0,482.0,long_m2
1.5B,gsm8k,gsm8k-0021,calib,long,4,1.0,482.0,long_m4
1.5B,gsm8k,gsm8k-0021,calib,debate,6,0.0,2573.0,debate_a3r2
1.5B,gsm8k,gsm8k-0022,calib,single,1,1.0,334.0,
1.5B,gsm8k,gsm8k-0022,calib,vote,4,0.5,1318.0,vote_k4
1.5B,gsm8k,gsm8k-0022,calib,oracle,4,1.0,1318.0,oracle_k4
1.5B,gsm8k,gsm8k-0022,calib,judge,4,0.5,2285.5,judge_k4
1.5B,gsm8k,gsm8k-0022,calib,vote,8,1.0,2603.0,vote_k8
1.5B,gsm8k,gsm8k-0022,calib,oracle,8,1.0,2603.0,oracle_k8
1.5B,gsm8k,gsm8k-0022,calib,judge,8,1.0,4413.0,judge_k8
1.5B,gsm8k,gsm8k-0022,calib,seq,1,1.0,334.0,seq_r1
1.5B,gsm8k,gsm8k-0022,calib,seq,2,1.0,996.0,seq_r2
1.5B,gsm8k,gsm8k-0022,calib,seq,3,1.0,1682.0,seq_r3
1.5B,gsm8k,gsm8k-0022,calib,seq,4,1.0,2243.0,seq_r4
1.5B,gsm8k,gsm8k-0022,calib,long,2,0.0,547.0,long_m2
1.5B,gsm8k,gsm8k-0022,calib,long,4,0.0,547.0,long_m4
1.5B,gsm8k,gsm8k-0022,calib,debate,6,1.0,2746.0,debate_a3r2
1.5B,gsm8k,gsm8k-0023,calib,single,1,1.0,237.0,
1.5B,gsm8k,gsm8k-0023,calib,vote,4,1.0,1060.0,vote_k4
1.5B,gsm8k,gsm8k-0023,calib,oracle,4,1.0,1060.0,oracle_k4
1.5B,gsm8k,gsm8k-0023,calib,judge,4,1.0,1903.5,judge_k4
1.5B,gsm8k,gsm8k-0023,calib,vote,8,1.0,2244.0,vote_k8
1.5B,gsm8k,gsm8k-0023,calib,oracle,8,1.0,2244.0,oracle_k8
1.5B,gsm8k,gsm8k-0023,calib,judge,8,1.0,3905.0,judge_k8
1.5B,gsm8k,gsm8k-0023,calib,seq,1,1.0,237.0,seq_r1
1.5B,gsm8k,gsm8k-0023,calib,seq,2,1.0,712.0,seq_r2
1.5B,gsm8k,gsm8k-0023,calib,seq,3,1.0,1091.0,seq_r3
1.5B,gsm8k,gsm8k-0023,calib,seq,4,1.0,1511.0,seq_r4
1.5B,gsm8k,gsm8k-0023,calib,long,2,0.0,350.0,long_m2
1.5B,gsm8k,gsm8k-0023,calib,long,4,0.0,350.0,long_m4
1.5B,gsm8k,gsm8k-0023,calib,debate,6,1.0,2028.0,debate_a3r2
1.5B,gsm8k,gsm8k-0024,calib,single,1,1.0,291.0,
1.5B,gsm8k,gsm8k-0024,calib,vote,4,1.0,1254.0,vote_k4
1.5B,gsm8k,gsm8k-0024,calib,oracle,4,1.0,1254.0,oracle_k4
1.5B,gsm8k,gsm8k-0024,calib,judge,4,1.0,2100.5,judge_k4
1.5B,gsm8k,gsm8k-0024,calib,vote,8,1.0,2467.0,vote_k8
1.5B,gsm8k,gsm8k-0024,calib,oracle,8,1.0,2467.0,oracle_k8
1.5B,gsm8k,gsm8k-0024,calib,judge,8,1.0,3995.0,judge_k8
1.5B,gsm8k,gsm8k-0024,calib,seq,1,1.0,291.0,seq_r1
1.5B,gsm8k,gsm8k-0024,calib,seq,2,1.0,824.0,seq_r2
1.5B,gsm8k,gsm8k-0024,calib,seq,3,1.0,1345.0,seq_r3
1.5B,gsm8k,gsm8k-0024,calib,seq,4,1.0,1837.0,seq_r4
1.5B,gsm8k,gsm8k-0024,calib,long,2,0.0,556.0,long_m2
1.5B,gsm8k,gsm8k-0024,calib,long,4,0.0,556.0,long_m4
1.5B,gsm8k,gsm8k-0024,calib,debate,6,0.0,2009.0,debate_a3r2
1.5B,gsm8k,gsm8k-0025,calib,single,1,0.0,425.0,
1.5B,gsm8k,gsm8k-0025,calib,vote,4,0.5,1607.0,vote_k4
1.5B,gsm8k,gsm8k-0025,calib,oracle,4,1.0,1607.0,oracle_k4
1.5B,gsm8k,gsm8k-0025,calib,judge,4,0.5,2545.5,judge_k4
1.5B,gsm8k,gsm8k-0025,calib,vote,8,1.0,3118.0,vote_k8
1.5B,gsm8k,gsm8k-0025,calib,oracle,8,1.0,3118.0,oracle_k8
1.5B,gsm8k,gsm8k-0025,calib,judge,8,1.0,4866.0,judge_k8
1.5B,gsm8k,gsm8k-0025,calib,seq,1,0.0,425.0,seq_r1
1.5B,gsm8k,gsm8k-0025,calib,seq,2,0.0,1201.0,seq_r2
1.5B,gsm8k,gsm8k-0025,calib,seq,3,0.0,1875.0,seq_r3
1.5B,gsm8k,gsm8k-0025,calib,seq,4,0.0,2447.0,seq_r4
1.5B,gsm8k,gsm8k-0025,calib,long,2,1.0,524.0,long_m2
1.5B,gsm8k,gsm8k-0025,calib,long,4,1.0,524.0,long_m4
1.5B,gsm8k,gsm8k-0025,calib,debate,6,0.0,2473.0,debate_a3r2
1.5B,gsm8k,gsm8k-0026,calib,single,1,1.0,147.0,
1.5B,gsm8k,gsm8k-0026,calib,vote,4,1.0,748.5,vote_k4
1.5B,gsm8k,gsm8k-0026,calib,oracle,4,1.0,748.5,oracle_k4
1.5B,gsm8k,gsm8k-0026,calib,judge,4,1.0,1326.0,judge_k4
1.5B,gsm8k,gsm8k-0026,calib,vote,8,1.0,1480.0,vote_k8
1.5B,gsm8k,gsm8k-0026,calib,oracle,8,1.0,1480.0,oracle_k8
1.5B,gsm8k,gsm8k-0026,calib,judge,8,1.0,2518.0,judge_k8
1.5B,gsm8k,gsm8k-0026,calib,seq,1,1.0,147.0,seq_r1
1.5B,gsm8k,gsm8k-0026,calib,seq,2,1.0,444.0,seq_r2
1.5B,gsm8k,gsm8k-0026,calib,seq,3,1.0,824.0,seq_r3
1.5B,gsm8k,gsm8k-0026,calib,seq,4,1.0,1164.0,seq_r4
1.5B,gsm8k,gsm8k-0026,calib,long,2,1.0,286.0,long_m2
1.5B,gsm8k,gsm8k-0026,calib,long,4,1.0,286.0,long_m4
1.5B,gsm8k,gsm8k-0026,calib,debate,6,1.0,1323.0,debate_a3r2
1.5B,gsm8k,gsm8k-0027,calib,single,1,0.0,437.0,
1.5B,gsm8k,gsm8k-0027,calib,vote,4,0.0,1600.5,vote_k4
1.5B,gsm8k,gsm8k-0027,calib,oracle,4,0.0,1600.5,oracle_k4
1.5B,gsm8k,gsm8k-0027,calib,judge,4,0.0,2632.5,judge_k4
1.5B,gsm8k,gsm8k-0027,calib,vote,8,0.0,3263.0,vote_k8
1.5B,gsm8k,gsm8k-0027,calib,oracle,8,0.0,3263.0,oracle_k8
1.5B,gsm8k,gsm8k-0027,calib,judge,8,0.0,5185.0,judge_k8
1.5B,gsm8k,gsm8k-0027,calib,seq,1,0.0,437.0,seq_r1
1.5B,gsm8k,gsm8k-0027,calib,seq,2,0.0,1225.0,seq_r2
1.5B,gsm8k,gsm8k-0027,calib,seq,3,0.0,2013.0,seq_r3
1.5B,gsm8k,gsm8k-0027,calib,seq,4,0.0,2801.0,seq_r4
1.5B,gsm8k,gsm8k-0027,calib,long,2,0.0,392.0,long_m2
1.5B,gsm8k,gsm8k-0027,calib,long,4,0.0,392.0,long_m4
1.5B,gsm8k,gsm8k-0027,calib,debate,6,0.0,2610.0,debate_a3r2
1.5B,gsm8k,gsm8k-0028,calib,single,1,1.0,197.0,
1.5B,gsm8k,gsm8k-0028,calib,vote,4,1.0,993.5,vote_k4
1.5B,gsm8k,gsm8k-0028,calib,oracle,4,1.0,993.5,oracle_k4
1.5B,gsm8k,gsm8k-0028,calib,judge,4,1.0,1684.5,judge_k4
1.5B,gsm8k,gsm8k-0028,calib,vote,8,1.0,2052.0,vote_k8
1.5B,gsm8k,gsm8k-0028,calib,oracle,8,1.0,2052.0,oracle_k8
1.5B,gsm8k,gsm8k-0028,calib,judge,8,0.0,3360.0,judge_k8
1.5B,gsm8k,gsm8k-0028,calib,seq,1,1.0,197.0,seq_r1
1.5B,gsm8k,gsm8k-0028,calib,seq,2,1.0,542.0,seq_r2
1.5B,gsm8k,gsm8k-0028,calib,seq,3,1.0,911.0,seq_r3
1.5B,gsm8k,gsm8k-0028,calib,seq,4,1.0,1272.0,seq_r4
1.5B,gsm8k,gsm8k-0028,calib,long,2,1.0,260.0,long_m2
1.5B,gsm8k,gsm8k-0028,calib,long,4,1.0,260.0,long_m4
1.5B,gsm8k,gsm8k-0028,calib,debate,6,1.0,1871.0,debate_a3r2
1.5B,gsm8k,gsm8k-0029,calib,single,1,0.0,442.0,
1.5B,gsm8k,gsm8k-0029,calib,vote,4,1.0,1720.5,vote_k4
1.5B,gsm8k,gsm8k-0029,calib,oracle,4,1.0,1720.5,oracle_k4
1.5B,gsm8k,gsm8k-0029,calib,judge,4,0.5,2904.0,judge_k4
1.5B,gsm8k,gsm8k-0029,calib,vote,8,1.0,3439.0,vote_k8
1.5B,gsm8k,gsm8k-0029,calib,oracle,8,1.0,3439.0,oracle_k8
1.5B,gsm8k,gsm8k-0029,calib,judge,8,0.0,5657.0,judge_k8
1.5B,gsm8k,gsm8k-0029,calib,seq,1,0.0,442.0,seq_r1
1.5B,gsm8k,gsm8k-0029,calib,seq,2,1.0,1147.0,seq_r2
1.5B,gsm8k,gsm8k-0029,calib,seq,3,0.0,1853.0,seq_r3
1.5B,gsm8k,gsm8k-0029,calib,seq,4,1.0,2640.0,seq_r4
1.5B,gsm8k,gsm8k-0029,calib,long,2,0.0,542.0,long_m2
1.5B,gsm8k,gsm8k-0029,calib,long,4,0.0,542.0,long_m4
1.5B,gsm8k,gsm8k-0029,calib,debate,6,0.0,2830.0,debate_a3r2
1.5B,gsm8k,gsm8k-0030,test,single,1,1.0,373.0,
1.5B,gsm8k,gsm8k-0030,test,vote,4,1.0,1438.5,vote_k4
1.5B,gsm8k,gsm8k-0030,test,oracle,4,1.0,1438.5,oracle_k4
1.5B,gsm8k,gsm8k-0030,test,judge,4,0.0,2361.5,judge_k4
1.5B,gsm8k,gsm8k-0030,test,vote,8,1.0,2751.0,vote_k8
1.5B,gsm8k,gsm8k-0030,test,oracle,8,1.0,2751.0,oracle_k8
1.5B,gsm8k,gsm8k-0030,test,judge,8,1.0,4436.0,judge_k8
1.5B,gsm8k,gsm8k-0030,test,seq,1,1.0,373.0,seq_r1
1.5B,gsm8k,gsm8k-0030,test,seq,2,1.0,1038.0,seq_r2
1.5B,gsm8k,gsm8k-0030,test,seq,3,1.0,1584.0,seq_r3
1.5B,gsm8k,gsm8k-0030,test,seq,4,1.0,2029.0,seq_r4
1.5B,gsm8k,gsm8k-0030,test,long,2,1.0,467.0,long_m2
1.5B,gsm8k,gsm8k-0030,test,long,4,1.0,467.0,long_m4
1.5B,gsm8k,gsm8k-0030,test,debate,6,1.0,2330.0,debate_a3r2
1.5B,gsm8k,gsm8k-0031,test,single,1,0.0,205.0,
1.5B,gsm8k,gsm8k-0031,test,vote,4,0.0,721.0,vote_k4
1.5B,gsm8k,gsm8k-0031,test,oracle,4,0.5,721.0,oracle_k4
1.5B,gsm8k,gsm8k-0031,test,judge,4,0.5,1274.0,judge_k4
1.5B,gsm8k,gsm8k-0031,test,vote,8,0.0,1494.0,vote_k8
1.5B,gsm8k,gsm8k-0031,test,oracle,8,1.0,1494.0,oracle_k8
1.5B,gsm8k,gsm8k-0031,test,judge,8,0.0,2552.0,judge_k8
1.5B,gsm8k,gsm8k-0031,test,seq,1,0.0,205.0,seq_r1
1.5B,gsm8k,gsm8k-0031,test,seq,2,0.0,501.0,seq_r2
1.5B,gsm8k,gsm8k-0031,test,seq,3,0.0,777.0,seq_r3
1.5B,gsm8k,gsm8k-0031,test,seq,4,0.0,1133.0,seq_r4
1.5B,gsm8k,gsm8k-0031,test,long,2,0.0,235.0,long_m2
1.5B,gsm8k,gsm8k-0031,test,long,4,0.0,235.0,long_m4
1.5B,gsm8k,gsm8k-0031,test,debate,6,0.0,1456.0,debate_a3r2
1.5B,gsm8k,gsm8k-0032,test,single,1,1.0,283.0,
1.5B,gsm8k,gsm8k-0032,test,vote,4,1.0,1096.5,vote_k4
1.5B,gsm8k,gsm8k-0032,test,oracle,4,1.0,1096.5,oracle_k4
1.5B,gsm8k,gsm8k-0032,test,judge,4,1.0,1955.0,judge_k4
1.5B,gsm8k,gsm8k-0032,test,vote,8,1.0,2224.0,vote_k8
1.5B,gsm8k,gsm8k-0032,test,oracle,8,1.0,2224.0,oracle_k8
1.5B,gsm8k,gsm8k-0032,test,judge,8,1.0,3850.0,judge_k8
1.5B,gsm8k,gsm8k-0032,test,seq,1,1.0,283.0,seq_r1
1.5B,gsm8k,gsm8k-0032,test,seq,2,1.0,746.0,seq_r2
1.5B,gsm8k,gsm8k-0032,test,seq,3,1.0,1040.0,seq_r3
1.5B,gsm8k,gsm8k-0032,test,seq,4,1.0,1209.0,seq_r4
1.5B,gsm8k,gsm8k-0032,test,long,2,1.0,377.0,long_m2
1.5B,gsm8k,gsm8k-0032,test,long,4,1.0,377.0,long_m4
1.5B,gsm8k,gsm8k-0032,test,debate,6,1.0,2071.0,debate_a3r2
1.5B,gsm8k,gsm8k-0033,test,single,1,1.0,402.0,
1.5B,gsm8k,gsm8k-0033,test,vote,4,0.5,1589.5,vote_k4
1.5B,gsm8k,gsm8k-0033,test,oracle,4,1.0,1589.5,oracle_k4
1.5B,gsm8k,gsm8k-0033,test,judge,4,0.0,2458.5,judge_k4
1.5B,gsm8k,gsm8k-0033,test,vote,8,1.0,3085.0,vote_k8
1.5B,gsm8k,gsm8k-0033,test,oracle,8,1.0,3085.0,oracle_k8
1.5B,gsm8k,gsm8k-0033,test,judge,8,0.0,4717.0,judge_k8
1.5B,gsm8k,gsm8k-0033,test,seq,1,1.0,402.0,seq_r1
1.5B,gsm8k,gsm8k-0033,test,seq,2,1.0,1133.0,seq_r2
1.5B,gsm8k,gsm8k-0033,test,seq,3,1.0,1878.0,seq_r3
1.5B,gsm8k,gsm8k-0033,test,seq,4,1.0,2642.0,seq_r4
1.5B,gsm8k,gsm8k-0033,test,long,2,0.0,552.0,long_m2
1.5B,gsm8k,gsm8k-0033,test,long,4,0.0,552.0,long_m4
1.5B,gsm8k,gsm8k-0033,test,debate,6,0.0,2368.0,debate_a3r2
1.5B,gsm8k,gsm8k-0034,test,single,1,0.0,400.0,
1.5B,gsm8k,gsm8k-0034,test,vote,4,0.0,1544.5,vote_k4
1.5B,gsm8k,gsm8k-0034,test,oracle,4,1.0,1544.5,oracle_k4
1.5B,gsm8k,gsm8k-0034,test,judge,4,0.0,2686.5,judge_k4
1.5B,gsm8k,gsm8k-0034,test,vote,8,1.0,3078.0,vote_k8
1.5B,gsm8k,gsm8k-0034,test,oracle,8,1.0,3078.0,oracle_k8
1.5B,gsm8k,gsm8k-0034,test,judge,8,0.0,5287.0,judge_k8
1.5B,gsm8k,gsm8k-0034,test,seq,1,0.0,400.0,seq_r1
1.5B,gsm8k,gsm8k-0034,test,seq,2,0.0,1150.0,seq_r2
1.5B,gsm8k,gsm8k-0034,test,seq,3,1.0,1753.0,seq_r3
1.5B,gsm8k,gsm8k-0034,test,seq,4,1.0,2068.0,seq_r4
1.5B,gsm8k,gsm8k-0034,test,long,2,1.0,433.0,long_m2
1.5B,gsm8k,gsm8k-0034,test,long,4,1.0,433.0,long_m4
1.5B,gsm8k,gsm8k-0034,test,debate,6,0.0,2601.0,debate_a3r2
1.5B,gsm8k,gsm8k-0035,test,single,1,1.0,258.0,
1.5B,gsm8k,gsm8k-0035,test,vote,4,0.5,1075.5,vote_k4
1.5B,gsm8k,gsm8k-0035,test,oracle,4,1.0,1075.5,oracle_k4
1.5B,gsm8k,gsm8k-0035,test,judge,4,0.5,1957.0,judge_k4
1.5B,gsm8k,gsm8k-0035,test,vote,8,1.0,2210.0,vote_k8
1.5B,gsm8k,gsm8k-0035,test,oracle,8,1.0,2210.0,oracle_k8
1.5B,gsm8k,gsm8k-0035,test,judge,8,0.0,3864.0,judge_k8
1.5B,gsm8k,gsm8k-0035,test,seq,1,1.0,258.0,seq_r1
1.5B,gsm8k,gsm8k-0035,test,seq,2,1.0,646.0,seq_r2
1.5B,gsm8k,gsm8k-0035,test,seq,3,1.0,1043.0,seq_r3
1.5B,gsm8k,gsm8k-0035,test,seq,4,1.0,1492.0,seq_r4
1.5B,gsm8k,gsm8k-0035,test,long,2,1.0,463.0,long_m2
1.5B,gsm8k,gsm8k-0035,test,long,4,1.0,463.0,long_m4
1.5B,gsm8k,gsm8k-0035,test,debate,6,0.0,2181.0,debate_a3r2
1.5B,gsm8k,gsm8k-0036,test,single,1,0.0,343.0,
1.5B,gsm8k,gsm8k-0036,test,vote,4,0.0,1500.0,vote_k4
1.5B,gsm8k,gsm8k-0036,test,oracle,4,0.5,1500.0,oracle_k4
1.5B,gsm8k,gsm8k-0036,test,judge,4,0.0,2457.0,judge_k4
1.5B,gsm8k,gsm8k-0036,test,vote,8,1.0,3000.0,vote_k8
1.5B,gsm8k,gsm8k-0036,test,oracle,8,1.0,3000.0,oracle_k8
1.5B,gsm8k,gsm8k-0036,test,judge,8,0.0,4695.0,judge_k8
1.5B,gsm8k,gsm8k-0036,test,seq,1,0.0,343.0,seq_r1
1.5B,gsm8k,gsm8k-0036,test,seq,2,0.0,789.0,seq_r2
1.5B,gsm8k,gsm8k-0036,test,seq,3,0.0,1106.0,seq_r3
1.5B,gsm8k,gsm8k-0036,test,seq,4,0.0,1423.0,seq_r4
1.5B,gsm8k,gsm8k-0036,test,long,2,1.0,574.0,long_m2
1.5B,gsm8k,gsm8k-0036,test,long,4,1.0,574.0,long_m4
1.5B,gsm8k,gsm8k-0036,test,debate,6,0.0,2427.0,debate_a3r2
1.5B,gsm8k,gsm8k-0037,test,single,1,0.0,258.0,
1.5B,gsm8k,gsm8k-0037,test,vote,4,0.0,1095.5,vote_k4
1.5B,gsm8k,gsm8k-0037,test,oracle,4,0.5,1095.5,oracle_k4
1.5B,gsm8k,gsm8k-0037,test,judge,4,0.0,1911.0,judge_k4
1.5B,gsm8k,gsm8k-0037,test,vote,8,0.0,2202.0,vote_k8
1.5B,gsm8k,gsm8k-0037,test,oracle,8,1.0,2202.0,oracle_k8
1.5B,gsm8k,gsm8k-0037,test,judge,8,1.0,3728.0,judge_k8
1.5B,gsm8k,gsm8k-0037,test,seq,1,0.0,258.0,seq_r1
1.5B,gsm8k,gsm8k-0037,test,seq,2,0.0,732.0,seq_r2
1.5B,gsm8k,gsm8k-0037,test,seq,3,0.0,1188.0,seq_r3
1.5B,gsm8k,gsm8k-0037,test,seq,4,0.0,1610.0,seq_r4
1.5B,gsm8k,gsm8k-0037,test,long,2,0.0,345.0,long_m2
1.5B,gsm8k,gsm8k-0037,test,long,4,0.0,345.0,long_m4
1.5B,gsm8k,gsm8k-0037,test,debate,6,1.0,1976.0,debate_a3r2
1.5B,gsm8k,gsm8k-0038,test,single,1,1.0,200.0,
1.5B,gsm8k,gsm8k-0038,test,vote,4,1.0,644.5,vote_k4
1.5B,gsm8k,gsm8k-0038,test,oracle,4,1.0,644.5,oracle_k4
1.5B,gsm8k,gsm8k-0038,test,judge,4,1.0,1150.0,judge_k4
1.5B,gsm8k,gsm8k-0038,test,vote,8,1.0,1349.0,vote_k8
1.5B,gsm8k,gsm8k-0038,test,oracle,8,1.0,1349.0,oracle_k8
1.5B,gsm8k,gsm8k-0038,test,judge,8,0.0,2332.0,judge_k8
1.5B,gsm8k,gsm8k-0038,test,seq,1,1.0,200.0,seq_r1
1.5B,gsm8k,gsm8k-0038,test,seq,2,1.0,490.0,seq_r2
1.5B,gsm8k,gsm8k-0038,test,seq,3,1.0,756.0,seq_r3
1.5B,gsm8k,gsm8k-0038,test,seq,4,1.0,1111.0,seq_r4
1.5B,gsm8k,gsm8k-0038,test,long,2,1.0,334.0,long_m2
1.5B,gsm8k,gsm8k-0038,test,long,4,1.0,334.0,long_m4
1.5B,gsm8k,gsm8k-0038,test,debate,6,1.0,1469.0,debate_a3r2
1.5B,gsm8k,gsm8k-0039,test,single,1,0.0,407.0,
1.5B,gsm8k,gsm8k-0039,test,vote,4,0.5,1558.0,vote_k4
1.5B,gsm8k,gsm8k-0039,test,oracle,4,1.0,1558.0,oracle_k4
1.5B,gsm8k,gsm8k-0039,test,judge,4,0.0,2487.5,judge_k4
1.5B,gsm8k,gsm8k-0039,test,vote,8,1.0,3058.0,vote_k8
1.5B,gsm8k,gsm8k-0039,test,oracle,8,1.0,3058.0,oracle_k8
1.5B,gsm8k,gsm8k-0039,test,judge,8,0.0,4798.0,judge_k8
1.5B,gsm8k,gsm8k-0039,test,seq,1,0.0,407.0,seq_r1
1.5B,gsm8k,gsm8k-0039,test,seq,2,0.0,1165.0,seq_r2
1.5B,gsm8k,gsm8k-0039,test,seq,3,0.0,1923.0,seq_r3
1.5B,gsm8k,gsm8k-0039,test,seq,4,0.0,2681.0,seq_r4
1.5B,gsm8k,gsm8k-0039,test,long,2,1.0,502.0,long_m2
1.5B,gsm8k,gsm8k-0039,test,long,4,1.0,502.0,long_m4
1.5B,gsm8k,gsm8k-0039,test,debate,6,1.0,2783.0,debate_a3r2
1.5B,gsm8k,gsm8k-0040,test,single,1,1.0,308.0,
1.5B,gsm8k,gsm8k-0040,test,vote,4,1.0,1071.0,vote_k4
1.5B,gsm8k,gsm8k-0040,test,oracle,4,1.0,1071.0,oracle_k4
1.5B,gsm8k,gsm8k-0040,test,judge,4,1.0,1875.0,judge_k4
1.5B,gsm8k,gsm8k-0040,test,vote,8,1.0,2032.0,vote_k8
1.5B,gsm8k,gsm8k-0040,test,oracle,8,1.0,2032.0,oracle_k8
1.5B,gsm8k,gsm8k-0040,test,judge,8,1.0,3398.0,judge_k8
1.5B,gsm8k,gsm8k-0040,test,seq,1,1.0,308.0,seq_r1
1.5B,gsm8k,gsm8k-0040,test,seq,2,1.0,832.0,seq_r2
1.5B,gsm8k,gsm8k-0040,test,seq,3,1.0,1358.0,seq_r3
1.5B,gsm8k,gsm8k-0040,test,seq,4,1.0,1766.0,seq_r4
1.5B,gsm8k,gsm8k-0040,test,long,2,1.0,303.0,long_m2
1.5B,gsm8k,gsm8k-0040,test,long,4,1.0,303.0,long_m4
1.5B,gsm8k,gsm8k-0040,test,debate,6,1.0,2120.0,debate_a3r2
1.5B,gsm8k,gsm8k-0041,test,single,1,1.0,342.0,
1.5B,gsm8k,gsm8k-0041,test,vote,4,1.0,1449.5,vote_k4
1.5B,gsm8k,gsm8k-0041,test,oracle,4,1.0,1449.5,oracle_k4
1.5B,gsm8k,gsm8k-0041,test,judge,4,0.5,2379.0,judge_k4
1.5B,gsm8k,gsm8k-0041,test,vote,8,1.0,2885.0,vote_k8
1.5B,gsm8k,gsm8k-0041,test,oracle,8,1.0,2885.0,oracle_k8
1.5B,gsm8k,gsm8k-0041,test,judge,8,1.0,4666.0,judge_k8
1.5B,gsm8k,gsm8k-0041,test,seq,1,1.0,342.0,seq_r1
1.5B,gsm8k,gsm8k-0041,test,seq,2,1.0,945.0,seq_r2
1.5B,gsm8k,gsm8k-0041,test,seq,3,1.0,1446.0,seq_r3
1.5B,gsm8k,gsm8k-0041,test,seq,4,1.0,1853.0,seq_r4
1.5B,gsm8k,gsm8k-0041,test,long,2,1.0,432.0,long_m2
1.5B,gsm8k,gsm8k-0041,test,long,4,1.0,432.0,long_m4
1.5B,gsm8k,gsm8k-0041,test,debate,6,0.0,2340.0,debate_a3r2
1.5B,gsm8k,gsm8k-0042,test,single,1,1.0,309.0,
1.5B,gsm8k,gsm8k-0042,test,vote,4,0.5,1518.5,vote_k4
1.5B,gsm8k,gsm8k-0042,test,oracle,4,1.0,1518.5,oracle_k4
1.5B,gsm8k,gsm8k-0042,test,judge,4,1.0,2490.0,judge_k4
1.5B,gsm8k,gsm8k-0042,test,vote,8,1.0,3091.0,vote_k8
1.5B,gsm8k,gsm8k-0042,test,oracle,8,1.0,3091.0,oracle_k8
1.5B,gsm8k,gsm8k-0042,test,judge,8,1.0,4908.0,judge_k8
1.5B,gsm8k,gsm8k-0042,test,seq,1,1.0,309.0,seq_r1
1.5B,gsm8k,gsm8k-0042,test,seq,2,0.0,872.0,seq_r2
1.5B,gsm8k,gsm8k-0042,test,seq,3,0.0,1383.0,seq_r3
1.5B,gsm8k,gsm8k-0042,test,seq,4,0.0,1835.0,seq_r4
1.5B,gsm8k,gsm8k-0042,test,long,2,1.0,386.0,long_m2
1.5B,gsm8k,gsm8k-0042,test,long,4,1.0,386.0,long_m4
1.5B,gsm8k,gsm8k-0042,test,debate,6,1.0,2569.0,debate_a3r2
1.5B,gsm8k,gsm8k-0043,test,single,1,1.0,313.0,
1.5B,gsm8k,gsm8k-0043,test,vote,4,1.0,1010.0,vote_k4
1.5B,gsm8k,gsm8k-0043,test,oracle,4,1.0,1010.0,oracle_k4
1.5B,gsm8k,gsm8k-0043,test,judge,4,1.0,1850.0,judge_k4
1.5B,gsm8k,gsm8k-0043,test,vote,8,1.0,2041.0,vote_k8
1.5B,gsm8k,gsm8k-0043,test,oracle,8,1.0,2041.0,oracle_k8
1.5B,gsm8k,gsm8k-0043,test,judge,8,0.0,3641.0,judge_k8
1.5B,gsm8k,gsm8k-0043,test,seq,1,1.0,313.0,seq_r1
1.5B,gsm8k,gsm8k-0043,test,seq,2,1.0,698.0,seq_r2
1.5B,gsm8k,gsm8k-0043,test,seq,3,1.0,884.0,seq_r3
1.5B,gsm8k,gsm8k-0043,test,seq,4,1.0,1070.0,seq_r4
1.5B,gsm8k,gsm8k-0043,test,long,2,1.0,361.0,long_m2
1.5B,gsm8k,gsm8k-0043,test,long,4,1.0,361.0,long_m4
1.5B,gsm8k,gsm8k-0043,test,debate,6,0.0,2171.0,debate_a3r2
1.5B,gsm8k,gsm8k-0044,test,single,1,1.0,221.0,
1.5B,gsm8k,gsm8k-0044,test,vote,4,1.0,1043.0,vote_k4
1.5B,gsm8k,gsm8k-0044,test,oracle,4,1.0,1043.0,oracle_k4
1.5B,gsm8k,gsm8k-0044,test,judge,4,1.0,1825.5,judge_k4
1.5B,gsm8k,gsm8k-0044,test,vote,8,1.0,2228.0,vote_k8
1.5B,gsm8k,gsm8k-0044,test,oracle,8,1.0,2228.0,oracle_k8
1.5B,gsm8k,gsm8k-0044,test,judge,8,1.0,3803.0,judge_k8
1.5B,gsm8k,gsm8k-0044,test,seq,1,1.0,221.0,seq_r1
1.5B,gsm8k,gsm8k-0044,test,seq,2,1.0,636.0,seq_r2
1.5B,gsm8k,gsm8k-0044,test,seq,3,0.0,1066.0,seq_r3
1.5B,gsm8k,gsm8k-0044,test,seq,4,0.0,1429.0,seq_r4
1.5B,gsm8k,gsm8k-0044,test,long,2,1.0,358.0,long_m2
1.5B,gsm8k,gsm8k-0044,test,long,4,1.0,358.0,long_m4
1.5B,gsm8k,gsm8k-0044,test,debate,6,1.0,2089.0,debate_a3r2
1.5B,gsm8k,gsm8k-0045,test,single,1,0.0,462.0,
1.5B,gsm8k,gsm8k-0045,test,vote,4,0.5,1632.0,vote_k4
1.5B,gsm8k,gsm8k-0045,test,oracle,4,1.0,1632.0,oracle_k4
1.5B,gsm8k,gsm8k-0045,test,judge,4,1.0,2556.5,judge_k4
1.5B,gsm8k,gsm8k-0045,test,vote,8,1.0,3217.0,vote_k8
1.5B,gsm8k,gsm8k-0045,test,oracle,8,1.0,3217.0,oracle_k8
1.5B,gsm8k,gsm8k-0045,test,judge,8,1.0,4920.0,judge_k8
1.5B,gsm8k,gsm8k-0045,test,seq,1,0.0,462.0,seq_r1
1.5B,gsm8k,gsm8k-0045,test,seq,2,0.0,1249.0,seq_r2
1.5B,gsm8k,gsm8k-0045,test,seq,3,0.0,1997.0,seq_r3
1.5B,gsm8k,gsm8k-0045,test,seq,4,0.0,2733.0,seq_r4
1.5B,gsm8k,gsm8k-0045,test,long,2,1.0,504.0,long_m2
1.5B,gsm8k,gsm8k-0045,test,long,4,1.0,504.0,long_m4
1.5B,gsm8k,gsm8k-0045,test,debate,6,1.0,2650.0,debate_a3r2
1.5B,gsm8k,gsm8k-0046,test,single,1,1.0,254.0,
1.5B,gsm8k,gsm8k-0046,test,vote,4,1.0,866.0,vote_k4
1.5B,gsm8k,gsm8k-0046,test,oracle,4,1.0,866.0,oracle_k4
1.5B,gsm8k,gsm8k-0046,test,judge,4,1.0,1556.0,judge_k4
1.5B,gsm8k,gsm8k-0046,test,vote,8,1.0,1677.0,vote_k8
1.5B,gsm8k,gsm8k-0046,test,oracle,8,1.0,1677.0,oracle_k8
1.5B,gsm8k,gsm8k-0046,test,judge,8,1.0,2899.0,judge_k8
1.5B,gsm8k,gsm8k-0046,test,seq,1,1.0,254.0,seq_r1
1.5B,gsm8k,gsm8k-0046,test,seq,2,1.0,581.0,seq_r2
1.5B,gsm8k,gsm8k-0046,test,seq,3,1.0,888.0,seq_r3
1.5B,gsm8k,gsm8k-0046,test,seq,4,1.0,1312.0,seq_r4
1.5B,gsm8k,gsm8k-0046,test,long,2,1.0,263.0,long_m2
1.5B,gsm8k,gsm8k-0046,test,long,4,1.0,263.0,long_m4
1.5B,gsm8k,gsm8k-0046,test,debate,6,1.0,1555.0,debate_a3r2
1.5B,gsm8k,gsm8k-0047,test,single,1,1.0,471.0,
1.5B,gsm8k,gsm8k-0047,test,vote,4,1.0,1633.0,vote_k4
1.5B,gsm8k,gsm8k-0047,test,oracle,4,1.0,1633.0,oracle_k4
1.5B,gsm8k,gsm8k-0047,test,judge,4,1.0,2602.5,judge_k4
1.5B,gsm8k,gsm8k-0047,test,vote,8,1.0,3323.0,vote_k8
1.5B,gsm8k,gsm8k-0047,test,oracle,8,1.0,3323.0,oracle_k8
1.5B,gsm8k,gsm8k-0047,test,judge,8,1.0,5135.0,judge_k8
1.5B,gsm8k,gsm8k-0047,test,seq,1,1.0,471.0,seq_r1
1.5B,gsm8k,gsm8k-0047,test,seq,2,1.0,1194.0,seq_r2
1.5B,gsm8k,gsm8k-0047,test,seq,3,1.0,1832.0,seq_r3
1.5B,gsm8k,gsm8k-0047,test,seq,4,1.0,2334.0,seq_r4
1.5B,gsm8k,gsm8k-0047,test,long,2,0.0,496.0,long_m2
1.5B,gsm8k,gsm8k-0047,test,long,4,0.0,496.0,long_m4
1.5B,gsm8k,gsm8k-0047,test,debate,6,1.0,2824.0,debate_a3r2
1.5B,gsm8k,gsm8k-0048,test,single,1,0.0,415.0,
1.5B,gsm8k,gsm8k-0048,test,vote,4,0.5,1588.0,vote_k4
1.5B,gsm8k,gsm8k-0048,test,oracle,4,1.0,1588.0,oracle_k4
1.5B,gsm8k,gsm8k-0048,test,judge,4,0.5,2563.5,judge_k4
1.5B,gsm8k,gsm8k-0048,test,vote,8,1.0,3098.0,vote_k8
1.5B,gsm8k,gsm8k-0048,test,oracle,8,1.0,3098.0,oracle_k8
1.5B,gsm8k,gsm8k-0048,test,judge,8,0.0,4968.0,judge_k8
1.5B,gsm8k,gsm8k-0048,test,seq,1,0.0,415.0,seq_r1
1.5B,gsm8k,gsm8k-0048,test,seq,2,1.0,1075.0,seq_r2
1.5B,gsm8k,gsm8k-0048,test,seq,3,1.0,1628.0,seq_r3
1.5B,gsm8k,gsm8k-0048,test,seq,4,1.0,2181.0,seq_r4
1.5B,gsm8k,gsm8k-0048,test,long,2,0.0,474.0,long_m2
1.5B,gsm8k,gsm8k-0048,test,long,4,0.0,474.0,long_m4
1.5B,gsm8k,gsm8k-0048,test,debate,6,0.0,2466.0,debate_a3r2
1.5B,gsm8k,gsm8k-0049,test,single,1,1.0,251.0,
1.5B,gsm8k,gsm8k-0049,test,vote,4,1.0,949.0,vote_k4
1.5B,gsm8k,gsm8k-0049,test,oracle,4,1.0,949.0,oracle_k4
1.5B,gsm8k,gsm8k-0049,test,judge,4,0.5,1724.0,judge_k4
1.5B,gsm8k,gsm8k-0049,test,vote,8,1.0,1932.0,vote_k8
1.5B,gsm8k,gsm8k-0049,test,oracle,8,1.0,1932.0,oracle_k8
1.5B,gsm8k,gsm8k-0049,test,judge,8,0.0,3415.0,judge_k8
1.5B,gsm8k,gsm8k-0049,test,seq,1,1.0,251.0,seq_r1
1.5B,gsm8k,gsm8k-0049,test,seq,2,1.0,610.0,seq_r2
1.5B,gsm8k,gsm8k-0049,test,seq,3,1.0,872.0,seq_r3
1.5B,gsm8k,gsm8k-0049,test,seq,4,1.0,1279.0,seq_r4
1.5B,gsm8k,gsm8k-0049,test,long,2,1.0,417.0,long_m2
1.5B,gsm8k,gsm8k-0049,test,long,4,1.0,417.0,long_m4
1.5B,gsm8k,gsm8k-0049,test,debate,6,0.0,1726.0,debate_a3r2
1.5B,gsm8k,gsm8k-0050,test,single,1,1.0,274.0,
1.5B,gsm8k,gsm8k-0050,test,vote,4,1.0,1070.0,vote_k4
1.5B,gsm8k,gsm8k-0050,test,oracle,4,1.0,1070.0,oracle_k4
1.5B,gsm8k,gsm8k-0050,test,judge,4,1.0,1924.0,judge_k4
1.5B,gsm8k,gsm8k-0050,test,vote,8,1.0,2179.0,vote_k8
1.5B,gsm8k,gsm8k-0050,test,oracle,8,1.0,2179.0,oracle_k8
1.5B,gsm8k,gsm8k-0050,test,judge,8,1.0,3818.0,judge_k8
1.5B,gsm8k,gsm8k-0050,test,seq,1,1.0,274.0,seq_r1
1.5B,gsm8k,gsm8k-0050,test,seq,2,1.0,635.0,seq_r2
1.5B,gsm8k,gsm8k-0050,test,seq,3,1.0,842.0,seq_r3
1.5B,gsm8k,gsm8k-0050,test,seq,4,1.0,1095.0,seq_r4
1.5B,gsm8k,gsm8k-0050,test,long,2,1.0,327.0,long_m2
1.5B,gsm8k,gsm8k-0050,test,long,4,1.0,327.0,long_m4
1.5B,gsm8k,gsm8k-0050,test,debate,6,1.0,1994.0,debate_a3r2
1.5B,gsm8k,gsm8k-0051,test,single,1,0.0,445.0,
1.5B,gsm8k,gsm8k-0051,test,vote,4,1.0,1525.0,vote_k4
1.5B,gsm8k,gsm8k-0051,test,oracle,4,1.0,1525.0,oracle_k4
1.5B,gsm8k,gsm8k-0051,test,judge,4,1.0,2509.5,judge_k4
1.5B,gsm8k,gsm8k-0051,test,vote,8,1.0,3066.0,vote_k8
1.5B,gsm8k,gsm8k-0051,test,oracle,8,1.0,3066.0,oracle_k8
1.5B,gsm8k,gsm8k-0051,test,judge,8,1.0,4990.0,judge_k8
1.5B,gsm8k,gsm8k-0051,test,seq,1,0.0,445.0,seq_r1
1.5B,gsm8k,gsm8k-0051,test,seq,2,0.0,1241.0,seq_r2
1.5B,gsm8k,gsm8k-0051,test,seq,3,0.0,2037.0,seq_r3
1.5B,gsm8k,gsm8k-0051,test,seq,4,0.0,2803.0,seq_r4
1.5B,gsm8k,gsm8k-0051,test,long,2,0.0,455.0,long_m2
1.5B,gsm8k,gsm8k-0051,test,long,4,0.0,455.0,long_m4
1.5B,gsm8k,gsm8k-0051,test,debate,6,1.0,2601.0,debate_a3r2
1.5B,gsm8k,gsm8k-0052,test,single,1,0.0,285.0,
1.5B,gsm8k,gsm8k-0052,test,vote,4,0.0,1293.0,vote_k4
1.5B,gsm8k,gsm8k-0052,test,oracle,4,0.0,1293.0,oracle_k4
1.5B,gsm8k,gsm8k-0052,test,judge,4,0.0,2168.0,judge_k4
1.5B,gsm8k,gsm8k-0052,test,vote,8,0.0,2711.0,vote_k8
1.5B,gsm8k,gsm8k-0052,test,oracle,8,0.0,2711.0,oracle_k8
1.5B,gsm8k,gsm8k-0052,test,judge,8,0.0,4342.0,judge_k8
1.5B,gsm8k,gsm8k-0052,test,seq,1,0.0,285.0,seq_r1
1.5B,gsm8k,gsm8k-0052,test,seq,2,0.0,682.0,seq_r2
1.5B,gsm8k,gsm8k-0052,test,seq,3,0.0,961.0,seq_r3
1.5B,gsm8k,gsm8k-0052,test,seq,4,0.0,1240.0,seq_r4
1.5B,gsm8k,gsm8k-0052,test,long,2,0.0,357.0,long_m2
1.5B,gsm8k,gsm8k-0052,test,long,4,0.0,357.0,long_m4
1.5B,gsm8k,gsm8k-0052,test,debate,6,0.0,2103.0,debate_a3r2
1.5B,gsm8k,gsm8k-0053,test,single,1,0.0,471.0,
1.5B,gsm8k,gsm8k-0053,test,vote,4,0.0,1778.0,vote_k4
1.5B,gsm8k,gsm8k-0053,test,oracle,4,0.0,1778.0,oracle_k4
1.5B,gsm8k,gsm8k-0053,test,judge,4,0.0,2971.0,judge_k4
1.5B,gsm8k,gsm8k-0053,test,vote,8,0.0,3611.0,vote_k8
1.5B,gsm8k,gsm8k-0053,test,oracle,8,0.0,3611.0,oracle_k8
1.5B,gsm8k,gsm8k-0053,test,judge,8,0.0,5884.0,judge_k8
1.5B,gsm8k,gsm8k-0053,test,seq,1,0.0,471.0,seq_r1
1.5B,gsm8k,gsm8k-0053,test,seq,2,0.0,1293.0,seq_r2
1.5B,gsm8k,gsm8k-0053,test,seq,3,0.0,2114.0,seq_r3
1.5B,gsm8k,gsm8k-0053,test,seq,4,0.0,2936.0,seq_r4
1.5B,gsm8k,gsm8k-0053,test,long,2,0.0,801.0,long_m2
1.5B,gsm8k,gsm8k-0053,test,long,4,0.0,801.0,long_m4
1.5B,gsm8k,gsm8k-0053,test,debate,6,0.0,2973.0,debate_a3r2
1.5B,gsm8k,gsm8k-0054,test,single,1,1.0,269.0,
1.5B,gsm8k,gsm8k-0054,test,vote,4,1.0,1309.0,vote_k4
1.5B,gsm8k,gsm8k-0054,test,oracle,4,1.0,1309.0,oracle_k4
1.5B,gsm8k,gsm8k-0054,test,judge,4,1.0,2296.5,judge_k4
1.5B,gsm8k,gsm8k-0054,test,vote,8,1.0,2600.0,vote_k8
1.5B,gsm8k,gsm8k-0054,test,oracle,8,1.0,2600.0,oracle_k8
1.5B,gsm8k,gsm8k-0054,test,judge,8,1.0,4472.0,judge_k8
1.5B,gsm8k,gsm8k-0054,test,seq,1,1.0,269.0,seq_r1
1.5B,gsm8k,gsm8k-0054,test,seq,2,1.0,600.0,seq_r2
1.5B,gsm8k,gsm8k-0054,test,seq,3,1.0,787.0,seq_r3
1.5B,gsm8k,gsm8k-0054,test,seq,4,1.0,1120.0,seq_r4
1.5B,gsm8k,gsm8k-0054,test,long,2,1.0,382.0,long_m2
1.5B,gsm8k,gsm8k-0054,test,long,4,1.0,382.0,long_m4
1.5B,gsm8k,gsm8k-0054,test,debate,6,1.0,2356.0,debate_a3r2
1.5B,gsm8k,gsm8k-0055,test,single,1,1.0,275.0,
1.5B,gsm8k,gsm8k-0055,test,vote,4,1.0,1197.0,vote_k4
1.5B,gsm8k,gsm8k-0055,test,oracle,4,1.0,1197.0,oracle_k4
1.5B,gsm8k,gsm8k-0055,test,judge,4,1.0,2072.0,judge_k4
1.5B,gsm8k,gsm8k-0055,test,vote,8,1.0,2376.0,vote_k8
1.5B,gsm8k,gsm8k-0055,test,oracle,8,1.0,2376.0,oracle_k8
1.5B,gsm8k,gsm8k-0055,test,judge,8,1.0,4039.0,judge_k8
1.5B,gsm8k,gsm8k-0055,test,seq,1,1.0,275.0,seq_r1
1.5B,gsm8k,gsm8k-0055,test,seq,2,1.0,668.0,seq_r2
1.5B,gsm8k,gsm8k-0055,test,seq,3,1.0,967.0,seq_r3
1.5B,gsm8k,gsm8k-0055,test,seq,4,1.0,1245.0,seq_r4
1.5B,gsm8k,gsm8k-0055,test,long,2,1.0,401.0,long_m2
1.5B,gsm8k,gsm8k-0055,test,long,4,1.0,401.0,long_m4
1.5B,gsm8k,gsm8k-0055,test,debate,6,1.0,2235.0,debate_a3r2
1.5B,gsm8k,gsm8k-0056,test,single,1,1.0,372.0,
1.5B,gsm8k,gsm8k-0056,test,vote,4,1.0,1350.5,vote_k4
1.5B,gsm8k,gsm8k-0056,test,oracle,4,1.0,1350.5,oracle_k4
1.5B,gsm8k,gsm8k-0056,test,judge,4,1.0,2348.0,judge_k4
1.5B,gsm8k,gsm8k-0056,test,vote,8,1.0,2646.0,vote_k8
1.5B,gsm8k,gsm8k-0056,test,oracle,8,1.0,2646.0,oracle_k8
1.5B,gsm8k,gsm8k-0056,test,judge,8,1.0,4521.0,judge_k8
1.5B,gsm8k,gsm8k-0056,test,seq,1,1.0,372.0,seq_r1
1.5B,gsm8k,gsm8k-0056,test,seq,2,1.0,824.0,seq_r2
1.5B,gsm8k,gsm8k-0056,test,seq,3,1.0,1215.0,seq_r3
1.5B,gsm8k,gsm8k-0056,test,seq,4,1.0,1800.0,seq_r4
1.5B,gsm8k,gsm8k-0056,test,long,2,1.0,354.0,long_m2
1.5B,gsm8k,gsm8k-0056,test,long,4,1.0,354.0,long_m4
1.5B,gsm8k,gsm8k-0056,test,debate,6,0.0,2307.0,debate_a3r2
1.5B,gsm8k,gsm8k-0057,test,single,1,1.0,257.0,
1.5B,gsm8k,gsm8k-0057,test,vote,4,1.0,1097.5,vote_k4
1.5B,gsm8k,gsm8k-0057,test,oracle,4,1.0,1097.5,oracle_k4
1.5B,gsm8k,gsm8k-0057,test,judge,4,1.0,1906.0,judge_k4
1.5B,gsm8k,gsm8k-0057,test,vote,8,1.0,2317.0,vote_k8
1.5B,gsm8k,gsm8k-0057,test,oracle,8,1.0,2317.0,oracle_k8
1.5B,gsm8k,gsm8k-0057,test,judge,8,1.0,3874.0,judge_k8
1.5B,gsm8k,gsm8k-0057,test,seq,1,1.0,257.0,seq_r1
1.5B,gsm8k,gsm8k-0057,test,seq,2,1.0,605.0,seq_r2
1.5B,gsm8k,gsm8k-0057,test,seq,3,1.0,892.0,seq_r3
1.5B,gsm8k,gsm8k-0057,test,seq,4,1.0,1205.0,seq_r4
1.5B,gsm8k,gsm8k-0057,test,long,2,1.0,436.0,long_m2
1.5B,gsm8k,gsm8k-0057,test,long,4,1.0,436.0,long_m4
1.5B,gsm8k,gsm8k-0057,test,debate,6,1.0,2248.0,debate_a3r2
1.5B,gsm8k,gsm8k-0058,test,single,1,1.0,139.0,
1.5B,gsm8k,gsm8k-0058,test,vote,4,1.0,710.5,vote_k4
1.5B,gsm8k,gsm8k-0058,test,oracle,4,1.0,710.5,oracle_k4
1.5B,gsm8k,gsm8k-0058,test,judge,4,1.0,1286.5,judge_k4
1.5B,gsm8k,gsm8k-0058,test,vote,8,1.0,1437.0,vote_k8
1.5B,gsm8k,gsm8k-0058,test,oracle,8,1.0,1437.0,oracle_k8
1.5B,gsm8k,gsm8k-0058,test,judge,8,1.0,2518.0,judge_k8
1.5B,gsm8k,gsm8k-0058,test,seq,1,1.0,139.0,seq_r1
1.5B,gsm8k,gsm8k-0058,test,seq,2,1.0,359.0,seq_r2
1.5B,gsm8k,gsm8k-0058,test,seq,3,1.0,538.0,seq_r3
1.5B,gsm8k,gsm8k-0058,test,seq,4,1.0,690.0,seq_r4
1.5B,gsm8k,gsm8k-0058,test,long,2,1.0,492.0,long_m2
1.5B,gsm8k,gsm8k-0058,test,long,4,1.0,492.0,long_m4
1.5B,gsm8k,gsm8k-0058,test,debate,6,1.0,1359.0,debate_a3r2
1.5B,gsm8k,gsm8k-0059,test,single,1,1.0,241.0,
1.5B,gsm8k,gsm8k-0059,test,vote,4,1.0,888.5,vote_k4
1.5B,gsm8k,gsm8k-0059,test,oracle,4,1.0,888.5,oracle_k4
1.5B,gsm8k,gsm8k-0059,test,judge,4,1.0,1603.0,judge_k4
1.5B,gsm8k,gsm8k-0059,test,vote,8,1.0,1882.0,vote_k8
1.5B,gsm8k,gsm8k-0059,test,oracle,8,1.0,1882.0,oracle_k8
1.5B,gsm8k,gsm8k-0059,test,judge,8,1.0,3301.0,judge_k8
1.5B,gsm8k,gsm8k-0059,test,seq,1,1.0,241.0,seq_r1
1.5B,gsm8k,gsm8k-0059,test,seq,2,1.0,627.0,seq_r2
1.5B,gsm8k,gsm8k-0059,test,seq,3,1.0,959.0,seq_r3
1.5B,gsm8k,gsm8k-0059,test,seq,4,1.0,1237.0,seq_r4
1.5B,gsm8k,gsm8k-0059,test,long,2,1.0,371.0,long_m2
1.5B,gsm8k,gsm8k-0059,test,long,4,1.0,371.0,long_m4
1.5B,gsm8k,gsm8k-0059,test,debate,6,1.0,1839.0,debate_a3r2
1.5B,gsm8k,gsm8k-0060,test,single,1,0.0,307.0,
1.5B,gsm8k,gsm8k-0060,test,vote,4,1.0,1260.0,vote_k4
1.5B,gsm8k,gsm8k-0060,test,oracle,4,1.0,1260.0,oracle_k4
1.5B,gsm8k,gsm8k-0060,test,judge,4,0.5,2185.5,judge_k4
1.5B,gsm8k,gsm8k-0060,test,vote,8,1.0,2755.0,vote_k8
1.5B,gsm8k,gsm8k-0060,test,oracle,8,1.0,2755.0,oracle_k8
1.5B,gsm8k,gsm8k-0060,test,judge,8,1.0,4488.0,judge_k8
1.5B,gsm8k,gsm8k-0060,test,seq,1,0.0,307.0,seq_r1
1.5B,gsm8k,gsm8k-0060,test,seq,2,0.0,684.0,seq_r2
1.5B,gsm8k,gsm8k-0060,test,seq,3,0.0,881.0,seq_r3
1.5B,gsm8k,gsm8k-0060,test,seq,4,0.0,1093.0,seq_r4
1.5B,gsm8k,gsm8k-0060,test,long,2,1.0,480.0,long_m2
1.5B,gsm8k,gsm8k-0060,test,long,4,1.0,480.0,long_m4
1.5B,gsm8k,gsm8k-0060,test,debate,6,0.0,2218.0,debate_a3r2
1.5B,gsm8k,gsm8k-0061,test,single,1,1.0,104.0,
1.5B,gsm8k,gsm8k-0061,test,vote,4,1.0,670.5,vote_k4
1.5B,gsm8k,gsm8k-0061,test,oracle,4,1.0,670.5,oracle_k4
1.5B,gsm8k,gsm8k-0061,test,judge,4,1.0,1194.5,judge_k4
1.5B,gsm8k,gsm8k-0061,test,vote,8,1.0,1424.0,vote_k8
1.5B,gsm8k,gsm8k-0061,test,oracle,8,1.0,1424.0,oracle_k8
1.5B,gsm8k,gsm8k-0061,test,judge,8,1.0,2464.0,judge_k8
1.5B,gsm8k,gsm8k-0061,test,seq,1,1.0,104.0,seq_r1
1.5B,gsm8k,gsm8k-0061,test,seq,2,1.0,302.0,seq_r2
1.5B,gsm8k,gsm8k-0061,test,seq,3,1.0,524.0,seq_r3
1.5B,gsm8k,gsm8k-0061,test,seq,4,1.0,746.0,seq_r4
1.5B,gsm8k,gsm8k-0061,test,long,2,1.0,231.0,long_m2
1.5B,gsm8k,gsm8k-0061,test,long,4,1.0,231.0,long_m4
1.5B,gsm8k,gsm8k-0061,test,debate,6,0.0,1409.0,debate_a3r2
1.5B,gsm8k,gsm8k-0062,test,single,1,1.0,273.0,
1.5B,gsm8k,gsm8k-0062,test,vote,4,1.0,993.5,vote_k4
1.5B,gsm8k,gsm8k-0062,test,oracle,4,1.0,993.5,oracle_k4
1.5B,gsm8k,gsm8k-0062,test,judge,4,1.0,1765.5,judge_k4
1.5B,gsm8k,gsm8k-0062,test,vote,8,1.0,1817.0,vote_k8
1.5B,gsm8k,gsm8k-0062,test,oracle,8,1.0,1817.0,oracle_k8
1.5B,gsm8k,gsm8k-0062,test,judge,8,1.0,3106.0,judge_k8
1.5B,gsm8k,gsm8k-0062,test,seq,1,1.0,273.0,seq_r1
1.5B,gsm8k,gsm8k-0062,test,seq,2,1.0,648.0,seq_r2
1.5B,gsm8k,gsm8k-0062,test,seq,3,1.0,960.0,seq_r3
1.5B,gsm8k,gsm8k-0062,test,seq,4,1.0,1230.0,seq_r4
1.5B,gsm8k,gsm8k-0062,test,long,2,1.0,343.0,long_m2
1.5B,gsm8k,gsm8k-0062,test,long,4,1.0,343.0,long_m4
1.5B,gsm8k,gsm8k-0062,test,debate,6,1.0,2022.0,debate_a3r2
1.5B,gsm8k,gsm8k-0063,test,single,1,0.0,458.0,
1.5B,gsm8k,gsm8k-0063,test,vote,4,1.0,1727.0,vote_k4
1.5B,gsm8k,gsm8k-0063,test,oracle,4,1.0,1727.0,oracle_k4
1.5B,gsm8k,gsm8k-0063,test,judge,4,0.0,2866.0,judge_k4
1.5B,gsm8k,gsm8k-0063,test,vote,8,1.0,3361.0,vote_k8
1.5B,gsm8k,gsm8k-0063,test,oracle,8,1.0,3361.0,oracle_k8
1.5B,gsm8k,gsm8k-0063,test,judge,8,1.0,5440.0,judge_k8
1.5B,gsm8k,gsm8k-0063,test,seq,1,0.0,458.0,seq_r1
1.5B,gsm8k,gsm8k-0063,test,seq,2,1.0,1182.0,seq_r2
1.5B,gsm8k,gsm8k-0063,test,seq,3,1.0,1647.0,seq_r3
1.5B,gsm8k,gsm8k-0063,test,seq,4,1.0,2078.0,seq_r4
1.5B,gsm8k,gsm8k-0063,test,long,2,0.0,553.0,long_m2
1.5B,gsm8k,gsm8k-0063,test,long,4,0.0,553.0,long_m4
1.5B,gsm8k,gsm8k-0063,test,debate,6,0.0,3114.0,debate_a3r2
1.5B,gsm8k,gsm8k-0064,test,single,1,1.0,305.0,
1.5B,gsm8k,gsm8k-0064,test,vote,4,1.0,1367.5,vote_k4
1.5B,gsm8k,gsm8k-0064,test,oracle,4,1.0,1367.5,oracle_k4
1.5B,gsm8k,gsm8k-0064,test,judge,4,0.5,2312.5,judge_k4
1.5B,gsm8k,gsm8k-0064,test,vote,8,1.0,2878.0,vote_k8
1.5B,gsm8k,gsm8k-0064,test,oracle,8,1.0,2878.0,oracle_k8
1.5B,gsm8k,gsm8k-0064,test,judge,8,0.0,4607.0,judge_k8
1.5B,gsm8k,gsm8k-0064,test,seq,1,1.0,305.0,seq_r1
1.5B,gsm8k,gsm8k-0064,test,seq,2,0.0,694.0,seq_r2
1.5B,gsm8k,gsm8k-0064,test,seq,3,0.0,941.0,seq_r3
1.5B,gsm8k,gsm8k-0064,test,seq,4,0.0,1179.0,seq_r4
1.5B,gsm8k,gsm8k-0064,test,long,2,0.0,514.0,long_m2
1.5B,gsm8k,gsm8k-0064,test,long,4,0.0,514.0,long_m4
1.5B,gsm8k,gsm8k-0064,test,debate,6,0.0,2406.0,debate_a3r2
1.5B,gsm8k,gsm8k-0065,test,single,1,1.0,356.0,
1.5B,gsm8k,gsm8k-0065,test,vote,4,1.0,1254.0,vote_k4
1.5B,gsm8k,gsm8k-0065,test,oracle,4,1.0,1254.0,oracle_k4
1.5B,gsm8k,gsm8k-0065,test,judge,4,0.5,2218.0,judge_k4
1.5B,gsm8k,gsm8k-0065,test,vote,8,1.0,2353.0,vote_k8
1.5B,gsm8k,gsm8k-0065,test,oracle,8,1.0,2353.0,oracle_k8
1.5B,gsm8k,gsm8k-0065,test,judge,8,1.0,4052.0,judge_k8
1.5B,gsm8k,gsm8k-0065,test,seq,1,1.0,356.0,seq_r1
1.5B,gsm8k,gsm8k-0065,test,seq,2,0.0,874.0,seq_r2
1.5B,gsm8k,gsm8k-0065,test,seq,3,0.0,1341.0,seq_r3
1.5B,gsm8k,gsm8k-0065,test,seq,4,0.0,1689.0,seq_r4
1.5B,gsm8k,gsm8k-0065,test,long,2,1.0,326.0,long_m2
1.5B,gsm8k,gsm8k-0065,test,long,4,1.0,326.0,long_m4
1.5B,gsm8k,gsm8k-0065,test,debate,6,1.0,2325.0,debate_a3r2
1.5B,gsm8k,gsm8k-0066,test,single,1,0.0,338.0,
1.5B,gsm8k,gsm8k-0066,test,vote,4,0.0,1089.0,vote_k4
1.5B,gsm8k,gsm8k-0066,test,oracle,4,1.0,1089.0,oracle_k4
1.5B,gsm8k,gsm8k-0066,test,judge,4,0.0,1881.0,judge_k4
1.5B,gsm8k,gsm8k-0066,test,vote,8,0.0,1996.0,vote_k8
1.5B,gsm8k,gsm8k-0066,test,oracle,8,1.0,1996.0,oracle_k8
1.5B,gsm8k,gsm8k-0066,test,judge,8,0.0,3398.0,judge_k8
1.5B,gsm8k,gsm8k-0066,test,seq,1,0.0,338.0,seq_r1
1.5B,gsm8k,gsm8k-0066,test,seq,2,0.0,772.0,seq_r2
1.5B,gsm8k,gsm8k-0066,test,seq,3,0.0,1117.0,seq_r3
1.5B,gsm8k,gsm8k-0066,test,seq,4,0.0,1568.0,seq_r4
1.5B,gsm8k,gsm8k-0066,test,long,2,0.0,548.0,long_m2
1.5B,gsm8k,gsm8k-0066,test,long,4,0.0,548.0,long_m4
1.5B,gsm8k,gsm8k-0066,test,debate,6,0.0,2014.0,debate_a3r2
1.5B,gsm8k,gsm8k-0067,test,single,1,1.0,312.0,
1.5B,gsm8k,gsm8k-0067,test,vote,4,1.0,1178.5,vote_k4
1.5B,gsm8k,gsm8k-0067,test,oracle,4,1.0,1178.5,oracle_k4
1.5B,gsm8k,gsm8k-0067,test,judge,4,1.0,2054.5,judge_k4
1.5B,gsm8k,gsm8k-0067,test,vote,8,1.0,2246.0,vote_k8
1.5B,gsm8k,gsm8k-0067,test,oracle,8,1.0,2246.0,oracle_k8
1.5B,gsm8k,gsm8k-0067,test,judge,8,1.0,3830.0,judge_k8
1.5B,gsm8k,gsm8k-0067,test,seq,1,1.0,312.0,seq_r1
1.5B,gsm8k,gsm8k-0067,test,seq,2,1.0,784.0,seq_r2
1.5B,gsm8k,gsm8k-0067,test,seq,3,0.0,1263.0,seq_r3
1.5B,gsm8k,gsm8k-0067,test,seq,4,0.0,1877.0,seq_r4
1.5B,gsm8k,gsm8k-0067,test,long,2,1.0,393.0,long_m2
1.5B,gsm8k,gsm8k-0067,test,long,4,1.0,393.0,long_m4
1.5B,gsm8k,gsm8k-0067,test,debate,6,0.0,2102.0,debate_a3r2
1.5B,gsm8k,gsm8k-0068,test,single,1,1.0,352.0,
1.5B,gsm8k,gsm8k-0068,test,vote,4,1.0,1106.5,vote_k4
1.5B,gsm8k,gsm8k-0068,test,oracle,4,1.0,1106.5,oracle_k4
1.5B,gsm8k,gsm8k-0068,test,judge,4,1.0,1962.5,judge_k4
1.5B,gsm8k,gsm8k-0068,test,vote,8,1.0,2180.0,vote_k8
1.5B,gsm8k,gsm8k-0068,test,oracle,8,1.0,2180.0,oracle_k8
1.5B,gsm8k,gsm8k-0068,test,judge,8,1.0,3818.0,judge_k8
1.5B,gsm8k,gsm8k-0068,test,seq,1,1.0,352.0,seq_r1
1.5B,gsm8k,gsm8k-0068,test,seq,2,1.0,1009.0,seq_r2
1.5B,gsm8k,gsm8k-0068,test,seq,3,1.0,1692.0,seq_r3
1.5B,gsm8k,gsm8k-0068,test,seq,4,1.0,2421.0,seq_r4
1.5B,gsm8k,gsm8k-0068,test,long,2,1.0,434.0,long_m2
1.5B,gsm8k,gsm8k-0068,test,long,4,1.0,434.0,long_m4
1.5B,gsm8k,gsm8k-0068,test,debate,6,1.0,2011.0,debate_a3r2
1.5B,gsm8k,gsm8k-0069,test,single,1,1.0,405.0,
1.5B,gsm8k,gsm8k-0069,test,vote,4,1.0,1449.5,vote_k4
1.5B,gsm8k,gsm8k-0069,test,oracle,4,1.0,1449.5,oracle_k4
1.5B,gsm8k,gsm8k-0069,test,judge,4,1.0,2434.0,judge_k4
1.5B,gsm8k,gsm8k-0069,test,vote,8,1.0,2821.0,vote_k8
1.5B,gsm8k,gsm8k-0069,test,oracle,8,1.0,2821.0,oracle_k8
1.5B,gsm8k,gsm8k-0069,test,judge,8,1.0,4700.0,judge_k8
1.5B,gsm8k,gsm8k-0069,test,seq,1,1.0,405.0,seq_r1
1.5B,gsm8k,gsm8k-0069,test,seq,2,1.0,1061.0,seq_r2
1.5B,gsm8k,gsm8k-0069,test,seq,3,1.0,1643.0,seq_r3
1.5B,gsm8k,gsm8k-0069,test,seq,4,1.0,2222.0,seq_r4
1.5B,gsm8k,gsm8k-0069,test,long,2,1.0,469.0,long_m2
1.5B,gsm8k,gsm8k-0069,test,long,4,1.0,469.0,long_m4
1.5B,gsm8k,gsm8k-0069,test,debate,6,0.0,2473.0,debate_a3r2
1.5B,gsm8k,gsm8k-0070,test,single,1,1.0,252.0,
1.5B,gsm8k,gsm8k-0070,test,vote,4,1.0,1130.5,vote_k4
1.5B,gsm8k,gsm8k-0070,test,oracle,4,1.0,1130.5,oracle_k4
1.5B,gsm8k,gsm8k-0070,test,judge,4,1.0,2025.5,judge_k4
1.5B,gsm8k,gsm8k-0070,test,vote,8,1.0,2537.0,vote_k8
1.5B,gsm8k,gsm8k-0070,test,oracle,8,1.0,2537.0,oracle_k8
1.5B,gsm8k,gsm8k-0070,test,judge,8,1.0,4340.0,judge_k8
1.5B,gsm8k,gsm8k-0070,test,seq,1,1.0,252.0,seq_r1
1.5B,gsm8k,gsm8k-0070,test,seq,2,1.0,827.0,seq_r2
1.5B,gsm8k,gsm8k-0070,test,seq,3,1.0,1451.0,seq_r3
1.5B,gsm8k,gsm8k-0070,test,seq,4,1.0,2072.0,seq_r4
1.5B,gsm8k,gsm8k-0070,test,long,2,1.0,434.0,long_m2
1.5B,gsm8k,gsm8k-0070,test,long,4,1.0,434.0,long_m4
1.5B,gsm8k,gsm8k-0070,test,debate,6,1.0,2399.0,debate_a3r2
1.5B,gsm8k,gsm8k-0071,test,single,1,0.0,350.0,
1.5B,gsm8k,gsm8k-0071,test,vote,4,0.0,1231.0,vote_k4
1.5B,gsm8k,gsm8k-0071,test,oracle,4,0.5,1231.0,oracle_k4
1.5B,gsm8k,gsm8k-0071,test,judge,4,0.5,2075.5,judge_k4
1.5B,gsm8k,gsm8k-0071,test,vote,8,1.0,2703.0,vote_k8
1.5B,gsm8k,gsm8k-0071,test,oracle,8,1.0,2703.0,oracle_k8
1.5B,gsm8k,gsm8k-0071,test,judge,8,0.0,4368.0,judge_k8
1.5B,gsm8k,gsm8k-0071,test,seq,1,0.0,350.0,seq_r1
1.5B,gsm8k,gsm8k-0071,test,seq,2,0.0,913.0,seq_r2
1.5B,gsm8k,gsm8k-0071,test,seq,3,0.0,1405.0,seq_r3
1.5B,gsm8k,gsm8k-0071,test,seq,4,0.0,1901.0,seq_r4
1.5B,gsm8k,gsm8k-0071,test,long,2,1.0,474.0,long_m2
1.5B,gsm8k,gsm8k-0071,test,long,4,1.0,474.0,long_m4
1.5B,gsm8k,gsm8k-0071,test,debate,6,0.0,2073.0,debate_a3r2
1.5B,gsm8k,gsm8k-0072,test,single,1,1.0,288.0,
1.5B,gsm8k,gsm8k-0072,test,vote,4,1.0,1091.0,vote_k4
1.5B,gsm8k,gsm8k-0072,test,oracle,4,1.0,1091.0,oracle_k4
1.5B,gsm8k,gsm8k-0072,test,judge,4,1.0,1918.0,judge_k4
1.5B,gsm8k,gsm8k-0072,test,vote,8,1.0,2132.0,vote_k8
1.5B,gsm8k,gsm8k-0072,test,oracle,8,1.0,2132.0,oracle_k8
1.5B,gsm8k,gsm8k-0072,test,judge,8,1.0,3604.0,judge_k8
1.5B,gsm8k,gsm8k-0072,test,seq,1,1.0,288.0,seq_r1
1.5B,gsm8k,gsm8k-0072,test,seq,2,1.0,629.0,seq_r2
1.5B,gsm8k,gsm8k-0072,test,seq,3,1.0,806.0,seq_r3
1.5B,gsm8k,gsm8k-0072,test,seq,4,1.0,1172.0,seq_r4
1.5B,gsm8k,gsm8k-0072,test,long,2,1.0,469.0,long_m2
1.5B,gsm8k,gsm8k-0072,test,long,4,1.0,469.0,long_m4
1.5B,gsm8k,gsm8k-0072,test,debate,6,1.0,2088.0,debate_a3r2
1.5B,gsm8k,gsm8k-0073,test,single,1,1.0,185.0,
1.5B,gsm8k,gsm8k-0073,test,vote,4,1.0,927.0,vote_k4
1.5B,gsm8k,gsm8k-0073,test,oracle,4,1.0,927.0,oracle_k4
1.5B,gsm8k,gsm8k-0073,test,judge,4,1.0,1622.5,judge_k4
1.5B,gsm8k,gsm8k-0073,test,vote,8,1.0,1885.0,vote_k8
1.5B,gsm8k,gsm8k-0073,test,oracle,8,1.0,1885.0,oracle_k8
1.5B,gsm8k,gsm8k-0073,test,judge,8,1.0,3178.0,judge_k8
1.5B,gsm8k,gsm8k-0073,test,seq,1,1.0,185.0,seq_r1
1.5B,gsm8k,gsm8k-0073,test,seq,2,0.0,526.0,seq_r2
1.5B,gsm8k,gsm8k-0073,test,seq,3,1.0,926.0,seq_r3
1.5B,gsm8k,gsm8k-0073,test,seq,4,1.0,1352.0,seq_r4
1.5B,gsm8k,gsm8k-0073,test,long,2,1.0,416.0,long_m2
1.5B,gsm8k,gsm8k-0073,test,long,4,1.0,416.0,long_m4
1.5B,gsm8k,gsm8k-0073,test,debate,6,1.0,1951.0,debate_a3r2
1.5B,gsm8k,gsm8k-0074,test,single,1,0.0,365.0,
1.5B,gsm8k,gsm8k-0074,test,vote,4,0.5,1321.5,vote_k4
1.5B,gsm8k,gsm8k-0074,test,oracle,4,1.0,1321.5,oracle_k4
1.5B,gsm8k,gsm8k-0074,test,judge,4,1.0,2207.0,judge_k4
1.5B,gsm8k,gsm8k-0074,test,vote,8,1.0,2627.0,vote_k8
1.5B,gsm8k,gsm8k-0074,test,oracle,8,1.0,2627.0,oracle_k8
1.5B,gsm8k,gsm8k-0074,test,judge,8,1.0,4274.0,judge_k8
1.5B,gsm8k,gsm8k-0074,test,seq,1,0.0,365.0,seq_r1
1.5B,gsm8k,gsm8k-0074,test,seq,2,0.0,921.0,seq_r2
1.5B,gsm8k,gsm8k-0074,test,seq,3,0.0,1381.0,seq_r3
1.5B,gsm8k,gsm8k-0074,test,seq,4,1.0,1954.0,seq_r4
1.5B,gsm8k,gsm8k-0074,test,long,2,1.0,440.0,long_m2
1.5B,gsm8k,gsm8k-0074,test,long,4,1.0,440.0,long_m4
1.5B,gsm8k,gsm8k-0074,test,debate,6,0.0,2257.0,debate_a3r2
1.5B,gsm8k,gsm8k-0075,test,single,1,1.0,310.0,
1.5B,gsm8k,gsm8k-0075,test,vote,4,1.0,1022.5,vote_k4
1.5B,gsm8k,gsm8k-0075,test,oracle,4,1.0,1022.5,oracle_k4
1.5B,gsm8k,gsm8k-0075,test,judge,4,1.0,1818.5,judge_k4
1.5B,gsm8k,gsm8k-0075,test,vote,8,1.0,1815.0,vote_k8
1.5B,gsm8k,gsm8k-0075,test,oracle,8,1.0,1815.0,oracle_k8
1.5B,gsm8k,gsm8k-0075,test,judge,8,1.0,3125.0,judge_k8
1.5B,gsm8k,gsm8k-0075,test,seq,1,1.0,310.0,seq_r1
1.5B,gsm8k,gsm8k-0075,test,seq,2,1.0,834.0,seq_r2
1.5B,gsm8k,gsm8k-0075,test,seq,3,1.0,1300.0,seq_r3
1.5B,gsm8k,gsm8k-0075,test,seq,4,1.0,1760.0,seq_r4
1.5B,gsm8k,gsm8k-0075,test,long,2,1.0,579.0,long_m2
1.5B,gsm8k,gsm8k-0075,test,long,4,1.0,579.0,long_m4
1.5B,gsm8k,gsm8k-0075,test,debate,6,0.0,1744.0,debate_a3r2
1.5B,gsm8k,gsm8k-0076,test,single,1,1.0,309.0,
1.5B,gsm8k,gsm8k-0076,test,vote,4,1.0,1159.0,vote_k4
1.5B,gsm8k,gsm8k-0076,test,oracle,4,1.0,1159.0,oracle_k4
1.5B,gsm8k,gsm8k-0076,test,judge,4,1.0,2039.5,judge_k4
1.5B,gsm8k,gsm8k-0076,test,vote,8,1.0,2205.0,vote_k8
1.5B,gsm8k,gsm8k-0076,test,oracle,8,1.0,2205.0,oracle_k8
1.5B,gsm8k,gsm8k-0076,test,judge,8,0.0,3736.0,judge_k8
1.5B,gsm8k,gsm8k-0076,test,seq,1,1.0,309.0,seq_r1
1.5B,gsm8k,gsm8k-0076,test,seq,2,1.0,798.0,seq_r2
1.5B,gsm8k,gsm8k-0076,test,seq,3,1.0,1216.0,seq_r3
1.5B,gsm8k,gsm8k-0076,test,seq,4,1.0,1661.0,seq_r4
1.5B,gsm8k,gsm8k-0076,test,long,2,1.0,371.0,long_m2
1.5B,gsm8k,gsm8k-0076,test,long,4,1.0,371.0,long_m4
1.5B,gsm8k,gsm8k-0076,test,debate,6,1.0,1890.0,debate_a3r2
1.5B,gsm8k,gsm8k-0077,test,single,1,1.0,227.0,
1.5B,gsm8k,gsm8k-0077,test,vote,4,1.0,772.5,vote_k4
1.5B,gsm8k,gsm8k-0077,test,oracle,4,1.0,772.5,oracle_k4
1.5B,gsm8k,gsm8k-0077,test,judge,4,1.0,1343.0,judge_k4
1.5B,gsm8k,gsm8k-0077,test,vote,8,1.0,1607.0,vote_k8
1.5B,gsm8k,gsm8k-0077,test,oracle,8,1.0,1607.0,oracle_k8
1.5B,gsm8k,gsm8k-0077,test,judge,8,1.0,2700.0,judge_k8
1.5B,gsm8k,gsm8k-0077,test,seq,1,1.0,227.0,seq_r1
1.5B,gsm8k,gsm8k-0077,test,seq,2,1.0,633.0,seq_r2
1.5B,gsm8k,gsm8k-0077,test,seq,3,1.0,1067.0,seq_r3
1.5B,gsm8k,gsm8k-0077,test,seq,4,1.0,1411.0,seq_r4
1.5B,gsm8k,gsm8k-0077,test,long,2,1.0,321.0,long_m2
1.5B,gsm8k,gsm8k-0077,test,long,4,1.0,321.0,long_m4
1.5B,gsm8k,gsm8k-0077,test,debate,6,1.0,1869.0,debate_a3r2
1.5B,gsm8k,gsm8k-0078,test,single,1,0.0,489.0,
1.5B,gsm8k,gsm8k-0078,test,vote,4,1.0,1835.5,vote_k4
1.5B,gsm8k,gsm8k-0078,test,oracle,4,1.0,1835.5,oracle_k4
1.5B,gsm8k,gsm8k-0078,test,judge,4,0.5,2927.5,judge_k4
1.5B,gsm8k,gsm8k-0078,test,vote,8,1.0,3623.0,vote_k8
1.5B,gsm8k,gsm8k-0078,test,oracle,8,1.0,3623.0,oracle_k8
1.5B,gsm8k,gsm8k-0078,test,judge,8,1.0,5612.0,judge_k8
1.5B,gsm8k,gsm8k-0078,test,seq,1,0.0,489.0,seq_r1
1.5B,gsm8k,gsm8k-0078,test,seq,2,0.0,1286.0,seq_r2
1.5B,gsm8k,gsm8k-0078,test,seq,3,0.0,2083.0,seq_r3
1.5B,gsm8k,gsm8k-0078,test,seq,4,0.0,2922.0,seq_r4
1.5B,gsm8k,gsm8k-0078,test,long,2,1.0,571.0,long_m2
1.5B,gsm8k,gsm8k-0078,test,long,4,1.0,571.0,long_m4
1.5B,gsm8k,gsm8k-0078,test,debate,6,0.0,3263.0,debate_a3r2
1.5B,gsm8k,gsm8k-0079,test,single,1,1.0,351.0,
1.5B,gsm8k,gsm8k-0079,test,vote,4,1.0,1302.0,vote_k4
1.5B,gsm8k,gsm8k-0079,test,oracle,4,1.0,1302.0,oracle_k4
1.5B,gsm8k,gsm8k-0079,test,judge,4,1.0,2230.5,judge_k4
1.5B,gsm8k,gsm8k-0079,test,vote,8,1.0,2404.0,vote_k8
1.5B,gsm8k,gsm8k-0079,test,oracle,8,1.0,2404.0,oracle_k8
1.5B,gsm8k,gsm8k-0079,test,judge,8,0.0,4031.0,judge_k8
1.5B,gsm8k,gsm8k-0079,test,seq,1,1.0,351.0,seq_r1
1.5B,gsm8k,gsm8k-0079,test,seq,2,1.0,875.0,seq_r2
1.5B,gsm8k,gsm8k-0079,test,seq,3,1.0,1269.0,seq_r3
1.5B,gsm8k,gsm8k-0079,test,seq,4,1.0,1651.0,seq_r4
1.5B,gsm8k,gsm8k-0079,test,long,2,1.0,466.0,long_m2
1.5B,gsm8k,gsm8k-0079,test,long,4,1.0,466.0,long_m4
1.5B,gsm8k,gsm8k-0079,test,debate,6,1.0,2213.0,debate_a3r2
1.5B,gsm8k,gsm8k-0080,test,single,1,1.0,314.0,
1.5B,gsm8k,gsm8k-0080,test,vote,4,1.0,1193.0,vote_k4
1.5B,gsm8k,gsm8k-0080,test,oracle,4,1.0,1193.0,oracle_k4
1.5B,gsm8k,gsm8k-0080,test,judge,4,0.5,2082.5,judge_k4
1.5B,gsm8k,gsm8k-0080,test,vote,8,1.0,2385.0,vote_k8
1.5B,gsm8k,gsm8k-0080,test,oracle,8,1.0,2385.0,oracle_k8
1.5B,gsm8k,gsm8k-0080,test,judge,8,1.0,4020.0,judge_k8
1.5B,gsm8k,gsm8k-0080,test,seq,1,1.0,314.0,seq_r1
1.5B,gsm8k,gsm8k-0080,test,seq,2,1.0,785.0,seq_r2
1.5B,gsm8k,gsm8k-0080,test,seq,3,1.0,1192.0,seq_r3
1.5B,gsm8k,gsm8k-0080,test,seq,4,1.0,1522.0,seq_r4
1.5B,gsm8k,gsm8k-0080,test,long,2,1.0,415.0,long_m2
1.5B,gsm8k,gsm8k-0080,test,long,4,1.0,415.0,long_m4
1.5B,gsm8k,gsm8k-0080,test,debate,6,0.0,2264.0,debate_a3r2
1.5B,gsm8k,gsm8k-0081,test,single,1,0.0,473.0,
1.5B,gsm8k,gsm8k-0081,test,vote,4,0.0,1729.5,vote_k4
1.5B,gsm8k,gsm8k-0081,test,oracle,4,0.5,1729.5,oracle_k4
1.5B,gsm8k,gsm8k-0081,test,judge,4,0.5,2748.5,judge_k4
1.5B,gsm8k,gsm8k-0081,test,vote,8,0.0,3294.0,vote_k8
1.5B,gsm8k,gsm8k-0081,test,oracle,8,1.0,3294.0,oracle_k8
1.5B,gsm8k,gsm8k-0081,test,judge,8,0.0,5138.0,judge_k8
1.5B,gsm8k,gsm8k-0081,test,seq,1,0.0,473.0,seq_r1
1.5B,gsm8k,gsm8k-0081,test,seq,2,0.0,1296.0,seq_r2
1.5B,gsm8k,gsm8k-0081,test,seq,3,0.0,2120.0,seq_r3
1.5B,gsm8k,gsm8k-0081,test,seq,4,1.0,2689.0,seq_r4
1.5B,gsm8k,gsm8k-0081,test,long,2,0.0,485.0,long_m2
1.5B,gsm8k,gsm8k-0081,test,long,4,0.0,485.0,long_m4
1.5B,gsm8k,gsm8k-0081,test,debate,6,0.0,2808.0,debate_a3r2
1.5B,gsm8k,gsm8k-0082,test,single,1,0.0,437.0,
1.5B,gsm8k,gsm8k-0082,test,vote,4,0.0,1468.5,vote_k4
1.5B,gsm8k,gsm8k-0082,test,oracle,4,0.0,1468.5,oracle_k4
1.5B,gsm8k,gsm8k-0082,test,judge,4,0.0,2382.0,judge_k4
1.5B,gsm8k,gsm8k-0082,test,vote,8,0.0,2825.0,vote_k8
1.5B,gsm8k,gsm8k-0082,test,oracle,8,0.0,2825.0,oracle_k8
1.5B,gsm8k,gsm8k-0082,test,judge,8,0.0,4401.0,judge_k8
1.5B,gsm8k,gsm8k-0082,test,seq,1,0.0,437.0,seq_r1
1.5B,gsm8k,gsm8k-0082,test,seq,2,0.0,1210.0,seq_r2
1.5B,gsm8k,gsm8k-0082,test,seq,3,0.0,1993.0,seq_r3
1.5B,gsm8k,gsm8k-0082,test,seq,4,0.0,2764.0,seq_r4
1.5B,gsm8k,gsm8k-0082,test,long,2,0.0,343.0,long_m2
1.5B,gsm8k,gsm8k-0082,test,long,4,0.0,343.0,long_m4
1.5B,gsm8k,gsm8k-0082,test,debate,6,0.0,2150.0,debate_a3r2
1.5B,gsm8k,gsm8k-0083,test,single,1,1.0,229.0,
1.5B,gsm8k,gsm8k-0083,test,vote,4,1.0,1025.5,vote_k4
1.5B,gsm8k,gsm8k-0083,test,oracle,4,1.0,1025.5,oracle_k4
1.5B,gsm8k,gsm8k-0083,test,judge,4,0.5,1833.5,judge_k4
1.5B,gsm8k,gsm8k-0083,test,vote,8,1.0,2147.0,vote_k8
1.5B,gsm8k,gsm8k-0083,test,oracle,8,1.0,2147.0,oracle_k8
1.5B,gsm8k,gsm8k-0083,test,judge,8,1.0,3716.0,judge_k8
1.5B,gsm8k,gsm8k-0083,test,seq,1,1.0,229.0,seq_r1
1.5B,gsm8k,gsm8k-0083,test,seq,2,1.0,604.0,seq_r2
1.5B,gsm8k,gsm8k-0083,test,seq,3,1.0,983.0,seq_r3
1.5B,gsm8k,gsm8k-0083,test,seq,4,1.0,1273.0,seq_r4
1.5B,gsm8k,gsm8k-0083,test,long,2,1.0,351.0,long_m2
1.5B,gsm8k,gsm8k-0083,test,long,4,1.0,351.0,long_m4
1.5B,gsm8k,gsm8k-0083,test,debate,6,1.0,2005.0,debate_a3r2
1.5B,gsm8k,gsm8k-0084,test,single,1,1.0,128.0,
1.5B,gsm8k,gsm8k-0084,test,vote,4,1.0,787.5,vote_k4
1.5B,gsm8k,gsm8k-0084,test,oracle,4,1.0,787.5,oracle_k4
1.5B,gsm8k,gsm8k-0084,test,judge,4,1.0,1395.0,judge_k4
1.5B,gsm8k,gsm8k-0084,test,vote,8,1.0,1606.0,vote_k8
1.5B,gsm8k,gsm8k-0084,test,oracle,8,1.0,1606.0,oracle_k8
1.5B,gsm8k,gsm8k-0084,test,judge,8,1.0,2749.0,judge_k8
1.5B,gsm8k,gsm8k-0084,test,seq,1,1.0,128.0,seq_r1
1.5B,gsm8k,gsm8k-0084,test,seq,2,1.0,383.0,seq_r2
1.5B,gsm8k,gsm8k-0084,test,seq,3,1.0,681.0,seq_r3
1.5B,gsm8k,gsm8k-0084,test,seq,4,1.0,979.0,seq_r4
1.5B,gsm8k,gsm8k-0084,test,long,2,1.0,259.0,long_m2
1.5B,gsm8k,gsm8k-0084,test,long,4,1.0,259.0,long_m4
1.5B,gsm8k,gsm8k-0084,test,debate,6,1.0,1393.0,debate_a3r2
1.5B,gsm8k,gsm8k-0085,test,single,1,1.0,231.0,
1.5B,gsm8k,gsm8k-0085,test,vote,4,1.0,972.0,vote_k4
1.5B,gsm8k,gsm8k-0085,test,oracle,4,1.0,972.0,oracle_k4
1.5B,gsm8k,gsm8k-0085,test,judge,4,1.0,1718.0,judge_k4
1.5B,gsm8k,gsm8k-0085,test,vote,8,1.0,2012.0,vote_k8
1.5B,gsm8k,gsm8k-0085,test,oracle,8,1.0,2012.0,oracle_k8
1.5B,gsm8k,gsm8k-0085,test,judge,8,1.0,3454.0,judge_k8
1.5B,gsm8k,gsm8k-0085,test,seq,1,1.0,231.0,seq_r1
1.5B,gsm8k,gsm8k-0085,test,seq,2,1.0,549.0,seq_r2
1.5B,gsm8k,gsm8k-0085,test,seq,3,0.0,837.0,seq_r3
1.5B,gsm8k,gsm8k-0085,test,seq,4,0.0,1101.0,seq_r4
1.5B,gsm8k,gsm8k-0085,test,long,2,1.0,323.0,long_m2
1.5B,gsm8k,gsm8k-0085,test,long,4,1.0,323.0,long_m4
1.5B,gsm8k,gsm8k-0085,test,debate,6,1.0,1952.0,debate_a3r2
1.5B,gsm8k,gsm8k-0086,test,single,1,1.0,222.0,
1.5B,gsm8k,gsm8k-0086,test,vote,4,1.0,935.0,vote_k4
1.5B,gsm8k,gsm8k-0086,test,oracle,4,1.0,935.0,oracle_k4
1.5B,gsm8k,gsm8k-0086,test,judge,4,1.0,1647.0,judge_k4
1.5B,gsm8k,gsm8k-0086,test,vote,8,1.0,1808.0,vote_k8
1.5B,gsm8k,gsm8k-0086,test,oracle,8,1.0,1808.0,oracle_k8
1.5B,gsm8k,gsm8k-0086,test,judge,8,1.0,3055.0,judge_k8
1.5B,gsm8k,gsm8k-0086,test,seq,1,1.0,222.0,seq_r1
1.5B,gsm8k,gsm8k-0086,test,seq,2,1.0,584.0,seq_r2
1.5B,gsm8k,gsm8k-0086,test,seq,3,1.0,921.0,seq_r3
1.5B,gsm8k,gsm8k-0086,test,seq,4,1.0,1284.0,seq_r4
1.5B,gsm8k,gsm8k-0086,test,long,2,0.0,384.0,long_m2
1.5B,gsm8k,gsm8k-0086,test,long,4,0.0,384.0,long_m4
1.5B,gsm8k,gsm8k-0086,test,debate,6,1.0,1786.0,debate_a3r2
1.5B,gsm8k,gsm8k-0087,test,single,1,0.0,166.0,
1.5B,gsm8k,gsm8k-0087,test,vote,4,0.0,734.0,vote_k4
1.5B,gsm8k,gsm8k-0087,test,oracle,4,0.0,734.0,oracle_k4
1.5B,gsm8k,gsm8k-0087,test,judge,4,0.0,1246.5,judge_k4
1.5B,gsm8k,gsm8k-0087,test,vote,8,0.0,1497.0,vote_k8
1.5B,gsm8k,gsm8k-0087,test,oracle,8,1.0,1497.0,oracle_k8
1.5B,gsm8k,gsm8k-0087,test,judge,8,0.0,2435.0,judge_k8
1.5B,gsm8k,gsm8k-0087,test,seq,1,0.0,166.0,seq_r1
1.5B,gsm8k,gsm8k-0087,test,seq,2,0.0,457.0,seq_r2
1.5B,gsm8k,gsm8k-0087,test,seq,3,0.0,768.0,seq_r3
1.5B,gsm8k,gsm8k-0087,test,seq,4,0.0,1080.0,seq_r4
1.5B,gsm8k,gsm8k-0087,test,long,2,1.0,349.0,long_m2
1.5B,gsm8k,gsm8k-0087,test,long,4,1.0,349.0,long_m4
1.5B,gsm8k,gsm8k-0087,test,debate,6,0.0,1579.0,debate_a3r2
1.5B,gsm8k,gsm8k-0088,test,single,1,1.0,199.0,
1.5B,gsm8k,gsm8k-0088,test,vote,4,1.0,810.5,vote_k4
1.5B,gsm8k,gsm8k-0088,test,oracle,4,1.0,810.5,oracle_k4
1.5B,gsm8k,gsm8k-0088,test,judge,4,1.0,1473.0,judge_k4
1.5B,gsm8k,gsm8k-0088,test,vote,8,1.0,1701.0,vote_k8
1.5B,gsm8k,gsm8k-0088,test,oracle,8,1.0,1701.0,oracle_k8
1.5B,gsm8k,gsm8k-0088,test,judge,8,1.0,3013.0,judge_k8
1.5B,gsm8k,gsm8k-0088,test,seq,1,1.0,199.0,seq_r1
1.5B,gsm8k,gsm8k-0088,test,seq,2,1.0,487.0,seq_r2
1.5B,gsm8k,gsm8k-0088,test,seq,3,1.0,699.0,seq_r3
1.5B,gsm8k,gsm8k-0088,test,seq,4,1.0,912.0,seq_r4
1.5B,gsm8k,gsm8k-0088,test,long,2,0.0,314.0,long_m2
1.5B,gsm8k,gsm8k-0088,test,long,4,0.0,314.0,long_m4
1.5B,gsm8k,gsm8k-0088,test,debate,6,1.0,1661.0,debate_a3r2
1.5B,gsm8k,gsm8k-0089,test,single,1,1.0,351.0,
1.5B,gsm8k,gsm8k-0089,test,vote,4,1.0,1124.0,vote_k4
1.5B,gsm8k,gsm8k-0089,test,oracle,4,1.0,1124.0,oracle_k4
1.5B,gsm8k,gsm8k-0089,test,judge,4,1.0,1965.5,judge_k4
1.5B,gsm8k,gsm8k-0089,test,vote,8,1.0,2151.0,vote_k8
1.5B,gsm8k,gsm8k-0089,test,oracle,8,1.0,2151.0,oracle_k8
1.5B,gsm8k,gsm8k-0089,test,judge,8,1.0,3680.0,judge_k8
1.5B,gsm8k,gsm8k-0089,test,seq,1,1.0,351.0,seq_r1
1.5B,gsm8k,gsm8k-0089,test,seq,2,1.0,905.0,seq_r2
1.5B,gsm8k,gsm8k-0089,test,seq,3,1.0,1204.0,seq_r3
1.5B,gsm8k,gsm8k-0089,test,seq,4,1.0,1508.0,seq_r4
1.5B,gsm8k,gsm8k-0089,test,long,2,1.0,310.0,long_m2
1.5B,gsm8k,gsm8k-0089,test,long,4,1.0,310.0,long_m4
1.5B,gsm8k,gsm8k-0089,test,debate,6,1.0,1788.0,debate_a3r2
1.5B,logic,logic-0000,calib,single,1,0.0,59.0,
1.5B,logic,logic-0000,calib,vote,4,0.0,246.5,vote_k4
1.5B,logic,logic-0000,calib,oracle,4,0.0,246.5,oracle_k4
1.5B,logic,logic-0000,calib,judge,4,0.0,367.0,judge_k4
1.5B,logic,logic-0000,calib,vote,8,0.0,496.0,vote_k8
1.5B,logic,logic-0000,calib,oracle,8,0.0,496.0,oracle_k8
1.5B,logic,logic-0000,calib,judge,8,0.0,654.0,judge_k8
1.5B,logic,logic-0000,calib,seq,1,0.0,59.0,seq_r1
1.5B,logic,logic-0000,calib,seq,2,0.0,291.0,seq_r2
1.5B,logic,logic-0000,calib,seq,3,0.0,659.0,seq_r3
1.5B,logic,logic-0000,calib,seq,4,0.0,1023.0,seq_r4
1.5B,logic,logic-0000,calib,long,2,0.0,211.0,long_m2
1.5B,logic,logic-0000,calib,long,4,0.0,211.0,long_m4
1.5B,logic,logic-0000,calib,debate,6,0.0,489.0,debate_a3r2
1.5B,logic,logic-0001,calib,single,1,1.0,59.0,
1.5B,logic,logic-0001,calib,vote,4,1.0,239.5,vote_k4
1.5B,logic,logic-0001,calib,oracle,4,1.0,239.5,oracle_k4
1.5B,logic,logic-0001,calib,judge,4,1.0,355.5,judge_k4
1.5B,logic,logic-0001,calib,vote,8,1.0,482.0,vote_k8
1.5B,logic,logic-0001,calib,oracle,8,1.0,482.0,oracle_k8
1.5B,logic,logic-0001,calib,judge,8,1.0,634.0,judge_k8
1.5B,logic,logic-0001,calib,seq,1,1.0,59.0,seq_r1
1.5B,logic,logic-0001,calib,seq,2,1.0,238.0,seq_r2
1.5B,logic,logic-0001,calib,seq,3,1.0,506.0,seq_r3
1.5B,logic,logic-0001,calib,seq,4,1.0,776.0,seq_r4
1.5B,logic,logic-0001,calib,long,2,1.0,240.0,long_m2
1.5B,logic,logic-0001,calib,long,4,1.0,240.0,long_m4
1.5B,logic,logic-0001,calib,debate,6,1.0,467.0,debate_a3r2
1.5B,logic,logic-0002,calib,single,1,0.0,57.0,
1.5B,logic,logic-0002,calib,vote,4,0.0,231.0,vote_k4
1.5B,logic,logic-0002,calib,oracle,4,0.0,231.0,oracle_k4
1.5B,logic,logic-0002,calib,judge,4,0.0,339.5,judge_k4
1.5B,logic,logic-0002,calib,vote,8,0.0,469.0,vote_k8
1.5B,logic,logic-0002,calib,oracle,8,0.0,469.0,oracle_k8
1.5B,logic,logic-0002,calib,judge,8,0.0,609.0,judge_k8
1.5B,logic,logic-0002,calib,seq,1,0.0,57.0,seq_r1
1.5B,logic,logic-0002,calib,seq,2,0.0,230.0,seq_r2
1.5B,logic,logic-0002,calib,seq,3,0.0,465.0,seq_r3
1.5B,logic,logic-0002,calib,seq,4,0.0,724.0,seq_r4
1.5B,logic,logic-0002,calib,long,2,1.0,239.0,long_m2
1.5B,logic,logic-0002,calib,long,4,1.0,239.0,long_m4
1.5B,logic,logic-0002,calib,debate,6,0.0,465.0,debate_a3r2
1.5B,logic,logic-0003,calib,single,1,1.0,61.0,
1.5B,logic,logic-0003,calib,vote,4,0.5,248.5,vote_k4
1.5B,logic,logic-0003,calib,oracle,4,1.0,248.5,oracle_k4
1.5B,logic,logic-0003,calib,judge,4,0.5,369.5,judge_k4
1.5B,logic,logic-0003,calib,vote,8,1.0,499.0,vote_k8
1.5B,logic,logic-0003,calib,oracle,8,1.0,499.0,oracle_k8
1.5B,logic,logic-0003,calib,judge,8,1.0,659.0,judge_k8
1.5B,logic,logic-0003,calib,seq,1,1.0,61.0,seq_r1
1.5B,logic,logic-0003,calib,seq,2,1.0,182.0,seq_r2
1.5B,logic,logic-0003,calib,seq,3,1.0,329.0,seq_r3
1.5B,logic,logic-0003,calib,seq,4,1.0,476.0,seq_r4
1.5B,logic,logic-0003,calib,long,2,1.0,264.0,long_m2
1.5B,logic,logic-0003,calib,long,4,1.0,264.0,long_m4
1.5B,logic,logic-0003,calib,debate,6,0.0,497.0,debate_a3r2
1.5B,logic,logic-0004,calib,single,1,1.0,72.0,
1.5B,logic,logic-0004,calib,vote,4,1.0,315.0,vote_k4
1.5B,logic,logic-0004,calib,oracle,4,1.0,315.0,oracle_k4
1.5B,logic,logic-0004,calib,judge,4,1.0,478.5,judge_k4
1.5B,logic,logic-0004,calib,vote,8,1.0,626.0,vote_k8
1.5B,logic,logic-0004,calib,oracle,8,1.0,626.0,oracle_k8
1.5B,logic,logic-0004,calib,judge,8,1.0,857.0,judge_k8
1.5B,logic,logic-0004,calib,seq,1,1.0,72.0,seq_r1
1.5B,logic,logic-0004,calib,seq,2,0.0,197.0,seq_r2
1.5B,logic,logic-0004,calib,seq,3,0.0,339.0,seq_r3
1.5B,logic,logic-0004,calib,seq,4,0.0,481.0,seq_r4
1.5B,logic,logic-0004,calib,long,2,0.0,300.0,long_m2
1.5B,logic,logic-0004,calib,long,4,0.0,300.0,long_m4
1.5B,logic,logic-0004,calib,debate,6,1.0,538.0,debate_a3r2
1.5B,logic,logic-0005,calib,single,1,0.0,69.0,
1.5B,logic,logic-0005,calib,vote,4,0.0,395.0,vote_k4
1.5B,logic,logic-0005,calib,oracle,4,0.5,395.0,oracle_k4
1.5B,logic,logic-0005,calib,judge,4,0.0,646.0,judge_k4
1.5B,logic,logic-0005,calib,vote,8,0.0,790.0,vote_k8
1.5B,logic,logic-0005,calib,oracle,8,1.0,790.0,oracle_k8
1.5B,logic,logic-0005,calib,judge,8,0.0,1202.0,judge_k8
1.5B,logic,logic-0005,calib,seq,1,0.0,69.0,seq_r1
1.5B,logic,logic-0005,calib,seq,2,1.0,229.0,seq_r2
1.5B,logic,logic-0005,calib,seq,3,1.0,406.0,seq_r3
1.5B,logic,logic-0005,calib,seq,4,1.0,545.0,seq_r4
1.5B,logic,logic-0005,calib,long,2,0.0,314.0,long_m2
1.5B,logic,logic-0005,calib,long,4,0.0,314.0,long_m4
1.5B,logic,logic-0005,calib,debate,6,1.0,525.0,debate_a3r2
1.5B,logic,logic-0006,calib,single,1,0.0,68.0,
1.5B,logic,logic-0006,calib,vote,4,0.0,366.5,vote_k4
1.5B,logic,logic-0006,calib,oracle,4,0.0,366.5,oracle_k4
1.5B,logic,logic-0006,calib,judge,4,0.0,577.5,judge_k4
1.5B,logic,logic-0006,calib,vote,8,0.0,857.0,vote_k8
1.5B,logic,logic-0006,calib,oracle,8,0.0,857.0,oracle_k8
1.5B,logic,logic-0006,calib,judge,8,0.0,1311.0,judge_k8
1.5B,logic,logic-0006,calib,seq,1,0.0,68.0,seq_r1
1.5B,logic,logic-0006,calib,seq,2,1.0,317.0,seq_r2
1.5B,logic,logic-0006,calib,seq,3,1.0,717.0,seq_r3
1.5B,logic,logic-0006,calib,seq,4,1.0,1117.0,seq_r4
1.5B,logic,logic-0006,calib,long,2,1.0,376.0,long_m2
1.5B,logic,logic-0006,calib,long,4,1.0,376.0,long_m4
1.5B,logic,logic-0006,calib,debate,6,0.0,525.0,debate_a3r2
1.5B,logic,logic-0007,calib,single,1,0.0,66.0,
1.5B,logic,logic-0007,calib,vote,4,0.5,256.5,vote_k4
1.5B,logic,logic-0007,calib,oracle,4,1.0,256.5,oracle_k4
1.5B,logic,logic-0007,calib,judge,4,0.5,387.0,judge_k4
1.5B,logic,logic-0007,calib,vote,8,0.0,505.0,vote_k8
1.5B,logic,logic-0007,calib,oracle,8,1.0,505.0,oracle_k8
1.5B,logic,logic-0007,calib,judge,8,0.0,673.0,judge_k8
1.5B,logic,logic-0007,calib,seq,1,0.0,66.0,seq_r1
1.5B,logic,logic-0007,calib,seq,2,0.0,278.0,seq_r2
1.5B,logic,logic-0007,calib,seq,3,0.0,597.0,seq_r3
1.5B,logic,logic-0007,calib,seq,4,0.0,896.0,seq_r4
1.5B,logic,logic-0007,calib,long,2,1.0,228.0,long_m2
1.5B,logic,logic-0007,calib,long,4,1.0,228.0,long_m4
1.5B,logic,logic-0007,calib,debate,6,1.0,546.0,debate_a3r2
1.5B,logic,logic-0008,calib,single,1,1.0,66.0,
1.5B,logic,logic-0008,calib,vote,4,1.0,447.0,vote_k4
1.5B,logic,logic-0008,calib,oracle,4,1.0,447.0,oracle_k4
1.5B,logic,logic-0008,calib,judge,4,1.0,752.0,judge_k4
1.5B,logic,logic-0008,calib,vote,8,1.0,838.0,vote_k8
1.5B,logic,logic-0008,calib,oracle,8,1.0,838.0,oracle_k8
1.5B,logic,logic-0008,calib,judge,8,1.0,1302.0,judge_k8
1.5B,logic,logic-0008,calib,seq,1,1.0,66.0,seq_r1
1.5B,logic,logic-0008,calib,seq,2,1.0,271.0,seq_r2
1.5B,logic,logic-0008,calib,seq,3,1.0,581.0,seq_r3
1.5B,logic,logic-0008,calib,seq,4,1.0,888.0,seq_r4
1.5B,logic,logic-0008,calib,long,2,1.0,227.0,long_m2
1.5B,logic,logic-0008,calib,long,4,1.0,227.0,long_m4
1.5B,logic,logic-0008,calib,debate,6,1.0,1011.0,debate_a3r2
1.5B,logic,logic-0009,calib,single,1,1.0,70.0,
1.5B,logic,logic-0009,calib,vote,4,0.5,420.0,vote_k4
1.5B,logic,logic-0009,calib,oracle,4,1.0,420.0,oracle_k4
1.5B,logic,logic-0009,calib,judge,4,0.5,692.0,judge_k4
1.5B,logic,logic-0009,calib,vote,8,1.0,832.0,vote_k8
1.5B,logic,logic-0009,calib,oracle,8,1.0,832.0,oracle_k8
1.5B,logic,logic-0009,calib,judge,8,1.0,1277.0,judge_k8
1.5B,logic,logic-0009,calib,seq,1,1.0,70.0,seq_r1
1.5B,logic,logic-0009,calib,seq,2,1.0,287.0,seq_r2
1.5B,logic,logic-0009,calib,seq,3,1.0,522.0,seq_r3
1.5B,logic,logic-0009,calib,seq,4,1.0,664.0,seq_r4
1.5B,logic,logic-0009,calib,long,2,1.0,257.0,long_m2
1.5B,logic,logic-0009,calib,long,4,1.0,257.0,long_m4
1.5B,logic,logic-0009,calib,debate,6,0.0,554.0,debate_a3r2
1.5B,logic,logic-0010,calib,single,1,0.0,58.0,
1.5B,logic,logic-0010,calib,vote,4,1.0,252.5,vote_k4
1.5B,logic,logic-0010,calib,oracle,4,1.0,252.5,oracle_k4
1.5B,logic,logic-0010,calib,judge,4,1.0,381.5,judge_k4
1.5B,logic,logic-0010,calib,vote,8,0.0,522.0,vote_k8
1.5B,logic,logic-0010,calib,oracle,8,1.0,522.0,oracle_k8
1.5B,logic,logic-0010,calib,judge,8,0.0,716.0,judge_k8
1.5B,logic,logic-0010,calib,seq,1,0.0,58.0,seq_r1
1.5B,logic,logic-0010,calib,seq,2,0.0,232.0,seq_r2
1.5B,logic,logic-0010,calib,seq,3,0.0,492.0,seq_r3
1.5B,logic,logic-0010,calib,seq,4,0.0,756.0,seq_r4
1.5B,logic,logic-0010,calib,long,2,1.0,235.0,long_m2
1.5B,logic,logic-0010,calib,long,4,1.0,235.0,long_m4
1.5B,logic,logic-0010,calib,debate,6,0.0,534.0,debate_a3r2
1.5B,logic,logic-0011,calib,single,1,1.0,194.0,
1.5B,logic,logic-0011,calib,vote,4,1.0,769.0,vote_k4
1.5B,logic,logic-0011,calib,oracle,4,1.0,769.0,oracle_k4
1.5B,logic,logic-0011,calib,judge,4,0.5,1365.5,judge_k4
1.5B,logic,logic-0011,calib,vote,8,1.0,1491.0,vote_k8
1.5B,logic,logic-0011,calib,oracle,8,1.0,1491.0,oracle_k8
1.5B,logic,logic-0011,calib,judge,8,1.0,2539.0,judge_k8
1.5B,logic,logic-0011,calib,seq,1,1.0,194.0,seq_r1
1.5B,logic,logic-0011,calib,seq,2,1.0,493.0,seq_r2
1.5B,logic,logic-0011,calib,seq,3,1.0,829.0,seq_r3
1.5B,logic,logic-0011,calib,seq,4,1.0,1251.0,seq_r4
1.5B,logic,logic-0011,calib,long,2,1.0,340.0,long_m2
1.5B,logic,logic-0011,calib,long,4,1.0,340.0,long_m4
1.5B,logic,logic-0011,calib,debate,6,1.0,1754.0,debate_a3r2
1.5B,logic,logic-0012,calib,single,1,1.0,62.0,
1.5B,logic,logic-0012,calib,vote,4,1.0,296.0,vote_k4
1.5B,logic,logic-0012,calib,oracle,4,1.0,296.0,oracle_k4
1.5B,logic,logic-0012,calib,judge,4,1.0,464.5,judge_k4
1.5B,logic,logic-0012,calib,vote,8,1.0,689.0,vote_k8
1.5B,logic,logic-0012,calib,oracle,8,1.0,689.0,oracle_k8
1.5B,logic,logic-0012,calib,judge,8,1.0,1039.0,judge_k8
1.5B,logic,logic-0012,calib,seq,1,1.0,62.0,seq_r1
1.5B,logic,logic-0012,calib,seq,2,1.0,262.0,seq_r2
1.5B,logic,logic-0012,calib,seq,3,1.0,552.0,seq_r3
1.5B,logic,logic-0012,calib,seq,4,1.0,819.0,seq_r4
1.5B,logic,logic-0012,calib,long,2,1.0,226.0,long_m2
1.5B,logic,logic-0012,calib,long,4,1.0,226.0,long_m4
1.5B,logic,logic-0012,calib,debate,6,1.0,780.0,debate_a3r2
1.5B,logic,logic-0013,calib,single,1,1.0,71.0,
1.5B,logic,logic-0013,calib,vote,4,1.0,292.5,vote_k4
1.5B,logic,logic-0013,calib,oracle,4,1.0,292.5,oracle_k4
1.5B,logic,logic-0013,calib,judge,4,1.0,434.0,judge_k4
1.5B,logic,logic-0013,calib,vote,8,1.0,582.0,vote_k8
1.5B,logic,logic-0013,calib,oracle,8,1.0,582.0,oracle_k8
1.5B,logic,logic-0013,calib,judge,8,1.0,769.0,judge_k8
1.5B,logic,logic-0013,calib,seq,1,1.0,71.0,seq_r1
1.5B,logic,logic-0013,calib,seq,2,1.0,282.0,seq_r2
1.5B,logic,logic-0013,calib,seq,3,1.0,637.0,seq_r3
1.5B,logic,logic-0013,calib,seq,4,1.0,972.0,seq_r4
1.5B,logic,logic-0013,calib,long,2,0.0,350.0,long_m2
1.5B,logic,logic-0013,calib,long,4,0.0,350.0,long_m4
1.5B,logic,logic-0013,calib,debate,6,1.0,536.0,debate_a3r2
1.5B,logic,logic-0014,calib,single,1,0.0,65.0,
1.5B,logic,logic-0014,calib,vote,4,0.0,261.5,vote_k4
1.5B,logic,logic-0014,calib,oracle,4,0.0,261.5,oracle_k4
1.5B,logic,logic-0014,calib,judge,4,0.0,389.0,judge_k4
1.5B,logic,logic-0014,calib,vote,8,0.0,522.0,vote_k8
1.5B,logic,logic-0014,calib,oracle,8,0.0,522.0,oracle_k8
1.5B,logic,logic-0014,calib,judge,8,0.0,690.0,judge_k8
1.5B,logic,logic-0014,calib,seq,1,0.0,65.0,seq_r1
1.5B,logic,logic-0014,calib,seq,2,0.0,187.0,seq_r2
1.5B,logic,logic-0014,calib,seq,3,0.0,316.0,seq_r3
1.5B,logic,logic-0014,calib,seq,4,0.0,441.0,seq_r4
1.5B,logic,logic-0014,calib,long,2,0.0,194.0,long_m2
1.5B,logic,logic-0014,calib,long,4,0.0,194.0,long_m4
1.5B,logic,logic-0014,calib,debate,6,0.0,515.0,debate_a3r2
1.5B,logic,logic-0015,calib,single,1,0.0,67.0,
1.5B,logic,logic-0015,calib,vote,4,0.0,309.5,vote_k4
1.5B,logic,logic-0015,calib,oracle,4,0.5,309.5,oracle_k4
1.5B,logic,logic-0015,calib,judge,4,0.0,473.0,judge_k4
1.5B,logic,logic-0015,calib,vote,8,0.0,622.0,vote_k8
1.5B,logic,logic-0015,calib,oracle,8,1.0,622.0,oracle_k8
1.5B,logic,logic-0015,calib,judge,8,0.0,857.0,judge_k8
1.5B,logic,logic-0015,calib,seq,1,0.0,67.0,seq_r1
1.5B,logic,logic-0015,calib,seq,2,0.0,272.0,seq_r2
1.5B,logic,logic-0015,calib,seq,3,0.0,582.0,seq_r3
1.5B,logic,logic-0015,calib,seq,4,0.0,892.0,seq_r4
1.5B,logic,logic-0015,calib,long,2,1.0,214.0,long_m2
1.5B,logic,logic-0015,calib,long,4,1.0,214.0,long_m4
1.5B,logic,logic-0015,calib,debate,6,0.0,514.0,debate_a3r2
1.5B,logic,logic-0016,calib,single,1,0.0,60.0,
1.5B,logic,logic-0016,calib,vote,4,0.5,376.5,vote_k4
1.5B,logic,logic-0016,calib,oracle,4,1.0,376.5,oracle_k4
1.5B,logic,logic-0016,calib,judge,4,0.5,630.5,judge_k4
1.5B,logic,logic-0016,calib,vote,8,0.0,664.0,vote_k8
1.5B,logic,logic-0016,calib,oracle,8,1.0,664.0,oracle_k8
1.5B,logic,logic-0016,calib,judge,8,0.0,998.0,judge_k8
1.5B,logic,logic-0016,calib,seq,1,0.0,60.0,seq_r1
1.5B,logic,logic-0016,calib,seq,2,1.0,263.0,seq_r2
1.5B,logic,logic-0016,calib,seq,3,1.0,575.0,seq_r3
1.5B,logic,logic-0016,calib,seq,4,1.0,891.0,seq_r4
1.5B,logic,logic-0016,calib,long,2,1.0,219.0,long_m2
1.5B,logic,logic-0016,calib,long,4,1.0,219.0,long_m4
1.5B,logic,logic-0016,calib,debate,6,1.0,746.0,debate_a3r2
1.5B,logic,logic-0017,calib,single,1,1.0,113.0,
1.5B,logic,logic-0017,calib,vote,4,1.0,384.0,vote_k4
1.5B,logic,logic-0017,calib,oracle,4,1.0,384.0,oracle_k4
1.5B,logic,logic-0017,calib,judge,4,1.0,605.0,judge_k4
1.5B,logic,logic-0017,calib,vote,8,1.0,730.0,vote_k8
1.5B,logic,logic-0017,calib,oracle,8,1.0,730.0,oracle_k8
1.5B,logic,logic-0017,calib,judge,8,1.0,1038.0,judge_k8
1.5B,logic,logic-0017,calib,seq,1,1.0,113.0,seq_r1
1.5B,logic,logic-0017,calib,seq,2,0.0,285.0,seq_r2
1.5B,logic,logic-0017,calib,seq,3,0.0,644.0,seq_r3
1.5B,logic,logic-0017,calib,seq,4,0.0,1205.0,seq_r4
1.5B,logic,logic-0017,calib,long,2,1.0,252.0,long_m2
1.5B,logic,logic-0017,calib,long,4,1.0,252.0,long_m4
1.5B,logic,logic-0017,calib,debate,6,1.0,692.0,debate_a3r2
1.5B,logic,logic-0018,calib,single,1,0.0,71.0,
1.5B,logic,logic-0018,calib,vote,4,0.5,279.5,vote_k4
1.5B,logic,logic-0018,calib,oracle,4,1.0,279.5,oracle_k4
1.5B,logic,logic-0018,calib,judge,4,1.0,411.5,judge_k4
1.5B,logic,logic-0018,calib,vote,8,0.0,552.0,vote_k8
1.5B,logic,logic-0018,calib,oracle,8,1.0,552.0,oracle_k8
1.5B,logic,logic-0018,calib,judge,8,0.0,717.0,judge_k8
1.5B,logic,logic-0018,calib,seq,1,0.0,71.0,seq_r1
1.5B,logic,logic-0018,calib,seq,2,0.0,286.0,seq_r2
1.5B,logic,logic-0018,calib,seq,3,0.0,605.0,seq_r3
1.5B,logic,logic-0018,calib,seq,4,0.0,921.0,seq_r4
1.5B,logic,logic-0018,calib,long,2,1.0,490.0,long_m2
1.5B,logic,logic-0018,calib,long,4,1.0,490.0,long_m4
1.5B,logic,logic-0018,calib,debate,6,1.0,526.0,debate_a3r2
1.5B,logic,logic-0019,calib,single,1,1.0,64.0,
1.5B,logic,logic-0019,calib,vote,4,1.0,348.0,vote_k4
1.5B,logic,logic-0019,calib,oracle,4,1.0,348.0,oracle_k4
1.5B,logic,logic-0019,calib,judge,4,1.0,555.0,judge_k4
1.5B,logic,logic-0019,calib,vote,8,1.0,699.0,vote_k8
1.5B,logic,logic-0019,calib,oracle,8,1.0,699.0,oracle_k8
1.5B,logic,logic-0019,calib,judge,8,1.0,1026.0,judge_k8
1.5B,logic,logic-0019,calib,seq,1,1.0,64.0,seq_r1
1.5B,logic,logic-0019,calib,seq,2,1.0,274.0,seq_r2
1.5B,logic,logic-0019,calib,seq,3,1.0,596.0,seq_r3
1.5B,logic,logic-0019,calib,seq,4,1.0,918.0,seq_r4
1.5B,logic,logic-0019,calib,long,2,1.0,211.0,long_m2
1.5B,logic,logic-0019,calib,long,4,1.0,211.0,long_m4
1.5B,logic,logic-0019,calib,debate,6,1.0,521.0,debate_a3r2
1.5B,logic,logic-0020,calib,single,1,0.0,71.0,
1.5B,logic,logic-0020,calib,vote,4,0.0,282.0,vote_k4
1.5B,logic,logic-0020,calib,oracle,4,0.0,282.0,oracle_k4
1.5B,logic,logic-0020,calib,judge,4,0.0,411.5,judge_k4
1.5B,logic,logic-0020,calib,vote,8,0.0,566.0,vote_k8
1.5B,logic,logic-0020,calib,oracle,8,1.0,566.0,oracle_k8
1.5B,logic,logic-0020,calib,judge,8,0.0,734.0,judge_k8
1.5B,logic,logic-0020,calib,seq,1,0.0,71.0,seq_r1
1.5B,logic,logic-0020,calib,seq,2,0.0,375.0,seq_r2
1.5B,logic,logic-0020,calib,seq,3,0.0,798.0,seq_r3
1.5B,logic,logic-0020,calib,seq,4,0.0,1136.0,seq_r4
1.5B,logic,logic-0020,calib,long,2,0.0,288.0,long_m2
1.5B,logic,logic-0020,calib,long,4,0.0,288.0,long_m4
1.5B,logic,logic-0020,calib,debate,6,0.0,551.0,debate_a3r2
1.5B,logic,logic-0021,calib,single,1,0.0,70.0,
1.5B,logic,logic-0021,calib,vote,4,0.0,273.5,vote_k4
1.5B,logic,logic-0021,calib,oracle,4,1.0,273.5,oracle_k4
1.5B,logic,logic-0021,calib,judge,4,0.0,399.5,judge_k4
1.5B,logic,logic-0021,calib,vote,8,0.0,548.0,vote_k8
1.5B,logic,logic-0021,calib,oracle,8,1.0,548.0,oracle_k8
1.5B,logic,logic-0021,calib,judge,8,0.0,709.0,judge_k8
1.5B,logic,logic-0021,calib,seq,1,0.0,70.0,seq_r1
1.5B,logic,logic-0021,calib,seq,2,0.0,269.0,seq_r2
1.5B,logic,logic-0021,calib,seq,3,0.0,584.0,seq_r3
1.5B,logic,logic-0021,calib,seq,4,0.0,917.0,seq_r4
1.5B,logic,logic-0021,calib,long,2,1.0,330.0,long_m2
1.5B,logic,logic-0021,calib,long,4,1.0,330.0,long_m4
1.5B,logic,logic-0021,calib,debate,6,0.0,532.0,debate_a3r2
1.5B,logic,logic-0022,calib,single,1,0.0,63.0,
1.5B,logic,logic-0022,calib,vote,4,0.0,252.0,vote_k4
1.5B,logic,logic-0022,calib,oracle,4,0.0,252.0,oracle_k4
1.5B,logic,logic-0022,calib,judge,4,0.0,376.0,judge_k4
1.5B,logic,logic-0022,calib,vote,8,0.0,502.0,vote_k8
1.5B,logic,logic-0022,calib,oracle,8,0.0,502.0,oracle_k8
1.5B,logic,logic-0022,calib,judge,8,0.0,664.0,judge_k8
1.5B,logic,logic-0022,calib,seq,1,0.0,63.0,seq_r1
1.5B,logic,logic-0022,calib,seq,2,0.0,252.0,seq_r2
1.5B,logic,logic-0022,calib,seq,3,0.0,531.0,seq_r3
1.5B,logic,logic-0022,calib,seq,4,0.0,827.0,seq_r4
1.5B,logic,logic-0022,calib,long,2,0.0,306.0,long_m2
1.5B,logic,logic-0022,calib,long,4,0.0,306.0,long_m4
1.5B,logic,logic-0022,calib,debate,6,0.0,490.0,debate_a3r2
1.5B,logic,logic-0023,calib,single,1,0.0,75.0,
1.5B,logic,logic-0023,calib,vote,4,0.0,443.0,vote_k4
1.5B,logic,logic-0023,calib,oracle,4,0.0,443.0,oracle_k4
1.5B,logic,logic-0023,calib,judge,4,0.0,716.5,judge_k4
1.5B,logic,logic-0023,calib,vote,8,0.0,889.0,vote_k8
1.5B,logic,logic-0023,calib,oracle,8,0.0,889.0,oracle_k8
1.5B,logic,logic-0023,calib,judge,8,0.0,1336.0,judge_k8
1.5B,logic,logic-0023,calib,seq,1,0.0,75.0,seq_r1
1.5B,logic,logic-0023,calib,seq,2,0.0,410.0,seq_r2
1.5B,logic,logic-0023,calib,seq,3,0.0,892.0,seq_r3
1.5B,logic,logic-0023,calib,seq,4,0.0,1295.0,seq_r4
1.5B,logic,logic-0023,calib,long,2,0.0,374.0,long_m2
1.5B,logic,logic-0023,calib,long,4,0.0,374.0,long_m4
1.5B,logic,logic-0023,calib,debate,6,0.0,589.0,debate_a3r2
1.5B,logic,logic-0024,calib,single,1,1.0,86.0,
1.5B,logic,logic-0024,calib,vote,4,1.0,377.5,vote_k4
1.5B,logic,logic-0024,calib,oracle,4,1.0,377.5,oracle_k4
1.5B,logic,logic-0024,calib,judge,4,1.0,601.0,judge_k4
1.5B,logic,logic-0024,calib,vote,8,1.0,815.0,vote_k8
1.5B,logic,logic-0024,calib,oracle,8,1.0,815.0,oracle_k8
1.5B,logic,logic-0024,calib,judge,8,1.0,1228.0,judge_k8
1.5B,logic,logic-0024,calib,seq,1,1.0,86.0,seq_r1
1.5B,logic,logic-0024,calib,seq,2,1.0,338.0,seq_r2
1.5B,logic,logic-0024,calib,seq,3,1.0,704.0,seq_r3
1.5B,logic,logic-0024,calib,seq,4,1.0,1067.0,seq_r4
1.5B,logic,logic-0024,calib,long,2,1.0,369.0,long_m2
1.5B,logic,logic-0024,calib,long,4,1.0,369.0,long_m4
1.5B,logic,logic-0024,calib,debate,6,1.0,817.0,debate_a3r2
1.5B,logic,logic-0025,calib,single,1,0.0,70.0,
1.5B,logic,logic-0025,calib,vote,4,0.0,281.5,vote_k4
1.5B,logic,logic-0025,calib,oracle,4,1.0,281.5,oracle_k4
1.5B,logic,logic-0025,calib,judge,4,0.0,411.5,judge_k4
1.5B,logic,logic-0025,calib,vote,8,0.0,563.0,vote_k8
1.5B,logic,logic-0025,calib,oracle,8,1.0,563.0,oracle_k8
1.5B,logic,logic-0025,calib,judge,8,0.0,732.0,judge_k8
1.5B,logic,logic-0025,calib,seq,1,0.0,70.0,seq_r1
1.5B,logic,logic-0025,calib,seq,2,0.0,290.0,seq_r2
1.5B,logic,logic-0025,calib,seq,3,1.0,696.0,seq_r3
1.5B,logic,logic-0025,calib,seq,4,1.0,1033.0,seq_r4
1.5B,logic,logic-0025,calib,long,2,0.0,446.0,long_m2
1.5B,logic,logic-0025,calib,long,4,0.0,446.0,long_m4
1.5B,logic,logic-0025,calib,debate,6,0.0,542.0,debate_a3r2
1.5B,logic,logic-0026,calib,single,1,0.0,70.0,
1.5B,logic,logic-0026,calib,vote,4,0.0,276.0,vote_k4
1.5B,logic,logic-0026,calib,oracle,4,0.0,276.0,oracle_k4
1.5B,logic,logic-0026,calib,judge,4,0.0,405.5,judge_k4
1.5B,logic,logic-0026,calib,vote,8,0.0,663.0,vote_k8
1.5B,logic,logic-0026,calib,oracle,8,0.0,663.0,oracle_k8
1.5B,logic,logic-0026,calib,judge,8,0.0,940.0,judge_k8
1.5B,logic,logic-0026,calib,seq,1,0.0,70.0,seq_r1
1.5B,logic,logic-0026,calib,seq,2,0.0,358.0,seq_r2
1.5B,logic,logic-0026,calib,seq,3,0.0,779.0,seq_r3
1.5B,logic,logic-0026,calib,seq,4,0.0,1127.0,seq_r4
1.5B,logic,logic-0026,calib,long,2,0.0,303.0,long_m2
1.5B,logic,logic-0026,calib,long,4,0.0,303.0,long_m4
1.5B,logic,logic-0026,calib,debate,6,0.0,555.0,debate_a3r2
1.5B,logic,logic-0027,calib,single,1,1.0,67.0,
1.5B,logic,logic-0027,calib,vote,4,0.5,273.5,vote_k4
1.5B,logic,logic-0027,calib,oracle,4,1.0,273.5,oracle_k4
1.5B,logic,logic-0027,calib,judge,4,0.5,400.5,judge_k4
1.5B,logic,logic-0027,calib,vote,8,1.0,550.0,vote_k8
1.5B,logic,logic-0027,calib,oracle,8,1.0,550.0,oracle_k8
1.5B,logic,logic-0027,calib,judge,8,1.0,712.0,judge_k8
1.5B,logic,logic-0027,calib,seq,1,1.0,67.0,seq_r1
1.5B,logic,logic-0027,calib,seq,2,0.0,262.0,seq_r2
1.5B,logic,logic-0027,calib,seq,3,0.0,550.0,seq_r3
1.5B,logic,logic-0027,calib,seq,4,0.0,837.0,seq_r4
1.5B,logic,logic-0027,calib,long,2,0.0,289.0,long_m2
1.5B,logic,logic-0027,calib,long,4,0.0,289.0,long_m4
1.5B,logic,logic-0027,calib,debate,6,1.0,534.0,debate_a3r2
1.5B,logic,logic-0028,calib,single,1,0.0,68.0,
1.5B,logic,logic-0028,calib,vote,4,0.0,329.0,vote_k4
1.5B,logic,logic-0028,calib,oracle,4,0.5,329.0,oracle_k4
1.5B,logic,logic-0028,calib,judge,4,0.5,505.5,judge_k4
1.5B,logic,logic-0028,calib,vote,8,0.0,668.0,vote_k8
1.5B,logic,logic-0028,calib,oracle,8,1.0,668.0,oracle_k8
1.5B,logic,logic-0028,calib,judge,8,0.0,935.0,judge_k8
1.5B,logic,logic-0028,calib,seq,1,0.0,68.0,seq_r1
1.5B,logic,logic-0028,calib,seq,2,1.0,289.0,seq_r2
1.5B,logic,logic-0028,calib,seq,3,1.0,630.0,seq_r3
1.5B,logic,logic-0028,calib,seq,4,1.0,971.0,seq_r4
1.5B,logic,logic-0028,calib,long,2,0.0,315.0,long_m2
1.5B,logic,logic-0028,calib,long,4,0.0,315.0,long_m4
1.5B,logic,logic-0028,calib,debate,6,0.0,545.0,debate_a3r2
1.5B,logic,logic-0029,calib,single,1,0.0,63.0,
1.5B,logic,logic-0029,calib,vote,4,0.5,256.0,vote_k4
1.5B,logic,logic-0029,calib,oracle,4,0.5,256.0,oracle_k4
1.5B,logic,logic-0029,calib,judge,4,0.5,380.5,judge_k4
1.5B,logic,logic-0029,calib,vote,8,0.0,521.0,vote_k8
1.5B,logic,logic-0029,calib,oracle,8,1.0,521.0,oracle_k8
1.5B,logic,logic-0029,calib,judge,8,0.0,691.0,judge_k8
1.5B,logic,logic-0029,calib,seq,1,0.0,63.0,seq_r1
1.5B,logic,logic-0029,calib,seq,2,1.0,223.0,seq_r2
1.5B,logic,logic-0029,calib,seq,3,1.0,421.0,seq_r3
1.5B,logic,logic-0029,calib,seq,4,1.0,608.0,seq_r4
1.5B,logic,logic-0029,calib,long,2,1.0,245.0,long_m2
1.5B,logic,logic-0029,calib,long,4,1.0,245.0,long_m4
1.5B,logic,logic-0029,calib,debate,6,0.0,516.0,debate_a3r2
1.5B,logic,logic-0030,test,single,1,0.0,183.0,
1.5B,logic,logic-0030,test,vote,4,0.0,606.5,vote_k4
1.5B,logic,logic-0030,test,oracle,4,0.5,606.5,oracle_k4
1.5B,logic,logic-0030,test,judge,4,0.0,1043.5,judge_k4
1.5B,logic,logic-0030,test,vote,8,0.0,1365.0,vote_k8
1.5B,logic,logic-0030,test,oracle,8,1.0,1365.0,oracle_k8
1.5B,logic,logic-0030,test,judge,8,0.0,2292.0,judge_k8
1.5B,logic,logic-0030,test,seq,1,0.0,183.0,seq_r1
1.5B,logic,logic-0030,test,seq,2,0.0,532.0,seq_r2
1.5B,logic,logic-0030,test,seq,3,0.0,894.0,seq_r3
1.5B,logic,logic-0030,test,seq,4,0.0,1245.0,seq_r4
1.5B,logic,logic-0030,test,long,2,0.0,334.0,long_m2
1.5B,logic,logic-0030,test,long,4,0.0,334.0,long_m4
1.5B,logic,logic-0030,test,debate,6,0.0,1262.0,debate_a3r2
1.5B,logic,logic-0031,test,single,1,1.0,70.0,
1.5B,logic,logic-0031,test,vote,4,0.0,346.0,vote_k4
1.5B,logic,logic-0031,test,oracle,4,1.0,346.0,oracle_k4
1.5B,logic,logic-0031,test,judge,4,0.0,533.5,judge_k4
1.5B,logic,logic-0031,test,vote,8,0.0,722.0,vote_k8
1.5B,logic,logic-0031,test,oracle,8,1.0,722.0,oracle_k8
1.5B,logic,logic-0031,test,judge,8,1.0,1030.0,judge_k8
1.5B,logic,logic-0031,test,seq,1,1.0,70.0,seq_r1
1.5B,logic,logic-0031,test,seq,2,0.0,298.0,seq_r2
1.5B,logic,logic-0031,test,seq,3,0.0,666.0,seq_r3
1.5B,logic,logic-0031,test,seq,4,0.0,1047.0,seq_r4
1.5B,logic,logic-0031,test,long,2,1.0,332.0,long_m2
1.5B,logic,logic-0031,test,long,4,1.0,332.0,long_m4
1.5B,logic,logic-0031,test,debate,6,0.0,626.0,debate_a3r2
1.5B,logic,logic-0032,test,single,1,1.0,60.0,
1.5B,logic,logic-0032,test,vote,4,0.5,299.5,vote_k4
1.5B,logic,logic-0032,test,oracle,4,1.0,299.5,oracle_k4
1.5B,logic,logic-0032,test,judge,4,0.0,466.0,judge_k4
1.5B,logic,logic-0032,test,vote,8,1.0,597.0,vote_k8
1.5B,logic,logic-0032,test,oracle,8,1.0,597.0,oracle_k8
1.5B,logic,logic-0032,test,judge,8,1.0,844.0,judge_k8
1.5B,logic,logic-0032,test,seq,1,1.0,60.0,seq_r1
1.5B,logic,logic-0032,test,seq,2,1.0,302.0,seq_r2
1.5B,logic,logic-0032,test,seq,3,1.0,703.0,seq_r3
1.5B,logic,logic-0032,test,seq,4,1.0,1114.0,seq_r4
1.5B,logic,logic-0032,test,long,2,1.0,236.0,long_m2
1.5B,logic,logic-0032,test,long,4,1.0,236.0,long_m4
1.5B,logic,logic-0032,test,debate,6,1.0,487.0,debate_a3r2
1.5B,logic,logic-0033,test,single,1,1.0,63.0,
1.5B,logic,logic-0033,test,vote,4,1.0,253.5,vote_k4
1.5B,logic,logic-0033,test,oracle,4,1.0,253.5,oracle_k4
1.5B,logic,logic-0033,test,judge,4,1.0,380.0,judge_k4
1.5B,logic,logic-0033,test,vote,8,1.0,507.0,vote_k8
1.5B,logic,logic-0033,test,oracle,8,1.0,507.0,oracle_k8
1.5B,logic,logic-0033,test,judge,8,1.0,692.0,judge_k8
1.5B,logic,logic-0033,test,seq,1,1.0,63.0,seq_r1
1.5B,logic,logic-0033,test,seq,2,0.0,251.0,seq_r2
1.5B,logic,logic-0033,test,seq,3,0.0,528.0,seq_r3
1.5B,logic,logic-0033,test,seq,4,0.0,805.0,seq_r4
1.5B,logic,logic-0033,test,long,2,0.0,261.0,long_m2
1.5B,logic,logic-0033,test,long,4,0.0,261.0,long_m4
1.5B,logic,logic-0033,test,debate,6,1.0,506.0,debate_a3r2
1.5B,logic,logic-0034,test,single,1,1.0,67.0,
1.5B,logic,logic-0034,test,vote,4,1.0,286.5,vote_k4
1.5B,logic,logic-0034,test,oracle,4,1.0,286.5,oracle_k4
1.5B,logic,logic-0034,test,judge,4,1.0,428.0,judge_k4
1.5B,logic,logic-0034,test,vote,8,1.0,578.0,vote_k8
1.5B,logic,logic-0034,test,oracle,8,1.0,578.0,oracle_k8
1.5B,logic,logic-0034,test,judge,8,1.0,776.0,judge_k8
1.5B,logic,logic-0034,test,seq,1,1.0,67.0,seq_r1
1.5B,logic,logic-0034,test,seq,2,0.0,256.0,seq_r2
1.5B,logic,logic-0034,test,seq,3,0.0,470.0,seq_r3
1.5B,logic,logic-0034,test,seq,4,0.0,622.0,seq_r4
1.5B,logic,logic-0034,test,long,2,0.0,299.0,long_m2
1.5B,logic,logic-0034,test,long,4,0.0,299.0,long_m4
1.5B,logic,logic-0034,test,debate,6,1.0,530.0,debate_a3r2
1.5B,logic,logic-0035,test,single,1,0.0,72.0,
1.5B,logic,logic-0035,test,vote,4,0.0,422.0,vote_k4
1.5B,logic,logic-0035,test,oracle,4,1.0,422.0,oracle_k4
1.5B,logic,logic-0035,test,judge,4,0.5,693.5,judge_k4
1.5B,logic,logic-0035,test,vote,8,0.0,835.0,vote_k8
1.5B,logic,logic-0035,test,oracle,8,1.0,835.0,oracle_k8
1.5B,logic,logic-0035,test,judge,8,0.0,1278.0,judge_k8
1.5B,logic,logic-0035,test,seq,1,0.0,72.0,seq_r1
1.5B,logic,logic-0035,test,seq,2,0.0,389.0,seq_r2
1.5B,logic,logic-0035,test,seq,3,0.0,836.0,seq_r3
1.5B,logic,logic-0035,test,seq,4,0.0,1196.0,seq_r4
1.5B,logic,logic-0035,test,long,2,0.0,387.0,long_m2
1.5B,logic,logic-0035,test,long,4,0.0,387.0,long_m4
1.5B,logic,logic-0035,test,debate,6,0.0,542.0,debate_a3r2
1.5B,logic,logic-0036,test,single,1,1.0,71.0,
1.5B,logic,logic-0036,test,vote,4,0.5,433.5,vote_k4
1.5B,logic,logic-0036,test,oracle,4,1.0,433.5,oracle_k4
1.5B,logic,logic-0036,test,judge,4,0.0,718.0,judge_k4
1.5B,logic,logic-0036,test,vote,8,1.0,979.0,vote_k8
1.5B,logic,logic-0036,test,oracle,8,1.0,979.0,oracle_k8
1.5B,logic,logic-0036,test,judge,8,0.0,1557.0,judge_k8
1.5B,logic,logic-0036,test,seq,1,1.0,71.0,seq_r1
1.5B,logic,logic-0036,test,seq,2,1.0,315.0,seq_r2
1.5B,logic,logic-0036,test,seq,3,1.0,704.0,seq_r3
1.5B,logic,logic-0036,test,seq,4,1.0,1104.0,seq_r4
1.5B,logic,logic-0036,test,long,2,0.0,280.0,long_m2
1.5B,logic,logic-0036,test,long,4,0.0,280.0,long_m4
1.5B,logic,logic-0036,test,debate,6,0.0,1400.0,debate_a3r2
1.5B,logic,logic-0037,test,single,1,0.0,75.0,
1.5B,logic,logic-0037,test,vote,4,0.0,299.5,vote_k4
1.5B,logic,logic-0037,test,oracle,4,0.0,299.5,oracle_k4
1.5B,logic,logic-0037,test,judge,4,0.0,430.5,judge_k4
1.5B,logic,logic-0037,test,vote,8,0.0,613.0,vote_k8
1.5B,logic,logic-0037,test,oracle,8,0.0,613.0,oracle_k8
1.5B,logic,logic-0037,test,judge,8,0.0,791.0,judge_k8
1.5B,logic,logic-0037,test,seq,1,0.0,75.0,seq_r1
1.5B,logic,logic-0037,test,seq,2,0.0,387.0,seq_r2
1.5B,logic,logic-0037,test,seq,3,0.0,898.0,seq_r3
1.5B,logic,logic-0037,test,seq,4,0.0,1391.0,seq_r4
1.5B,logic,logic-0037,test,long,2,0.0,435.0,long_m2
1.5B,logic,logic-0037,test,long,4,0.0,435.0,long_m4
1.5B,logic,logic-0037,test,debate,6,0.0,594.0,debate_a3r2
1.5B,logic,logic-0038,test,single,1,1.0,75.0,
1.5B,logic,logic-0038,test,vote,4,0.5,333.5,vote_k4
1.5B,logic,logic-0038,test,oracle,4,1.0,333.5,oracle_k4
1.5B,logic,logic-0038,test,judge,4,0.5,521.0,judge_k4
1.5B,logic,logic-0038,test,vote,8,1.0,665.0,vote_k8
1.5B,logic,logic-0038,test,oracle,8,1.0,665.0,oracle_k8
1.5B,logic,logic-0038,test,judge,8,1.0,945.0,judge_k8
1.5B,logic,logic-0038,test,seq,1,1.0,75.0,seq_r1
1.5B,logic,logic-0038,test,seq,2,0.0,235.0,seq_r2
1.5B,logic,logic-0038,test,seq,3,0.0,437.0,seq_r3
1.5B,logic,logic-0038,test,seq,4,0.0,629.0,seq_r4
1.5B,logic,logic-0038,test,long,2,1.0,359.0,long_m2
1.5B,logic,logic-0038,test,long,4,1.0,359.0,long_m4
1.5B,logic,logic-0038,test,debate,6,0.0,559.0,debate_a3r2
1.5B,logic,logic-0039,test,single,1,1.0,70.0,
1.5B,logic,logic-0039,test,vote,4,1.0,279.5,vote_k4
1.5B,logic,logic-0039,test,oracle,4,1.0,279.5,oracle_k4
1.5B,logic,logic-0039,test,judge,4,1.0,410.5,judge_k4
1.5B,logic,logic-0039,test,vote,8,1.0,560.0,vote_k8
1.5B,logic,logic-0039,test,oracle,8,1.0,560.0,oracle_k8
1.5B,logic,logic-0039,test,judge,8,1.0,732.0,judge_k8
1.5B,logic,logic-0039,test,seq,1,1.0,70.0,seq_r1
1.5B,logic,logic-0039,test,seq,2,1.0,211.0,seq_r2
1.5B,logic,logic-0039,test,seq,3,0.0,490.0,seq_r3
1.5B,logic,logic-0039,test,seq,4,0.0,944.0,seq_r4
1.5B,logic,logic-0039,test,long,2,1.0,277.0,long_m2
1.5B,logic,logic-0039,test,long,4,1.0,277.0,long_m4
1.5B,logic,logic-0039,test,debate,6,1.0,547.0,debate_a3r2
1.5B,logic,logic-0040,test,single,1,1.0,67.0,
1.5B,logic,logic-0040,test,vote,4,1.0,270.0,vote_k4
1.5B,logic,logic-0040,test,oracle,4,1.0,270.0,oracle_k4
1.5B,logic,logic-0040,test,judge,4,1.0,396.0,judge_k4
1.5B,logic,logic-0040,test,vote,8,1.0,673.0,vote_k8
1.5B,logic,logic-0040,test,oracle,8,1.0,673.0,oracle_k8
1.5B,logic,logic-0040,test,judge,8,1.0,966.0,judge_k8
1.5B,logic,logic-0040,test,seq,1,1.0,67.0,seq_r1
1.5B,logic,logic-0040,test,seq,2,0.0,277.0,seq_r2
1.5B,logic,logic-0040,test,seq,3,0.0,615.0,seq_r3
1.5B,logic,logic-0040,test,seq,4,1.0,849.0,seq_r4
1.5B,logic,logic-0040,test,long,2,1.0,345.0,long_m2
1.5B,logic,logic-0040,test,long,4,1.0,345.0,long_m4
1.5B,logic,logic-0040,test,debate,6,1.0,918.0,debate_a3r2
1.5B,logic,logic-0041,test,single,1,1.0,64.0,
1.5B,logic,logic-0041,test,vote,4,1.0,257.5,vote_k4
1.5B,logic,logic-0041,test,oracle,4,1.0,257.5,oracle_k4
1.5B,logic,logic-0041,test,judge,4,1.0,382.0,judge_k4
1.5B,logic,logic-0041,test,vote,8,1.0,519.0,vote_k8
1.5B,logic,logic-0041,test,oracle,8,1.0,519.0,oracle_k8
1.5B,logic,logic-0041,test,judge,8,1.0,685.0,judge_k8
1.5B,logic,logic-0041,test,seq,1,1.0,64.0,seq_r1
1.5B,logic,logic-0041,test,seq,2,1.0,230.0,seq_r2
1.5B,logic,logic-0041,test,seq,3,1.0,434.0,seq_r3
1.5B,logic,logic-0041,test,seq,4,1.0,610.0,seq_r4
1.5B,logic,logic-0041,test,long,2,1.0,246.0,long_m2
1.5B,logic,logic-0041,test,long,4,1.0,246.0,long_m4
1.5B,logic,logic-0041,test,debate,6,1.0,507.0,debate_a3r2
1.5B,logic,logic-0042,test,single,1,1.0,75.0,
1.5B,logic,logic-0042,test,vote,4,1.0,415.0,vote_k4
1.5B,logic,logic-0042,test,oracle,4,1.0,415.0,oracle_k4
1.5B,logic,logic-0042,test,judge,4,1.0,667.0,judge_k4
1.5B,logic,logic-0042,test,vote,8,1.0,826.0,vote_k8
1.5B,logic,logic-0042,test,oracle,8,1.0,826.0,oracle_k8
1.5B,logic,logic-0042,test,judge,8,1.0,1231.0,judge_k8
1.5B,logic,logic-0042,test,seq,1,1.0,75.0,seq_r1
1.5B,logic,logic-0042,test,seq,2,0.0,380.0,seq_r2
1.5B,logic,logic-0042,test,seq,3,0.0,879.0,seq_r3
1.5B,logic,logic-0042,test,seq,4,0.0,1377.0,seq_r4
1.5B,logic,logic-0042,test,long,2,1.0,295.0,long_m2
1.5B,logic,logic-0042,test,long,4,1.0,295.0,long_m4
1.5B,logic,logic-0042,test,debate,6,1.0,555.0,debate_a3r2
1.5B,logic,logic-0043,test,single,1,0.0,88.0,
1.5B,logic,logic-0043,test,vote,4,1.0,286.0,vote_k4
1.5B,logic,logic-0043,test,oracle,4,1.0,286.0,oracle_k4
1.5B,logic,logic-0043,test,judge,4,1.0,429.5,judge_k4
1.5B,logic,logic-0043,test,vote,8,1.0,555.0,vote_k8
1.5B,logic,logic-0043,test,oracle,8,1.0,555.0,oracle_k8
1.5B,logic,logic-0043,test,judge,8,0.0,732.0,judge_k8
1.5B,logic,logic-0043,test,seq,1,0.0,88.0,seq_r1
1.5B,logic,logic-0043,test,seq,2,0.0,353.0,seq_r2
1.5B,logic,logic-0043,test,seq,3,0.0,723.0,seq_r3
1.5B,logic,logic-0043,test,seq,4,0.0,1076.0,seq_r4
1.5B,logic,logic-0043,test,long,2,1.0,347.0,long_m2
1.5B,logic,logic-0043,test,long,4,1.0,347.0,long_m4
1.5B,logic,logic-0043,test,debate,6,1.0,573.0,debate_a3r2
1.5B,logic,logic-0044,test,single,1,0.0,64.0,
1.5B,logic,logic-0044,test,vote,4,0.0,248.5,vote_k4
1.5B,logic,logic-0044,test,oracle,4,0.5,248.5,oracle_k4
1.5B,logic,logic-0044,test,judge,4,0.0,371.5,judge_k4
1.5B,logic,logic-0044,test,vote,8,0.0,495.0,vote_k8
1.5B,logic,logic-0044,test,oracle,8,1.0,495.0,oracle_k8
1.5B,logic,logic-0044,test,judge,8,0.0,653.0,judge_k8
1.5B,logic,logic-0044,test,seq,1,0.0,64.0,seq_r1
1.5B,logic,logic-0044,test,seq,2,0.0,298.0,seq_r2
1.5B,logic,logic-0044,test,seq,3,0.0,668.0,seq_r3
1.5B,logic,logic-0044,test,seq,4,0.0,921.0,seq_r4
1.5B,logic,logic-0044,test,long,2,1.0,232.0,long_m2
1.5B,logic,logic-0044,test,long,4,1.0,232.0,long_m4
1.5B,logic,logic-0044,test,debate,6,0.0,509.0,debate_a3r2
1.5B,logic,logic-0045,test,single,1,1.0,72.0,
1.5B,logic,logic-0045,test,vote,4,1.0,285.5,vote_k4
1.5B,logic,logic-0045,test,oracle,4,1.0,285.5,oracle_k4
1.5B,logic,logic-0045,test,judge,4,1.0,413.5,judge_k4
1.5B,logic,logic-0045,test,vote,8,1.0,574.0,vote_k8
1.5B,logic,logic-0045,test,oracle,8,1.0,574.0,oracle_k8
1.5B,logic,logic-0045,test,judge,8,1.0,739.0,judge_k8
1.5B,logic,logic-0045,test,seq,1,1.0,72.0,seq_r1
1.5B,logic,logic-0045,test,seq,2,1.0,358.0,seq_r2
1.5B,logic,logic-0045,test,seq,3,1.0,823.0,seq_r3
1.5B,logic,logic-0045,test,seq,4,1.0,1287.0,seq_r4
1.5B,logic,logic-0045,test,long,2,1.0,314.0,long_m2
1.5B,logic,logic-0045,test,long,4,1.0,314.0,long_m4
1.5B,logic,logic-0045,test,debate,6,1.0,560.0,debate_a3r2
1.5B,logic,logic-0046,test,single,1,0.0,66.0,
1.5B,logic,logic-0046,test,vote,4,0.0,267.0,vote_k4
1.5B,logic,logic-0046,test,oracle,4,0.0,267.0,oracle_k4
1.5B,logic,logic-0046,test,judge,4,0.0,391.0,judge_k4
1.5B,logic,logic-0046,test,vote,8,0.0,536.0,vote_k8
1.5B,logic,logic-0046,test,oracle,8,0.0,536.0,oracle_k8
1.5B,logic,logic-0046,test,judge,8,0.0,696.0,judge_k8
1.5B,logic,logic-0046,test,seq,1,0.0,66.0,seq_r1
1.5B,logic,logic-0046,test,seq,2,1.0,331.0,seq_r2
1.5B,logic,logic-0046,test,seq,3,1.0,802.0,seq_r3
1.5B,logic,logic-0046,test,seq,4,1.0,1318.0,seq_r4
1.5B,logic,logic-0046,test,long,2,1.0,275.0,long_m2
1.5B,logic,logic-0046,test,long,4,1.0,275.0,long_m4
1.5B,logic,logic-0046,test,debate,6,0.0,510.0,debate_a3r2
1.5B,logic,logic-0047,test,single,1,0.0,94.0,
1.5B,logic,logic-0047,test,vote,4,0.0,355.5,vote_k4
1.5B,logic,logic-0047,test,oracle,4,0.0,355.5,oracle_k4
1.5B,logic,logic-0047,test,judge,4,0.0,567.0,judge_k4
1.5B,logic,logic-0047,test,vote,8,0.0,685.0,vote_k8
1.5B,logic,logic-0047,test,oracle,8,0.0,685.0,oracle_k8
1.5B,logic,logic-0047,test,judge,8,0.0,991.0,judge_k8
1.5B,logic,logic-0047,test,seq,1,0.0,94.0,seq_r1
1.5B,logic,logic-0047,test,seq,2,0.0,246.0,seq_r2
1.5B,logic,logic-0047,test,seq,3,0.0,395.0,seq_r3
1.5B,logic,logic-0047,test,seq,4,1.0,672.0,seq_r4
1.5B,logic,logic-0047,test,long,2,0.0,345.0,long_m2
1.5B,logic,logic-0047,test,long,4,0.0,345.0,long_m4
1.5B,logic,logic-0047,test,debate,6,0.0,597.0,debate_a3r2
1.5B,logic,logic-0048,test,single,1,0.0,69.0,
1.5B,logic,logic-0048,test,vote,4,1.0,304.5,vote_k4
1.5B,logic,logic-0048,test,oracle,4,1.0,304.5,oracle_k4
1.5B,logic,logic-0048,test,judge,4,1.0,465.5,judge_k4
1.5B,logic,logic-0048,test,vote,8,1.0,613.0,vote_k8
1.5B,logic,logic-0048,test,oracle,8,1.0,613.0,oracle_k8
1.5B,logic,logic-0048,test,judge,8,0.0,846.0,judge_k8
1.5B,logic,logic-0048,test,seq,1,0.0,69.0,seq_r1
1.5B,logic,logic-0048,test,seq,2,0.0,200.0,seq_r2
1.5B,logic,logic-0048,test,seq,3,0.0,357.0,seq_r3
1.5B,logic,logic-0048,test,seq,4,0.0,514.0,seq_r4
1.5B,logic,logic-0048,test,long,2,1.0,283.0,long_m2
1.5B,logic,logic-0048,test,long,4,1.0,283.0,long_m4
1.5B,logic,logic-0048,test,debate,6,1.0,612.0,debate_a3r2
1.5B,logic,logic-0049,test,single,1,1.0,64.0,
1.5B,logic,logic-0049,test,vote,4,1.0,256.5,vote_k4
1.5B,logic,logic-0049,test,oracle,4,1.0,256.5,oracle_k4
1.5B,logic,logic-0049,test,judge,4,1.0,382.0,judge_k4
1.5B,logic,logic-0049,test,vote,8,1.0,513.0,vote_k8
1.5B,logic,logic-0049,test,oracle,8,1.0,513.0,oracle_k8
1.5B,logic,logic-0049,test,judge,8,1.0,691.0,judge_k8
1.5B,logic,logic-0049,test,seq,1,1.0,64.0,seq_r1
1.5B,logic,logic-0049,test,seq,2,0.0,281.0,seq_r2
1.5B,logic,logic-0049,test,seq,3,0.0,615.0,seq_r3
1.5B,logic,logic-0049,test,seq,4,0.0,943.0,seq_r4
1.5B,logic,logic-0049,test,long,2,0.0,237.0,long_m2
1.5B,logic,logic-0049,test,long,4,0.0,237.0,long_m4
1.5B,logic,logic-0049,test,debate,6,1.0,515.0,debate_a3r2
1.5B,logic,logic-0050,test,single,1,1.0,61.0,
1.5B,logic,logic-0050,test,vote,4,1.0,241.0,vote_k4
1.5B,logic,logic-0050,test,oracle,4,1.0,241.0,oracle_k4
1.5B,logic,logic-0050,test,judge,4,1.0,361.5,judge_k4
1.5B,logic,logic-0050,test,vote,8,1.0,481.0,vote_k8
1.5B,logic,logic-0050,test,oracle,8,1.0,481.0,oracle_k8
1.5B,logic,logic-0050,test,judge,8,1.0,636.0,judge_k8
1.5B,logic,logic-0050,test,seq,1,1.0,61.0,seq_r1
1.5B,logic,logic-0050,test,seq,2,1.0,259.0,seq_r2
1.5B,logic,logic-0050,test,seq,3,1.0,558.0,seq_r3
1.5B,logic,logic-0050,test,seq,4,1.0,849.0,seq_r4
1.5B,logic,logic-0050,test,long,2,1.0,210.0,long_m2
1.5B,logic,logic-0050,test,long,4,1.0,210.0,long_m4
1.5B,logic,logic-0050,test,debate,6,1.0,462.0,debate_a3r2
1.5B,logic,logic-0051,test,single,1,0.0,72.0,
1.5B,logic,logic-0051,test,vote,4,0.5,295.5,vote_k4
1.5B,logic,logic-0051,test,oracle,4,1.0,295.5,oracle_k4
1.5B,logic,logic-0051,test,judge,4,0.5,428.5,judge_k4
1.5B,logic,logic-0051,test,vote,8,1.0,776.0,vote_k8
1.5B,logic,logic-0051,test,oracle,8,1.0,776.0,oracle_k8
1.5B,logic,logic-0051,test,judge,8,0.0,1128.0,judge_k8
1.5B,logic,logic-0051,test,seq,1,0.0,72.0,seq_r1
1.5B,logic,logic-0051,test,seq,2,1.0,375.0,seq_r2
1.5B,logic,logic-0051,test,seq,3,1.0,692.0,seq_r3
1.5B,logic,logic-0051,test,seq,4,1.0,827.0,seq_r4
1.5B,logic,logic-0051,test,long,2,1.0,366.0,long_m2
1.5B,logic,logic-0051,test,long,4,1.0,366.0,long_m4
1.5B,logic,logic-0051,test,debate,6,0.0,1003.0,debate_a3r2
1.5B,logic,logic-0052,test,single,1,1.0,63.0,
1.5B,logic,logic-0052,test,vote,4,0.5,248.0,vote_k4
1.5B,logic,logic-0052,test,oracle,4,1.0,248.0,oracle_k4
1.5B,logic,logic-0052,test,judge,4,0.5,370.0,judge_k4
1.5B,logic,logic-0052,test,vote,8,1.0,500.0,vote_k8
1.5B,logic,logic-0052,test,oracle,8,1.0,500.0,oracle_k8
1.5B,logic,logic-0052,test,judge,8,1.0,662.0,judge_k8
1.5B,logic,logic-0052,test,seq,1,1.0,63.0,seq_r1
1.5B,logic,logic-0052,test,seq,2,0.0,312.0,seq_r2
1.5B,logic,logic-0052,test,seq,3,0.0,706.0,seq_r3
1.5B,logic,logic-0052,test,seq,4,0.0,1095.0,seq_r4
1.5B,logic,logic-0052,test,long,2,1.0,273.0,long_m2
1.5B,logic,logic-0052,test,long,4,1.0,273.0,long_m4
1.5B,logic,logic-0052,test,debate,6,1.0,493.0,debate_a3r2
1.5B,logic,logic-0053,test,single,1,1.0,74.0,
1.5B,logic,logic-0053,test,vote,4,1.0,295.5,vote_k4
1.5B,logic,logic-0053,test,oracle,4,1.0,295.5,oracle_k4
1.5B,logic,logic-0053,test,judge,4,1.0,427.5,judge_k4
1.5B,logic,logic-0053,test,vote,8,1.0,591.0,vote_k8
1.5B,logic,logic-0053,test,oracle,8,1.0,591.0,oracle_k8
1.5B,logic,logic-0053,test,judge,8,1.0,760.0,judge_k8
1.5B,logic,logic-0053,test,seq,1,1.0,74.0,seq_r1
1.5B,logic,logic-0053,test,seq,2,1.0,350.0,seq_r2
1.5B,logic,logic-0053,test,seq,3,1.0,793.0,seq_r3
1.5B,logic,logic-0053,test,seq,4,1.0,1091.0,seq_r4
1.5B,logic,logic-0053,test,long,2,0.0,370.0,long_m2
1.5B,logic,logic-0053,test,long,4,0.0,370.0,long_m4
1.5B,logic,logic-0053,test,debate,6,1.0,563.0,debate_a3r2
1.5B,logic,logic-0054,test,single,1,0.0,70.0,
1.5B,logic,logic-0054,test,vote,4,0.0,282.0,vote_k4
1.5B,logic,logic-0054,test,oracle,4,0.0,282.0,oracle_k4
1.5B,logic,logic-0054,test,judge,4,0.0,414.5,judge_k4
1.5B,logic,logic-0054,test,vote,8,0.0,568.0,vote_k8
1.5B,logic,logic-0054,test,oracle,8,0.0,568.0,oracle_k8
1.5B,logic,logic-0054,test,judge,8,0.0,743.0,judge_k8
1.5B,logic,logic-0054,test,seq,1,0.0,70.0,seq_r1
1.5B,logic,logic-0054,test,seq,2,0.0,354.0,seq_r2
1.5B,logic,logic-0054,test,seq,3,0.0,811.0,seq_r3
1.5B,logic,logic-0054,test,seq,4,0.0,1262.0,seq_r4
1.5B,logic,logic-0054,test,long,2,0.0,324.0,long_m2
1.5B,logic,logic-0054,test,long,4,0.0,324.0,long_m4
1.5B,logic,logic-0054,test,debate,6,0.0,548.0,debate_a3r2
1.5B,logic,logic-0055,test,single,1,1.0,62.0,
1.5B,logic,logic-0055,test,vote,4,1.0,251.0,vote_k4
1.5B,logic,logic-0055,test,oracle,4,1.0,251.0,oracle_k4
1.5B,logic,logic-0055,test,judge,4,0.5,374.5,judge_k4
1.5B,logic,logic-0055,test,vote,8,1.0,501.0,vote_k8
1.5B,logic,logic-0055,test,oracle,8,1.0,501.0,oracle_k8
1.5B,logic,logic-0055,test,judge,8,1.0,662.0,judge_k8
1.5B,logic,logic-0055,test,seq,1,1.0,62.0,seq_r1
1.5B,logic,logic-0055,test,seq,2,1.0,292.0,seq_r2
1.5B,logic,logic-0055,test,seq,3,1.0,564.0,seq_r3
1.5B,logic,logic-0055,test,seq,4,1.0,751.0,seq_r4
1.5B,logic,logic-0055,test,long,2,1.0,208.0,long_m2
1.5B,logic,logic-0055,test,long,4,1.0,208.0,long_m4
1.5B,logic,logic-0055,test,debate,6,1.0,498.0,debate_a3r2
1.5B,logic,logic-0056,test,single,1,1.0,64.0,
1.5B,logic,logic-0056,test,vote,4,1.0,266.5,vote_k4
1.5B,logic,logic-0056,test,oracle,4,1.0,266.5,oracle_k4
1.5B,logic,logic-0056,test,judge,4,1.0,405.5,judge_k4
1.5B,logic,logic-0056,test,vote,8,1.0,561.0,vote_k8
1.5B,logic,logic-0056,test,oracle,8,1.0,561.0,oracle_k8
1.5B,logic,logic-0056,test,judge,8,1.0,801.0,judge_k8
1.5B,logic,logic-0056,test,seq,1,1.0,64.0,seq_r1
1.5B,logic,logic-0056,test,seq,2,1.0,280.0,seq_r2
1.5B,logic,logic-0056,test,seq,3,0.0,525.0,seq_r3
1.5B,logic,logic-0056,test,seq,4,0.0,702.0,seq_r4
1.5B,logic,logic-0056,test,long,2,1.0,239.0,long_m2
1.5B,logic,logic-0056,test,long,4,1.0,239.0,long_m4
1.5B,logic,logic-0056,test,debate,6,1.0,512.0,debate_a3r2
1.5B,logic,logic-0057,test,single,1,0.0,70.0,
1.5B,logic,logic-0057,test,vote,4,0.5,331.0,vote_k4
1.5B,logic,logic-0057,test,oracle,4,1.0,331.0,oracle_k4
1.5B,logic,logic-0057,test,judge,4,0.5,514.5,judge_k4
1.5B,logic,logic-0057,test,vote,8,1.0,660.0,vote_k8
1.5B,logic,logic-0057,test,oracle,8,1.0,660.0,oracle_k8
1.5B,logic,logic-0057,test,judge,8,0.0,933.0,judge_k8
1.5B,logic,logic-0057,test,seq,1,0.0,70.0,seq_r1
1.5B,logic,logic-0057,test,seq,2,1.0,319.0,seq_r2
1.5B,logic,logic-0057,test,seq,3,1.0,711.0,seq_r3
1.5B,logic,logic-0057,test,seq,4,1.0,1103.0,seq_r4
1.5B,logic,logic-0057,test,long,2,1.0,280.0,long_m2
1.5B,logic,logic-0057,test,long,4,1.0,280.0,long_m4
1.5B,logic,logic-0057,test,debate,6,1.0,533.0,debate_a3r2
1.5B,logic,logic-0058,test,single,1,0.0,70.0,
1.5B,logic,logic-0058,test,vote,4,0.0,276.5,vote_k4
1.5B,logic,logic-0058,test,oracle,4,0.0,276.5,oracle_k4
1.5B,logic,logic-0058,test,judge,4,0.0,402.5,judge_k4
1.5B,logic,logic-0058,test,vote,8,0.0,792.0,vote_k8
1.5B,logic,logic-0058,test,oracle,8,0.0,792.0,oracle_k8
1.5B,logic,logic-0058,test,judge,8,0.0,1143.0,judge_k8
1.5B,logic,logic-0058,test,seq,1,0.0,70.0,seq_r1
1.5B,logic,logic-0058,test,seq,2,0.0,227.0,seq_r2
1.5B,logic,logic-0058,test,seq,3,0.0,464.0,seq_r3
1.5B,logic,logic-0058,test,seq,4,0.0,727.0,seq_r4
1.5B,logic,logic-0058,test,long,2,1.0,303.0,long_m2
1.5B,logic,logic-0058,test,long,4,1.0,303.0,long_m4
1.5B,logic,logic-0058,test,debate,6,0.0,1041.0,debate_a3r2
1.5B,logic,logic-0059,test,single,1,0.0,77.0,
1.5B,logic,logic-0059,test,vote,4,0.0,657.0,vote_k4
1.5B,logic,logic-0059,test,oracle,4,0.5,657.0,oracle_k4
1.5B,logic,logic-0059,test,judge,4,0.0,1142.0,judge_k4
1.5B,logic,logic-0059,test,vote,8,0.0,1173.0,vote_k8
1.5B,logic,logic-0059,test,oracle,8,1.0,1173.0,oracle_k8
1.5B,logic,logic-0059,test,judge,8,0.0,1902.0,judge_k8
1.5B,logic,logic-0059,test,seq,1,0.0,77.0,seq_r1
1.5B,logic,logic-0059,test,seq,2,0.0,381.0,seq_r2
1.5B,logic,logic-0059,test,seq,3,0.0,772.0,seq_r3
1.5B,logic,logic-0059,test,seq,4,0.0,1144.0,seq_r4
1.5B,logic,logic-0059,test,long,2,0.0,333.0,long_m2
1.5B,logic,logic-0059,test,long,4,0.0,333.0,long_m4
1.5B,logic,logic-0059,test,debate,6,0.0,1000.0,debate_a3r2
1.5B,logic,logic-0060,test,single,1,1.0,155.0,
1.5B,logic,logic-0060,test,vote,4,1.0,419.0,vote_k4
1.5B,logic,logic-0060,test,oracle,4,1.0,419.0,oracle_k4
1.5B,logic,logic-0060,test,judge,4,1.0,688.5,judge_k4
1.5B,logic,logic-0060,test,vote,8,1.0,753.0,vote_k8
1.5B,logic,logic-0060,test,oracle,8,1.0,753.0,oracle_k8
1.5B,logic,logic-0060,test,judge,8,1.0,1115.0,judge_k8
1.5B,logic,logic-0060,test,seq,1,1.0,155.0,seq_r1
1.5B,logic,logic-0060,test,seq,2,1.0,378.0,seq_r2
1.5B,logic,logic-0060,test,seq,3,1.0,560.0,seq_r3
1.5B,logic,logic-0060,test,seq,4,1.0,755.0,seq_r4
1.5B,logic,logic-0060,test,long,2,1.0,313.0,long_m2
1.5B,logic,logic-0060,test,long,4,1.0,313.0,long_m4
1.5B,logic,logic-0060,test,debate,6,1.0,793.0,debate_a3r2
1.5B,logic,logic-0061,test,single,1,0.0,72.0,
1.5B,logic,logic-0061,test,vote,4,0.0,275.0,vote_k4
1.5B,logic,logic-0061,test,oracle,4,0.0,275.0,oracle_k4
1.5B,logic,logic-0061,test,judge,4,0.0,401.0,judge_k4
1.5B,logic,logic-0061,test,vote,8,0.0,550.0,vote_k8
1.5B,logic,logic-0061,test,oracle,8,0.0,550.0,oracle_k8
1.5B,logic,logic-0061,test,judge,8,0.0,709.0,judge_k8
1.5B,logic,logic-0061,test,seq,1,0.0,72.0,seq_r1
1.5B,logic,logic-0061,test,seq,2,0.0,356.0,seq_r2
1.5B,logic,logic-0061,test,seq,3,0.0,672.0,seq_r3
1.5B,logic,logic-0061,test,seq,4,0.0,846.0,seq_r4
1.5B,logic,logic-0061,test,long,2,0.0,246.0,long_m2
1.5B,logic,logic-0061,test,long,4,0.0,246.0,long_m4
1.5B,logic,logic-0061,test,debate,6,0.0,521.0,debate_a3r2
1.5B,logic,logic-0062,test,single,1,0.0,88.0,
1.5B,logic,logic-0062,test,vote,4,0.0,333.5,vote_k4
1.5B,logic,logic-0062,test,oracle,4,0.0,333.5,oracle_k4
1.5B,logic,logic-0062,test,judge,4,0.0,521.5,judge_k4
1.5B,logic,logic-0062,test,vote,8,0.0,633.0,vote_k8
1.5B,logic,logic-0062,test,oracle,8,0.0,633.0,oracle_k8
1.5B,logic,logic-0062,test,judge,8,0.0,884.0,judge_k8
1.5B,logic,logic-0062,test,seq,1,0.0,88.0,seq_r1
1.5B,logic,logic-0062,test,seq,2,0.0,233.0,seq_r2
1.5B,logic,logic-0062,test,seq,3,0.0,380.0,seq_r3
1.5B,logic,logic-0062,test,seq,4,0.0,521.0,seq_r4
1.5B,logic,logic-0062,test,long,2,1.0,269.0,long_m2
1.5B,logic,logic-0062,test,long,4,1.0,269.0,long_m4
1.5B,logic,logic-0062,test,debate,6,0.0,635.0,debate_a3r2
1.5B,logic,logic-0063,test,single,1,0.0,65.0,
1.5B,logic,logic-0063,test,vote,4,0.0,273.0,vote_k4
1.5B,logic,logic-0063,test,oracle,4,0.5,273.0,oracle_k4
1.5B,logic,logic-0063,test,judge,4,0.0,400.0,judge_k4
1.5B,logic,logic-0063,test,vote,8,0.0,646.0,vote_k8
1.5B,logic,logic-0063,test,oracle,8,1.0,646.0,oracle_k8
1.5B,logic,logic-0063,test,judge,8,0.0,907.0,judge_k8
1.5B,logic,logic-0063,test,seq,1,0.0,65.0,seq_r1
1.5B,logic,logic-0063,test,seq,2,1.0,307.0,seq_r2
1.5B,logic,logic-0063,test,seq,3,1.0,694.0,seq_r3
1.5B,logic,logic-0063,test,seq,4,1.0,1067.0,seq_r4
1.5B,logic,logic-0063,test,long,2,1.0,281.0,long_m2
1.5B,logic,logic-0063,test,long,4,1.0,281.0,long_m4
1.5B,logic,logic-0063,test,debate,6,0.0,514.0,debate_a3r2
1.5B,logic,logic-0064,test,single,1,1.0,291.0,
1.5B,logic,logic-0064,test,vote,4,1.0,621.0,vote_k4
1.5B,logic,logic-0064,test,oracle,4,1.0,621.0,oracle_k4
1.5B,logic,logic-0064,test,judge,4,1.0,1073.0,judge_k4
1.5B,logic,logic-0064,test,vote,8,1.0,1243.0,vote_k8
1.5B,logic,logic-0064,test,oracle,8,1.0,1243.0,oracle_k8
1.5B,logic,logic-0064,test,judge,8,1.0,2035.0,judge_k8
1.5B,logic,logic-0064,test,seq,1,1.0,291.0,seq_r1
1.5B,logic,logic-0064,test,seq,2,1.0,805.0,seq_r2
1.5B,logic,logic-0064,test,seq,3,1.0,1291.0,seq_r3
1.5B,logic,logic-0064,test,seq,4,0.0,1873.0,seq_r4
1.5B,logic,logic-0064,test,long,2,1.0,345.0,long_m2
1.5B,logic,logic-0064,test,long,4,1.0,345.0,long_m4
1.5B,logic,logic-0064,test,debate,6,1.0,1596.0,debate_a3r2
1.5B,logic,logic-0065,test,single,1,0.0,62.0,
1.5B,logic,logic-0065,test,vote,4,0.0,254.5,vote_k4
1.5B,logic,logic-0065,test,oracle,4,0.0,254.5,oracle_k4
1.5B,logic,logic-0065,test,judge,4,0.0,379.5,judge_k4
1.5B,logic,logic-0065,test,vote,8,0.0,512.0,vote_k8
1.5B,logic,logic-0065,test,oracle,8,0.0,512.0,oracle_k8
1.5B,logic,logic-0065,test,judge,8,0.0,679.0,judge_k8
1.5B,logic,logic-0065,test,seq,1,0.0,62.0,seq_r1
1.5B,logic,logic-0065,test,seq,2,0.0,305.0,seq_r2
1.5B,logic,logic-0065,test,seq,3,0.0,632.0,seq_r3
1.5B,logic,logic-0065,test,seq,4,0.0,898.0,seq_r4
1.5B,logic,logic-0065,test,long,2,1.0,233.0,long_m2
1.5B,logic,logic-0065,test,long,4,1.0,233.0,long_m4
1.5B,logic,logic-0065,test,debate,6,0.0,514.0,debate_a3r2
1.5B,logic,logic-0066,test,single,1,0.0,67.0,
1.5B,logic,logic-0066,test,vote,4,0.5,264.0,vote_k4
1.5B,logic,logic-0066,test,oracle,4,1.0,264.0,oracle_k4
1.5B,logic,logic-0066,test,judge,4,1.0,385.5,judge_k4
1.5B,logic,logic-0066,test,vote,8,0.0,533.0,vote_k8
1.5B,logic,logic-0066,test,oracle,8,1.0,533.0,oracle_k8
1.5B,logic,logic-0066,test,judge,8,0.0,688.0,judge_k8
1.5B,logic,logic-0066,test,seq,1,0.0,67.0,seq_r1
1.5B,logic,logic-0066,test,seq,2,0.0,179.0,seq_r2
1.5B,logic,logic-0066,test,seq,3,0.0,356.0,seq_r3
1.5B,logic,logic-0066,test,seq,4,0.0,611.0,seq_r4
1.5B,logic,logic-0066,test,long,2,0.0,291.0,long_m2
1.5B,logic,logic-0066,test,long,4,0.0,291.0,long_m4
1.5B,logic,logic-0066,test,debate,6,0.0,516.0,debate_a3r2
1.5B,logic,logic-0067,test,single,1,1.0,68.0,
1.5B,logic,logic-0067,test,vote,4,1.0,279.5,vote_k4
1.5B,logic,logic-0067,test,oracle,4,1.0,279.5,oracle_k4
1.5B,logic,logic-0067,test,judge,4,1.0,406.0,judge_k4
1.5B,logic,logic-0067,test,vote,8,1.0,791.0,vote_k8
1.5B,logic,logic-0067,test,oracle,8,1.0,791.0,oracle_k8
1.5B,logic,logic-0067,test,judge,8,1.0,1181.0,judge_k8
1.5B,logic,logic-0067,test,seq,1,1.0,68.0,seq_r1
1.5B,logic,logic-0067,test,seq,2,0.0,353.0,seq_r2
1.5B,logic,logic-0067,test,seq,3,0.0,788.0,seq_r3
1.5B,logic,logic-0067,test,seq,4,0.0,1190.0,seq_r4
1.5B,logic,logic-0067,test,long,2,0.0,325.0,long_m2
1.5B,logic,logic-0067,test,long,4,0.0,325.0,long_m4
1.5B,logic,logic-0067,test,debate,6,1.0,1052.0,debate_a3r2
1.5B,logic,logic-0068,test,single,1,0.0,74.0,
1.5B,logic,logic-0068,test,vote,4,0.5,347.0,vote_k4
1.5B,logic,logic-0068,test,oracle,4,1.0,347.0,oracle_k4
1.5B,logic,logic-0068,test,judge,4,0.5,535.0,judge_k4
1.5B,logic,logic-0068,test,vote,8,1.0,693.0,vote_k8
1.5B,logic,logic-0068,test,oracle,8,1.0,693.0,oracle_k8
1.5B,logic,logic-0068,test,judge,8,0.0,972.0,judge_k8
1.5B,logic,logic-0068,test,seq,1,0.0,74.0,seq_r1
1.5B,logic,logic-0068,test,seq,2,0.0,446.0,seq_r2
1.5B,logic,logic-0068,test,seq,3,0.0,1080.0,seq_r3
1.5B,logic,logic-0068,test,seq,4,0.0,1657.0,seq_r4
1.5B,logic,logic-0068,test,long,2,0.0,358.0,long_m2
1.5B,logic,logic-0068,test,long,4,0.0,358.0,long_m4
1.5B,logic,logic-0068,test,debate,6,0.0,559.0,debate_a3r2
1.5B,logic,logic-0069,test,single,1,0.0,244.0,
1.5B,logic,logic-0069,test,vote,4,0.0,699.5,vote_k4
1.5B,logic,logic-0069,test,oracle,4,0.5,699.5,oracle_k4
1.5B,logic,logic-0069,test,judge,4,0.0,1256.5,judge_k4
1.5B,logic,logic-0069,test,vote,8,0.0,1220.0,vote_k8
1.5B,logic,logic-0069,test,oracle,8,1.0,1220.0,oracle_k8
1.5B,logic,logic-0069,test,judge,8,0.0,2066.0,judge_k8
1.5B,logic,logic-0069,test,seq,1,0.0,244.0,seq_r1
1.5B,logic,logic-0069,test,seq,2,0.0,592.0,seq_r2
1.5B,logic,logic-0069,test,seq,3,0.0,826.0,seq_r3
1.5B,logic,logic-0069,test,seq,4,0.0,1058.0,seq_r4
1.5B,logic,logic-0069,test,long,2,0.0,328.0,long_m2
1.5B,logic,logic-0069,test,long,4,0.0,328.0,long_m4
1.5B,logic,logic-0069,test,debate,6,0.0,1789.0,debate_a3r2
1.5B,logic,logic-0070,test,single,1,1.0,62.0,
1.5B,logic,logic-0070,test,vote,4,1.0,249.0,vote_k4
1.5B,logic,logic-0070,test,oracle,4,1.0,249.0,oracle_k4
1.5B,logic,logic-0070,test,judge,4,1.0,364.5,judge_k4
1.5B,logic,logic-0070,test,vote,8,1.0,501.0,vote_k8
1.5B,logic,logic-0070,test,oracle,8,1.0,501.0,oracle_k8
1.5B,logic,logic-0070,test,judge,8,1.0,649.0,judge_k8
1.5B,logic,logic-0070,test,seq,1,1.0,62.0,seq_r1
1.5B,logic,logic-0070,test,seq,2,0.0,265.0,seq_r2
1.5B,logic,logic-0070,test,seq,3,0.0,577.0,seq_r3
1.5B,logic,logic-0070,test,seq,4,0.0,890.0,seq_r4
1.5B,logic,logic-0070,test,long,2,0.0,275.0,long_m2
1.5B,logic,logic-0070,test,long,4,0.0,275.0,long_m4
1.5B,logic,logic-0070,test,debate,6,0.0,479.0,debate_a3r2
1.5B,logic,logic-0071,test,single,1,0.0,76.0,
1.5B,logic,logic-0071,test,vote,4,0.0,346.5,vote_k4
1.5B,logic,logic-0071,test,oracle,4,0.5,346.5,oracle_k4
1.5B,logic,logic-0071,test,judge,4,0.5,524.0,judge_k4
1.5B,logic,logic-0071,test,vote,8,0.0,912.0,vote_k8
1.5B,logic,logic-0071,test,oracle,8,1.0,912.0,oracle_k8
1.5B,logic,logic-0071,test,judge,8,0.0,1382.0,judge_k8
1.5B,logic,logic-0071,test,seq,1,0.0,76.0,seq_r1
1.5B,logic,logic-0071,test,seq,2,0.0,471.0,seq_r2
1.5B,logic,logic-0071,test,seq,3,1.0,1073.0,seq_r3
1.5B,logic,logic-0071,test,seq,4,1.0,1525.0,seq_r4
1.5B,logic,logic-0071,test,long,2,0.0,376.0,long_m2
1.5B,logic,logic-0071,test,long,4,0.0,376.0,long_m4
1.5B,logic,logic-0071,test,debate,6,0.0,1092.0,debate_a3r2
1.5B,logic,logic-0072,test,single,1,1.0,71.0,
1.5B,logic,logic-0072,test,vote,4,1.0,445.5,vote_k4
1.5B,logic,logic-0072,test,oracle,4,1.0,445.5,oracle_k4
1.5B,logic,logic-0072,test,judge,4,0.5,739.5,judge_k4
1.5B,logic,logic-0072,test,vote,8,1.0,887.0,vote_k8
1.5B,logic,logic-0072,test,oracle,8,1.0,887.0,oracle_k8
1.5B,logic,logic-0072,test,judge,8,1.0,1381.0,judge_k8
1.5B,logic,logic-0072,test,seq,1,1.0,71.0,seq_r1
1.5B,logic,logic-0072,test,seq,2,1.0,229.0,seq_r2
1.5B,logic,logic-0072,test,seq,3,1.0,423.0,seq_r3
1.5B,logic,logic-0072,test,seq,4,1.0,602.0,seq_r4
1.5B,logic,logic-0072,test,long,2,1.0,349.0,long_m2
1.5B,logic,logic-0072,test,long,4,1.0,349.0,long_m4
1.5B,logic,logic-0072,test,debate,6,1.0,539.0,debate_a3r2
1.5B,logic,logic-0073,test,single,1,0.0,66.0,
1.5B,logic,logic-0073,test,vote,4,0.0,259.5,vote_k4
1.5B,logic,logic-0073,test,oracle,4,0.5,259.5,oracle_k4
1.5B,logic,logic-0073,test,judge,4,0.5,387.0,judge_k4
1.5B,logic,logic-0073,test,vote,8,0.0,509.0,vote_k8
1.5B,logic,logic-0073,test,oracle,8,1.0,509.0,oracle_k8
1.5B,logic,logic-0073,test,judge,8,0.0,668.0,judge_k8
1.5B,logic,logic-0073,test,seq,1,0.0,66.0,seq_r1
1.5B,logic,logic-0073,test,seq,2,0.0,224.0,seq_r2
1.5B,logic,logic-0073,test,seq,3,0.0,437.0,seq_r3
1.5B,logic,logic-0073,test,seq,4,0.0,650.0,seq_r4
1.5B,logic,logic-0073,test,long,2,0.0,269.0,long_m2
1.5B,logic,logic-0073,test,long,4,0.0,269.0,long_m4
1.5B,logic,logic-0073,test,debate,6,1.0,505.0,debate_a3r2
1.5B,logic,logic-0074,test,single,1,0.0,90.0,
1.5B,logic,logic-0074,test,vote,4,0.0,620.5,vote_k4
1.5B,logic,logic-0074,test,oracle,4,1.0,620.5,oracle_k4
1.5B,logic,logic-0074,test,judge,4,0.5,1070.5,judge_k4
1.5B,logic,logic-0074,test,vote,8,1.0,1117.0,vote_k8
1.5B,logic,logic-0074,test,oracle,8,1.0,1117.0,oracle_k8
1.5B,logic,logic-0074,test,judge,8,1.0,1794.0,judge_k8
1.5B,logic,logic-0074,test,seq,1,0.0,90.0,seq_r1
1.5B,logic,logic-0074,test,seq,2,1.0,418.0,seq_r2
1.5B,logic,logic-0074,test,seq,3,0.0,941.0,seq_r3
1.5B,logic,logic-0074,test,seq,4,0.0,1478.0,seq_r4
1.5B,logic,logic-0074,test,long,2,1.0,296.0,long_m2
1.5B,logic,logic-0074,test,long,4,1.0,296.0,long_m4
1.5B,logic,logic-0074,test,debate,6,1.0,1039.0,debate_a3r2
1.5B,logic,logic-0075,test,single,1,0.0,77.0,
1.5B,logic,logic-0075,test,vote,4,0.0,373.5,vote_k4
1.5B,logic,logic-0075,test,oracle,4,0.0,373.5,oracle_k4
1.5B,logic,logic-0075,test,judge,4,0.0,575.5,judge_k4
1.5B,logic,logic-0075,test,vote,8,0.0,878.0,vote_k8
1.5B,logic,logic-0075,test,oracle,8,0.0,878.0,oracle_k8
1.5B,logic,logic-0075,test,judge,8,0.0,1315.0,judge_k8
1.5B,logic,logic-0075,test,seq,1,0.0,77.0,seq_r1
1.5B,logic,logic-0075,test,seq,2,0.0,322.0,seq_r2
1.5B,logic,logic-0075,test,seq,3,0.0,764.0,seq_r3
1.5B,logic,logic-0075,test,seq,4,0.0,1254.0,seq_r4
1.5B,logic,logic-0075,test,long,2,0.0,419.0,long_m2
1.5B,logic,logic-0075,test,long,4,0.0,419.0,long_m4
1.5B,logic,logic-0075,test,debate,6,0.0,576.0,debate_a3r2
1.5B,logic,logic-0076,test,single,1,0.0,64.0,
1.5B,logic,logic-0076,test,vote,4,0.5,251.5,vote_k4
1.5B,logic,logic-0076,test,oracle,4,1.0,251.5,oracle_k4
1.5B,logic,logic-0076,test,judge,4,0.5,375.0,judge_k4
1.5B,logic,logic-0076,test,vote,8,1.0,508.0,vote_k8
1.5B,logic,logic-0076,test,oracle,8,1.0,508.0,oracle_k8
1.5B,logic,logic-0076,test,judge,8,0.0,673.0,judge_k8
1.5B,logic,logic-0076,test,seq,1,0.0,64.0,seq_r1
1.5B,logic,logic-0076,test,seq,2,0.0,227.0,seq_r2
1.5B,logic,logic-0076,test,seq,3,0.0,524.0,seq_r3
1.5B,logic,logic-0076,test,seq,4,0.0,899.0,seq_r4
1.5B,logic,logic-0076,test,long,2,0.0,327.0,long_m2
1.5B,logic,logic-0076,test,long,4,0.0,327.0,long_m4
1.5B,logic,logic-0076,test,debate,6,1.0,497.0,debate_a3r2
1.5B,logic,logic-0077,test,single,1,1.0,60.0,
1.5B,logic,logic-0077,test,vote,4,1.0,294.5,vote_k4
1.5B,logic,logic-0077,test,oracle,4,1.0,294.5,oracle_k4
1.5B,logic,logic-0077,test,judge,4,1.0,459.0,judge_k4
1.5B,logic,logic-0077,test,vote,8,1.0,589.0,vote_k8
1.5B,logic,logic-0077,test,oracle,8,1.0,589.0,oracle_k8
1.5B,logic,logic-0077,test,judge,8,1.0,832.0,judge_k8
1.5B,logic,logic-0077,test,seq,1,1.0,60.0,seq_r1
1.5B,logic,logic-0077,test,seq,2,1.0,159.0,seq_r2
1.5B,logic,logic-0077,test,seq,3,0.0,313.0,seq_r3
1.5B,logic,logic-0077,test,seq,4,0.0,466.0,seq_r4
1.5B,logic,logic-0077,test,long,2,1.0,277.0,long_m2
1.5B,logic,logic-0077,test,long,4,1.0,277.0,long_m4
1.5B,logic,logic-0077,test,debate,6,1.0,488.0,debate_a3r2
1.5B,logic,logic-0078,test,single,1,1.0,63.0,
1.5B,logic,logic-0078,test,vote,4,1.0,246.5,vote_k4
1.5B,logic,logic-0078,test,oracle,4,1.0,246.5,oracle_k4
1.5B,logic,logic-0078,test,judge,4,1.0,368.5,judge_k4
1.5B,logic,logic-0078,test,vote,8,1.0,496.0,vote_k8
1.5B,logic,logic-0078,test,oracle,8,1.0,496.0,oracle_k8
1.5B,logic,logic-0078,test,judge,8,1.0,660.0,judge_k8
1.5B,logic,logic-0078,test,seq,1,1.0,63.0,seq_r1
1.5B,logic,logic-0078,test,seq,2,1.0,219.0,seq_r2
1.5B,logic,logic-0078,test,seq,3,0.0,479.0,seq_r3
1.5B,logic,logic-0078,test,seq,4,0.0,787.0,seq_r4
1.5B,logic,logic-0078,test,long,2,0.0,249.0,long_m2
1.5B,logic,logic-0078,test,long,4,0.0,249.0,long_m4
1.5B,logic,logic-0078,test,debate,6,1.0,498.0,debate_a3r2
1.5B,logic,logic-0079,test,single,1,1.0,71.0,
1.5B,logic,logic-0079,test,vote,4,1.0,279.5,vote_k4
1.5B,logic,logic-0079,test,oracle,4,1.0,279.5,oracle_k4
1.5B,logic,logic-0079,test,judge,4,1.0,411.5,judge_k4
1.5B,logic,logic-0079,test,vote,8,1.0,562.0,vote_k8
1.5B,logic,logic-0079,test,oracle,8,1.0,562.0,oracle_k8
1.5B,logic,logic-0079,test,judge,8,1.0,737.0,judge_k8
1.5B,logic,logic-0079,test,seq,1,1.0,71.0,seq_r1
1.5B,logic,logic-0079,test,seq,2,1.0,226.0,seq_r2
1.5B,logic,logic-0079,test,seq,3,1.0,404.0,seq_r3
1.5B,logic,logic-0079,test,seq,4,1.0,558.0,seq_r4
1.5B,logic,logic-0079,test,long,2,1.0,261.0,long_m2
1.5B,logic,logic-0079,test,long,4,1.0,261.0,long_m4
1.5B,logic,logic-0079,test,debate,6,1.0,545.0,debate_a3r2
1.5B,logic,logic-0080,test,single,1,1.0,63.0,
1.5B,logic,logic-0080,test,vote,4,1.0,253.0,vote_k4
1.5B,logic,logic-0080,test,oracle,4,1.0,253.0,oracle_k4
1.5B,logic,logic-0080,test,judge,4,1.0,378.0,judge_k4
1.5B,logic,logic-0080,test,vote,8,1.0,505.0,vote_k8
1.5B,logic,logic-0080,test,oracle,8,1.0,505.0,oracle_k8
1.5B,logic,logic-0080,test,judge,8,1.0,670.0,judge_k8
1.5B,logic,logic-0080,test,seq,1,1.0,63.0,seq_r1
1.5B,logic,logic-0080,test,seq,2,1.0,207.0,seq_r2
1.5B,logic,logic-0080,test,seq,3,1.0,396.0,seq_r3
1.5B,logic,logic-0080,test,seq,4,1.0,585.0,seq_r4
1.5B,logic,logic-0080,test,long,2,0.0,290.0,long_m2
1.5B,logic,logic-0080,test,long,4,0.0,290.0,long_m4
1.5B,logic,logic-0080,test,debate,6,1.0,509.0,debate_a3r2
1.5B,logic,logic-0081,test,single,1,1.0,251.0,
1.5B,logic,logic-0081,test,vote,4,1.0,535.0,vote_k4
1.5B,logic,logic-0081,test,oracle,4,1.0,535.0,oracle_k4
1.5B,logic,logic-0081,test,judge,4,1.0,933.5,judge_k4
1.5B,logic,logic-0081,test,vote,8,1.0,853.0,vote_k8
1.5B,logic,logic-0081,test,oracle,8,1.0,853.0,oracle_k8
1.5B,logic,logic-0081,test,judge,8,1.0,1347.0,judge_k8
1.5B,logic,logic-0081,test,seq,1,1.0,251.0,seq_r1
1.5B,logic,logic-0081,test,seq,2,1.0,723.0,seq_r2
1.5B,logic,logic-0081,test,seq,3,0.0,1257.0,seq_r3
1.5B,logic,logic-0081,test,seq,4,1.0,1730.0,seq_r4
1.5B,logic,logic-0081,test,long,2,1.0,219.0,long_m2
1.5B,logic,logic-0081,test,long,4,1.0,219.0,long_m4
1.5B,logic,logic-0081,test,debate,6,1.0,1430.0,debate_a3r2
1.5B,logic,logic-0082,test,single,1,0.0,76.0,
1.5B,logic,logic-0082,test,vote,4,0.0,302.5,vote_k4
1.5B,logic,logic-0082,test,oracle,4,0.0,302.5,oracle_k4
1.5B,logic,logic-0082,test,judge,4,0.0,436.5,judge_k4
1.5B,logic,logic-0082,test,vote,8,0.0,603.0,vote_k8
1.5B,logic,logic-0082,test,oracle,8,0.0,603.0,oracle_k8
1.5B,logic,logic-0082,test,judge,8,0.0,771.0,judge_k8
1.5B,logic,logic-0082,test,seq,1,0.0,76.0,seq_r1
1.5B,logic,logic-0082,test,seq,2,0.0,293.0,seq_r2
1.5B,logic,logic-0082,test,seq,3,0.0,657.0,seq_r3
1.5B,logic,logic-0082,test,seq,4,0.0,1042.0,seq_r4
1.5B,logic,logic-0082,test,long,2,0.0,225.0,long_m2
1.5B,logic,logic-0082,test,long,4,0.0,225.0,long_m4
1.5B,logic,logic-0082,test,debate,6,0.0,575.0,debate_a3r2
1.5B,logic,logic-0083,test,single,1,0.0,127.0,
1.5B,logic,logic-0083,test,vote,4,0.0,380.0,vote_k4
1.5B,logic,logic-0083,test,oracle,4,0.0,380.0,oracle_k4
1.5B,logic,logic-0083,test,judge,4,0.0,615.0,judge_k4
1.5B,logic,logic-0083,test,vote,8,0.0,697.0,vote_k8
1.5B,logic,logic-0083,test,oracle,8,1.0,697.0,oracle_k8
1.5B,logic,logic-0083,test,judge,8,0.0,1014.0,judge_k8
1.5B,logic,logic-0083,test,seq,1,0.0,127.0,seq_r1
1.5B,logic,logic-0083,test,seq,2,0.0,302.0,seq_r2
1.5B,logic,logic-0083,test,seq,3,0.0,443.0,seq_r3
1.5B,logic,logic-0083,test,seq,4,0.0,705.0,seq_r4
1.5B,logic,logic-0083,test,long,2,1.0,275.0,long_m2
1.5B,logic,logic-0083,test,long,4,1.0,275.0,long_m4
1.5B,logic,logic-0083,test,debate,6,0.0,696.0,debate_a3r2
1.5B,logic,logic-0084,test,single,1,1.0,56.0,
1.5B,logic,logic-0084,test,vote,4,1.0,228.0,vote_k4
1.5B,logic,logic-0084,test,oracle,4,1.0,228.0,oracle_k4
1.5B,logic,logic-0084,test,judge,4,1.0,337.0,judge_k4
1.5B,logic,logic-0084,test,vote,8,1.0,471.0,vote_k8
1.5B,logic,logic-0084,test,oracle,8,1.0,471.0,oracle_k8
1.5B,logic,logic-0084,test,judge,8,1.0,620.0,judge_k8
1.5B,logic,logic-0084,test,seq,1,1.0,56.0,seq_r1
1.5B,logic,logic-0084,test,seq,2,0.0,179.0,seq_r2
1.5B,logic,logic-0084,test,seq,3,0.0,326.0,seq_r3
1.5B,logic,logic-0084,test,seq,4,0.0,476.0,seq_r4
1.5B,logic,logic-0084,test,long,2,0.0,187.0,long_m2
1.5B,logic,logic-0084,test,long,4,0.0,187.0,long_m4
1.5B,logic,logic-0084,test,debate,6,1.0,467.0,debate_a3r2
1.5B,logic,logic-0085,test,single,1,0.0,59.0,
1.5B,logic,logic-0085,test,vote,4,0.0,251.0,vote_k4
1.5B,logic,logic-0085,test,oracle,4,0.0,251.0,oracle_k4
1.5B,logic,logic-0085,test,judge,4,0.0,371.5,judge_k4
1.5B,logic,logic-0085,test,vote,8,0.0,506.0,vote_k8
1.5B,logic,logic-0085,test,oracle,8,0.0,506.0,oracle_k8
1.5B,logic,logic-0085,test,judge,8,0.0,668.0,judge_k8
1.5B,logic,logic-0085,test,seq,1,0.0,59.0,seq_r1
1.5B,logic,logic-0085,test,seq,2,0.0,274.0,seq_r2
1.5B,logic,logic-0085,test,seq,3,0.0,498.0,seq_r3
1.5B,logic,logic-0085,test,seq,4,0.0,678.0,seq_r4
1.5B,logic,logic-0085,test,long,2,1.0,217.0,long_m2
1.5B,logic,logic-0085,test,long,4,1.0,217.0,long_m4
1.5B,logic,logic-0085,test,debate,6,0.0,503.0,debate_a3r2
1.5B,logic,logic-0086,test,single,1,0.0,179.0,
1.5B,logic,logic-0086,test,vote,4,0.5,396.0,vote_k4
1.5B,logic,logic-0086,test,oracle,4,1.0,396.0,oracle_k4
1.5B,logic,logic-0086,test,judge,4,0.5,644.5,judge_k4
1.5B,logic,logic-0086,test,vote,8,0.0,680.0,vote_k8
1.5B,logic,logic-0086,test,oracle,8,1.0,680.0,oracle_k8
1.5B,logic,logic-0086,test,judge,8,0.0,974.0,judge_k8
1.5B,logic,logic-0086,test,seq,1,0.0,179.0,seq_r1
1.5B,logic,logic-0086,test,seq,2,0.0,409.0,seq_r2
1.5B,logic,logic-0086,test,seq,3,0.0,545.0,seq_r3
1.5B,logic,logic-0086,test,seq,4,0.0,847.0,seq_r4
1.5B,logic,logic-0086,test,long,2,1.0,294.0,long_m2
1.5B,logic,logic-0086,test,long,4,1.0,294.0,long_m4
1.5B,logic,logic-0086,test,debate,6,1.0,861.0,debate_a3r2
1.5B,logic,logic-0087,test,single,1,1.0,57.0,
1.5B,logic,logic-0087,test,vote,4,1.0,232.0,vote_k4
1.5B,logic,logic-0087,test,oracle,4,1.0,232.0,oracle_k4
1.5B,logic,logic-0087,test,judge,4,1.0,343.0,judge_k4
1.5B,logic,logic-0087,test,vote,8,1.0,466.0,vote_k8
1.5B,logic,logic-0087,test,oracle,8,1.0,466.0,oracle_k8
1.5B,logic,logic-0087,test,judge,8,1.0,608.0,judge_k8
1.5B,logic,logic-0087,test,seq,1,1.0,57.0,seq_r1
1.5B,logic,logic-0087,test,seq,2,0.0,164.0,seq_r2
1.5B,logic,logic-0087,test,seq,3,0.0,341.0,seq_r3
1.5B,logic,logic-0087,test,seq,4,0.0,570.0,seq_r4
1.5B,logic,logic-0087,test,long,2,1.0,254.0,long_m2
1.5B,logic,logic-0087,test,long,4,1.0,254.0,long_m4
1.5B,logic,logic-0087,test,debate,6,1.0,460.0,debate_a3r2
1.5B,logic,logic-0088,test,single,1,1.0,69.0,
1.5B,logic,logic-0088,test,vote,4,1.0,358.0,vote_k4
1.5B,logic,logic-0088,test,oracle,4,1.0,358.0,oracle_k4
1.5B,logic,logic-0088,test,judge,4,1.0,567.5,judge_k4
1.5B,logic,logic-0088,test,vote,8,1.0,684.0,vote_k8
1.5B,logic,logic-0088,test,oracle,8,1.0,684.0,oracle_k8
1.5B,logic,logic-0088,test,judge,8,1.0,981.0,judge_k8
1.5B,logic,logic-0088,test,seq,1,1.0,69.0,seq_r1
1.5B,logic,logic-0088,test,seq,2,1.0,290.0,seq_r2
1.5B,logic,logic-0088,test,seq,3,1.0,625.0,seq_r3
1.5B,logic,logic-0088,test,seq,4,1.0,972.0,seq_r4
1.5B,logic,logic-0088,test,long,2,1.0,233.0,long_m2
1.5B,logic,logic-0088,test,long,4,1.0,233.0,long_m4
1.5B,logic,logic-0088,test,debate,6,1.0,779.0,debate_a3r2
1.5B,logic,logic-0089,test,single,1,1.0,68.0,
1.5B,logic,logic-0089,test,vote,4,1.0,271.0,vote_k4
1.5B,logic,logic-0089,test,oracle,4,1.0,271.0,oracle_k4
1.5B,logic,logic-0089,test,judge,4,1.0,411.0,judge_k4
1.5B,logic,logic-0089,test,vote,8,1.0,532.0,vote_k8
1.5B,logic,logic-0089,test,oracle,8,1.0,532.0,oracle_k8
1.5B,logic,logic-0089,test,judge,8,1.0,717.0,judge_k8
1.5B,logic,logic-0089,test,seq,1,1.0,68.0,seq_r1
1.5B,logic,logic-0089,test,seq,2,1.0,283.0,seq_r2
1.5B,logic,logic-0089,test,seq,3,1.0,522.0,seq_r3
1.5B,logic,logic-0089,test,seq,4,1.0,761.0,seq_r4
1.5B,logic,logic-0089,test,long,2,1.0,310.0,long_m2
1.5B,logic,logic-0089,test,long,4,1.0,310.0,long_m4
1.5B,logic,logic-0089,test,debate,6,1.0,550.0,debate_a3r2
1.5B,mbpp,mbpp-0000,calib,single,1,0.0,153.0,
1.5B,mbpp,mbpp-0000,calib,prog,4,0.0,605.0,prog_k4
1.5B,mbpp,mbpp-0000,calib,oracle,4,0.0,605.0,oracle_k4
1.5B,mbpp,mbpp-0000,calib,judge,4,0.0,865.0,judge_k4
1.5B,mbpp,mbpp-0000,calib,prog,8,0.0,1208.0,prog_k8
1.5B,mbpp,mbpp-0000,calib,oracle,8,0.0,1208.0,oracle_k8
1.5B,mbpp,mbpp-0000,calib,judge,8,0.0,1568.0,judge_k8
1.5B,mbpp,mbpp-0000,calib,seq,1,0.0,153.0,seq_r1
1.5B,mbpp,mbpp-0000,calib,seq,2,0.0,527.0,seq_r2
1.5B,mbpp,mbpp-0000,calib,seq,3,0.0,1001.0,seq_r3
1.5B,mbpp,mbpp-0000,calib,seq,4,0.0,1429.0,seq_r4
1.5B,mbpp,mbpp-0000,calib,long,2,0.0,221.0,long_m2
1.5B,mbpp,mbpp-0000,calib,long,4,0.0,221.0,long_m4
1.5B,mbpp,mbpp-0000,calib,debate,6,0.0,1159.0,debate_a3r2
1.5B,mbpp,mbpp-0001,calib,single,1,1.0,102.0,
1.5B,mbpp,mbpp-0001,calib,prog,4,1.0,415.0,prog_k4
1.5B,mbpp,mbpp-0001,calib,oracle,4,1.0,415.0,oracle_k4
1.5B,mbpp,mbpp-0001,calib,judge,4,1.0,672.0,judge_k4
1.5B,mbpp,mbpp-0001,calib,prog,8,1.0,828.0,prog_k8
1.5B,mbpp,mbpp-0001,calib,oracle,8,1.0,828.0,oracle_k8
1.5B,mbpp,mbpp-0001,calib,judge,8,1.0,1246.0,judge_k8
1.5B,mbpp,mbpp-0001,calib,seq,1,1.0,102.0,seq_r1
1.5B,mbpp,mbpp-0001,calib,seq,2,0.0,289.0,seq_r2
1.5B,mbpp,mbpp-0001,calib,seq,3,0.0,572.0,seq_r3
1.5B,mbpp,mbpp-0001,calib,seq,4,0.0,854.0,seq_r4
1.5B,mbpp,mbpp-0001,calib,long,2,1.0,160.0,long_m2
1.5B,mbpp,mbpp-0001,calib,long,4,1.0,160.0,long_m4
1.5B,mbpp,mbpp-0001,calib,debate,6,1.0,893.0,debate_a3r2
1.5B,mbpp,mbpp-0002,calib,single,1,0.0,87.0,
1.5B,mbpp,mbpp-0002,calib,prog,4,0.0,356.0,prog_k4
1.5B,mbpp,mbpp-0002,calib,oracle,4,0.0,356.0,oracle_k4
1.5B,mbpp,mbpp-0002,calib,judge,4,0.0,524.0,judge_k4
1.5B,mbpp,mbpp-0002,calib,prog,8,0.0,712.0,prog_k8
1.5B,mbpp,mbpp-0002,calib,oracle,8,0.0,712.0,oracle_k8
1.5B,mbpp,mbpp-0002,calib,judge,8,0.0,944.0,judge_k8
1.5B,mbpp,mbpp-0002,calib,seq,1,0.0,87.0,seq_r1
1.5B,mbpp,mbpp-0002,calib,seq,2,0.0,244.0,seq_r2
1.5B,mbpp,mbpp-0002,calib,seq,3,0.0,531.0,seq_r3
1.5B,mbpp,mbpp-0002,calib,seq,4,0.0,818.0,seq_r4
1.5B,mbpp,mbpp-0002,calib,long,2,0.0,187.0,long_m2
1.5B,mbpp,mbpp-0002,calib,long,4,0.0,187.0,long_m4
1.5B,mbpp,mbpp-0002,calib,debate,6,0.0,679.0,debate_a3r2
1.5B,mbpp,mbpp-0003,calib,single,1,1.0,130.0,
1.5B,mbpp,mbpp-0003,calib,prog,4,1.0,493.5,prog_k4
1.5B,mbpp,mbpp-0003,calib,oracle,4,1.0,493.5,oracle_k4
1.5B,mbpp,mbpp-0003,calib,judge,4,0.5,744.0,judge_k4
1.5B,mbpp,mbpp-0003,calib,prog,8,1.0,1070.0,prog_k8
1.5B,mbpp,mbpp-0003,calib,oracle,8,1.0,1070.0,oracle_k8
1.5B,mbpp,mbpp-0003,calib,judge,8,1.0,1531.0,judge_k8
1.5B,mbpp,mbpp-0003,calib,seq,1,1.0,130.0,seq_r1
1.5B,mbpp,mbpp-0003,calib,seq,2,0.0,460.0,seq_r2
1.5B,mbpp,mbpp-0003,calib,seq,3,0.0,804.0,seq_r3
1.5B,mbpp,mbpp-0003,calib,seq,4,1.0,1026.0,seq_r4
1.5B,mbpp,mbpp-0003,calib,long,2,0.0,161.0,long_m2
1.5B,mbpp,mbpp-0003,calib,long,4,0.0,161.0,long_m4
1.5B,mbpp,mbpp-0003,calib,debate,6,1.0,1132.0,debate_a3r2
1.5B,mbpp,mbpp-0004,calib,single,1,0.0,154.0,
1.5B,mbpp,mbpp-0004,calib,prog,4,1.0,557.5,prog_k4
1.5B,mbpp,mbpp-0004,calib,oracle,4,1.0,557.5,oracle_k4
1.5B,mbpp,mbpp-0004,calib,judge,4,1.0,885.5,judge_k4
1.5B,mbpp,mbpp-0004,calib,prog,8,1.0,1037.0,prog_k8
1.5B,mbpp,mbpp-0004,calib,oracle,8,1.0,1037.0,oracle_k8
1.5B,mbpp,mbpp-0004,calib,judge,8,0.0,1496.0,judge_k8
1.5B,mbpp,mbpp-0004,calib,seq,1,0.0,154.0,seq_r1
1.5B,mbpp,mbpp-0004,calib,seq,2,0.0,492.0,seq_r2
1.5B,mbpp,mbpp-0004,calib,seq,3,0.0,825.0,seq_r3
1.5B,mbpp,mbpp-0004,calib,seq,4,0.0,1103.0,seq_r4
1.5B,mbpp,mbpp-0004,calib,long,2,1.0,196.0,long_m2
1.5B,mbpp,mbpp-0004,calib,long,4,1.0,196.0,long_m4
1.5B,mbpp,mbpp-0004,calib,debate,6,1.0,1257.0,debate_a3r2
1.5B,mbpp,mbpp-0005,calib,single,1,0.0,214.0,
1.5B,mbpp,mbpp-0005,calib,prog,4,0.0,826.0,prog_k4
1.5B,mbpp,mbpp-0005,calib,oracle,4,0.0,826.0,oracle_k4
1.5B,mbpp,mbpp-0005,calib,judge,4,0.0,1157.5,judge_k4
1.5B,mbpp,mbpp-0005,calib,prog,8,0.0,1636.0,prog_k8
1.5B,mbpp,mbpp-0005,calib,oracle,8,0.0,1636.0,oracle_k8
1.5B,mbpp,mbpp-0005,calib,judge,8,0.0,2076.0,judge_k8
1.5B,mbpp,mbpp-0005,calib,seq,1,0.0,214.0,seq_r1
1.5B,mbpp,mbpp-0005,calib,seq,2,0.0,492.0,seq_r2
1.5B,mbpp,mbpp-0005,calib,seq,3,0.0,898.0,seq_r3
1.5B,mbpp,mbpp-0005,calib,seq,4,0.0,1282.0,seq_r4
1.5B,mbpp,mbpp-0005,calib,long,2,0.0,256.0,long_m2
1.5B,mbpp,mbpp-0005,calib,long,4,0.0,256.0,long_m4
1.5B,mbpp,mbpp-0005,calib,debate,6,0.0,1529.0,debate_a3r2
1.5B,mbpp,mbpp-0006,calib,single,1,0.0,150.0,
1.5B,mbpp,mbpp-0006,calib,prog,4,0.0,601.5,prog_k4
1.5B,mbpp,mbpp-0006,calib,oracle,4,0.0,601.5,oracle_k4
1.5B,mbpp,mbpp-0006,calib,judge,4,0.0,960.0,judge_k4
1.5B,mbpp,mbpp-0006,calib,prog,8,0.0,1205.0,prog_k8
1.5B,mbpp,mbpp-0006,calib,oracle,8,0.0,1205.0,oracle_k8
1.5B,mbpp,mbpp-0006,calib,judge,8,0.0,1804.0,judge_k8
1.5B,mbpp,mbpp-0006,calib,seq,1,0.0,150.0,seq_r1
1.5B,mbpp,mbpp-0006,calib,seq,2,0.0,387.0,seq_r2
1.5B,mbpp,mbpp-0006,calib,seq,3,0.0,638.0,seq_r3
1.5B,mbpp,mbpp-0006,calib,seq,4,0.0,905.0,seq_r4
1.5B,mbpp,mbpp-0006,calib,long,2,0.0,203.0,long_m2
1.5B,mbpp,mbpp-0006,calib,long,4,0.0,203.0,long_m4
1.5B,mbpp,mbpp-0006,calib,debate,6,0.0,1376.0,debate_a3r2
1.5B,mbpp,mbpp-0007,calib,single,1,0.0,90.0,
1.5B,mbpp,mbpp-0007,calib,prog,4,0.0,388.5,prog_k4
1.5B,mbpp,mbpp-0007,calib,oracle,4,0.0,388.5,oracle_k4
1.5B,mbpp,mbpp-0007,calib,judge,4,0.0,621.0,judge_k4
1.5B,mbpp,mbpp-0007,calib,prog,8,1.0,776.0,prog_k8
1.5B,mbpp,mbpp-0007,calib,oracle,8,1.0,776.0,oracle_k8
1.5B,mbpp,mbpp-0007,calib,judge,8,0.0,1147.0,judge_k8
1.5B,mbpp,mbpp-0007,calib,seq,1,0.0,90.0,seq_r1
1.5B,mbpp,mbpp-0007,calib,seq,2,0.0,309.0,seq_r2
1.5B,mbpp,mbpp-0007,calib,seq,3,0.0,534.0,seq_r3
1.5B,mbpp,mbpp-0007,calib,seq,4,0.0,683.0,seq_r4
1.5B,mbpp,mbpp-0007,calib,long,2,0.0,152.0,long_m2
1.5B,mbpp,mbpp-0007,calib,long,4,0.0,152.0,long_m4
1.5B,mbpp,mbpp-0007,calib,debate,6,0.0,863.0,debate_a3r2
1.5B,mbpp,mbpp-0008,calib,single,1,0.0,90.0,
1.5B,mbpp,mbpp-0008,calib,prog,4,0.0,473.5,prog_k4
1.5B,mbpp,mbpp-0008,calib,oracle,4,0.0,473.5,oracle_k4
1.5B,mbpp,mbpp-0008,calib,judge,4,0.0,730.0,judge_k4
1.5B,mbpp,mbpp-0008,calib,prog,8,0.0,1009.0,prog_k8
1.5B,mbpp,mbpp-0008,calib,oracle,8,0.0,1009.0,oracle_k8
1.5B,mbpp,mbpp-0008,calib,judge,8,0.0,1470.0,judge_k8
1.5B,mbpp,mbpp-0008,calib,seq,1,0.0,90.0,seq_r1
1.5B,mbpp,mbpp-0008,calib,seq,2,0.0,290.0,seq_r2
1.5B,mbpp,mbpp-0008,calib,seq,3,0.0,566.0,seq_r3
1.5B,mbpp,mbpp-0008,calib,seq,4,0.0,834.0,seq_r4
1.5B,mbpp,mbpp-0008,calib,long,2,0.0,180.0,long_m2
1.5B,mbpp,mbpp-0008,calib,long,4,0.0,180.0,long_m4
1.5B,mbpp,mbpp-0008,calib,debate,6,0.0,996.0,debate_a3r2
1.5B,mbpp,mbpp-0009,calib,single,1,0.0,125.0,
1.5B,mbpp,mbpp-0009,calib,prog,4,0.0,468.5,prog_k4
1.5B,mbpp,mbpp-0009,calib,oracle,4,0.0,468.5,oracle_k4
1.5B,mbpp,mbpp-0009,calib,judge,4,0.0,783.0,judge_k4
1.5B,mbpp,mbpp-0009,calib,prog,8,0.0,885.0,prog_k8
1.5B,mbpp,mbpp-0009,calib,oracle,8,0.0,885.0,oracle_k8
1.5B,mbpp,mbpp-0009,calib,judge,8,0.0,1368.0,judge_k8
1.5B,mbpp,mbpp-0009,calib,seq,1,0.0,125.0,seq_r1
1.5B,mbpp,mbpp-0009,calib,seq,2,0.0,409.0,seq_r2
1.5B,mbpp,mbpp-0009,calib,seq,3,0.0,699.0,seq_r3
1.5B,mbpp,mbpp-0009,calib,seq,4,0.0,1014.0,seq_r4
1.5B,mbpp,mbpp-0009,calib,long,2,0.0,170.0,long_m2
1.5B,mbpp,mbpp-0009,calib,long,4,0.0,170.0,long_m4
1.5B,mbpp,mbpp-0009,calib,debate,6,0.0,1130.0,debate_a3r2
1.5B,mbpp,mbpp-0010,calib,single,1,0.0,149.0,
1.5B,mbpp,mbpp-0010,calib,prog,4,0.0,572.5,prog_k4
1.5B,mbpp,mbpp-0010,calib,oracle,4,0.0,572.5,oracle_k4
1.5B,mbpp,mbpp-0010,calib,judge,4,0.0,979.0,judge_k4
1.5B,mbpp,mbpp-0010,calib,prog,8,0.0,1139.0,prog_k8
1.5B,mbpp,mbpp-0010,calib,oracle,8,0.0,1139.0,oracle_k8
1.5B,mbpp,mbpp-0010,calib,judge,8,0.0,1848.0,judge_k8
1.5B,mbpp,mbpp-0010,calib,seq,1,0.0,149.0,seq_r1
1.5B,mbpp,mbpp-0010,calib,seq,2,0.0,408.0,seq_r2
1.5B,mbpp,mbpp-0010,calib,seq,3,0.0,667.0,seq_r3
1.5B,mbpp,mbpp-0010,calib,seq,4,0.0,993.0,seq_r4
1.5B,mbpp,mbpp-0010,calib,long,2,0.0,184.0,long_m2
1.5B,mbpp,mbpp-0010,calib,long,4,0.0,184.0,long_m4
1.5B,mbpp,mbpp-0010,calib,debate,6,0.0,1439.0,debate_a3r2
1.5B,mbpp,mbpp-0011,calib,single,1,1.0,92.0,
1.5B,mbpp,mbpp-0011,calib,prog,4,1.0,365.5,prog_k4
1.5B,mbpp,mbpp-0011,calib,oracle,4,1.0,365.5,oracle_k4
1.5B,mbpp,mbpp-0011,calib,judge,4,1.0,568.0,judge_k4
1.5B,mbpp,mbpp-0011,calib,prog,8,1.0,731.0,prog_k8
1.5B,mbpp,mbpp-0011,calib,oracle,8,1.0,731.0,oracle_k8
1.5B,mbpp,mbpp-0011,calib,judge,8,0.0,1039.0,judge_k8
1.5B,mbpp,mbpp-0011,calib,seq,1,1.0,92.0,seq_r1
1.5B,mbpp,mbpp-0011,calib,seq,2,0.0,297.0,seq_r2
1.5B,mbpp,mbpp-0011,calib,seq,3,0.0,502.0,seq_r3
1.5B,mbpp,mbpp-0011,calib,seq,4,0.0,652.0,seq_r4
1.5B,mbpp,mbpp-0011,calib,long,2,1.0,152.0,long_m2
1.5B,mbpp,mbpp-0011,calib,long,4,1.0,152.0,long_m4
1.5B,mbpp,mbpp-0011,calib,debate,6,1.0,808.0,debate_a3r2
1.5B,mbpp,mbpp-0012,calib,single,1,0.0,178.0,
1.5B,mbpp,mbpp-0012,calib,prog,4,0.0,615.5,prog_k4
1.5B,mbpp,mbpp-0012,calib,oracle,4,0.0,615.5,oracle_k4
1.5B,mbpp,mbpp-0012,calib,judge,4,0.0,1088.0,judge_k4
1.5B,mbpp,mbpp-0012,calib,prog,8,0.0,1218.0,prog_k8
1.5B,mbpp,mbpp-0012,calib,oracle,8,0.0,1218.0,oracle_k8
1.5B,mbpp,mbpp-0012,calib,judge,8,0.0,2060.0,judge_k8
1.5B,mbpp,mbpp-0012,calib,seq,1,0.0,178.0,seq_r1
1.5B,mbpp,mbpp-0012,calib,seq,2,0.0,613.0,seq_r2
1.5B,mbpp,mbpp-0012,calib,seq,3,0.0,1047.0,seq_r3
1.5B,mbpp,mbpp-0012,calib,seq,4,0.0,1370.0,seq_r4
1.5B,mbpp,mbpp-0012,calib,long,2,0.0,203.0,long_m2
1.5B,mbpp,mbpp-0012,calib,long,4,0.0,203.0,long_m4
1.5B,mbpp,mbpp-0012,calib,debate,6,0.0,1760.0,debate_a3r2
1.5B,mbpp,mbpp-0013,calib,single,1,0.0,157.0,
1.5B,mbpp,mbpp-0013,calib,prog,4,1.0,625.5,prog_k4
1.5B,mbpp,mbpp-0013,calib,oracle,4,1.0,625.5,oracle_k4
1.5B,mbpp,mbpp-0013,calib,judge,4,1.0,889.0,judge_k4
1.5B,mbpp,mbpp-0013,calib,prog,8,1.0,1253.0,prog_k8
1.5B,mbpp,mbpp-0013,calib,oracle,8,1.0,1253.0,oracle_k8
1.5B,mbpp,mbpp-0013,calib,judge,8,1.0,1622.0,judge_k8
1.5B,mbpp,mbpp-0013,calib,seq,1,0.0,157.0,seq_r1
1.5B,mbpp,mbpp-0013,calib,seq,2,1.0,366.0,seq_r2
1.5B,mbpp,mbpp-0013,calib,seq,3,1.0,576.0,seq_r3
1.5B,mbpp,mbpp-0013,calib,seq,4,1.0,787.0,seq_r4
1.5B,mbpp,mbpp-0013,calib,long,2,1.0,189.0,long_m2
1.5B,mbpp,mbpp-0013,calib,long,4,1.0,189.0,long_m4
1.5B,mbpp,mbpp-0013,calib,debate,6,1.0,1150.0,debate_a3r2
1.5B,mbpp,mbpp-0014,calib,single,1,0.0,126.0,
1.5B,mbpp,mbpp-0014,calib,prog,4,0.0,564.0,prog_k4
1.5B,mbpp,mbpp-0014,calib,oracle,4,0.0,564.0,oracle_k4
1.5B,mbpp,mbpp-0014,calib,judge,4,0.0,854.5,judge_k4
1.5B,mbpp,mbpp-0014,calib,prog,8,0.0,1112.0,prog_k8
1.5B,mbpp,mbpp-0014,calib,oracle,8,0.0,1112.0,oracle_k8
1.5B,mbpp,mbpp-0014,calib,judge,8,0.0,1545.0,judge_k8
1.5B,mbpp,mbpp-0014,calib,seq,1,0.0,126.0,seq_r1
1.5B,mbpp,mbpp-0014,calib,seq,2,0.0,309.0,seq_r2
1.5B,mbpp,mbpp-0014,calib,seq,3,0.0,617.0,seq_r3
1.5B,mbpp,mbpp-0014,calib,seq,4,0.0,978.0,seq_r4
1.5B,mbpp,mbpp-0014,calib,long,2,0.0,291.0,long_m2
1.5B,mbpp,mbpp-0014,calib,long,4,0.0,291.0,long_m4
1.5B,mbpp,mbpp-0014,calib,debate,6,0.0,925.0,debate_a3r2
1.5B,mbpp,mbpp-0015,calib,single,1,0.0,133.0,
1.5B,mbpp,mbpp-0015,calib,prog,4,0.0,672.5,prog_k4
1.5B,mbpp,mbpp-0015,calib,oracle,4,0.0,672.5,oracle_k4
1.5B,mbpp,mbpp-0015,calib,judge,4,0.0,1001.0,judge_k4
1.5B,mbpp,mbpp-0015,calib,prog,8,0.0,1532.0,prog_k8
1.5B,mbpp,mbpp-0015,calib,oracle,8,0.0,1532.0,oracle_k8
1.5B,mbpp,mbpp-0015,calib,judge,8,0.0,2220.0,judge_k8
1.5B,mbpp,mbpp-0015,calib,seq,1,0.0,133.0,seq_r1
1.5B,mbpp,mbpp-0015,calib,seq,2,0.0,445.0,seq_r2
1.5B,mbpp,mbpp-0015,calib,seq,3,0.0,770.0,seq_r3
1.5B,mbpp,mbpp-0015,calib,seq,4,0.0,1033.0,seq_r4
1.5B,mbpp,mbpp-0015,calib,long,2,0.0,329.0,long_m2
1.5B,mbpp,mbpp-0015,calib,long,4,0.0,329.0,long_m4
1.5B,mbpp,mbpp-0015,calib,debate,6,0.0,1461.0,debate_a3r2
1.5B,mbpp,mbpp-0016,calib,single,1,0.0,64.0,
1.5B,mbpp,mbpp-0016,calib,prog,4,1.0,283.0,prog_k4
1.5B,mbpp,mbpp-0016,calib,oracle,4,1.0,283.0,oracle_k4
1.5B,mbpp,mbpp-0016,calib,judge,4,1.0,430.0,judge_k4
1.5B,mbpp,mbpp-0016,calib,prog,8,1.0,574.0,prog_k8
1.5B,mbpp,mbpp-0016,calib,oracle,8,1.0,574.0,oracle_k8
1.5B,mbpp,mbpp-0016,calib,judge,8,1.0,788.0,judge_k8
1.5B,mbpp,mbpp-0016,calib,seq,1,0.0,64.0,seq_r1
1.5B,mbpp,mbpp-0016,calib,seq,2,1.0,177.0,seq_r2
1.5B,mbpp,mbpp-0016,calib,seq,3,1.0,304.0,seq_r3
1.5B,mbpp,mbpp-0016,calib,seq,4,1.0,431.0,seq_r4
1.5B,mbpp,mbpp-0016,calib,long,2,1.0,114.0,long_m2
1.5B,mbpp,mbpp-0016,calib,long,4,1.0,114.0,long_m4
1.5B,mbpp,mbpp-0016,calib,debate,6,1.0,595.0,debate_a3r2
1.5B,mbpp,mbpp-0017,calib,single,1,0.0,120.0,
1.5B,mbpp,mbpp-0017,calib,prog,4,0.0,440.5,prog_k4
1.5B,mbpp,mbpp-0017,calib,oracle,4,0.5,440.5,oracle_k4
1.5B,mbpp,mbpp-0017,calib,judge,4,0.0,722.5,judge_k4
1.5B,mbpp,mbpp-0017,calib,prog,8,0.0,904.0,prog_k8
1.5B,mbpp,mbpp-0017,calib,oracle,8,1.0,904.0,oracle_k8
1.5B,mbpp,mbpp-0017,calib,judge,8,0.0,1400.0,judge_k8
1.5B,mbpp,mbpp-0017,calib,seq,1,0.0,120.0,seq_r1
1.5B,mbpp,mbpp-0017,calib,seq,2,0.0,349.0,seq_r2
1.5B,mbpp,mbpp-0017,calib,seq,3,0.0,583.0,seq_r3
1.5B,mbpp,mbpp-0017,calib,seq,4,0.0,840.0,seq_r4
1.5B,mbpp,mbpp-0017,calib,long,2,0.0,171.0,long_m2
1.5B,mbpp,mbpp-0017,calib,long,4,0.0,171.0,long_m4
1.5B,mbpp,mbpp-0017,calib,debate,6,0.0,955.0,debate_a3r2
1.5B,mbpp,mbpp-0018,calib,single,1,0.0,113.0,
1.5B,mbpp,mbpp-0018,calib,prog,4,1.0,516.0,prog_k4
1.5B,mbpp,mbpp-0018,calib,oracle,4,1.0,516.0,oracle_k4
1.5B,mbpp,mbpp-0018,calib,judge,4,1.0,856.0,judge_k4
1.5B,mbpp,mbpp-0018,calib,prog,8,1.0,1041.0,prog_k8
1.5B,mbpp,mbpp-0018,calib,oracle,8,1.0,1041.0,oracle_k8
1.5B,mbpp,mbpp-0018,calib,judge,8,0.0,1630.0,judge_k8
1.5B,mbpp,mbpp-0018,calib,seq,1,0.0,113.0,seq_r1
1.5B,mbpp,mbpp-0018,calib,seq,2,0.0,309.0,seq_r2
1.5B,mbpp,mbpp-0018,calib,seq,3,0.0,586.0,seq_r3
1.5B,mbpp,mbpp-0018,calib,seq,4,0.0,863.0,seq_r4
1.5B,mbpp,mbpp-0018,calib,long,2,1.0,176.0,long_m2
1.5B,mbpp,mbpp-0018,calib,long,4,1.0,176.0,long_m4
1.5B,mbpp,mbpp-0018,calib,debate,6,0.0,1148.0,debate_a3r2
1.5B,mbpp,mbpp-0019,calib,single,1,1.0,159.0,
1.5B,mbpp,mbpp-0019,calib,prog,4,1.0,529.5,prog_k4
1.5B,mbpp,mbpp-0019,calib,oracle,4,1.0,529.5,oracle_k4
1.5B,mbpp,mbpp-0019,calib,judge,4,1.0,805.5,judge_k4
1.5B,mbpp,mbpp-0019,calib,prog,8,1.0,975.0,prog_k8
1.5B,mbpp,mbpp-0019,calib,oracle,8,1.0,975.0,oracle_k8
1.5B,mbpp,mbpp-0019,calib,judge,8,1.0,1316.0,judge_k8
1.5B,mbpp,mbpp-0019,calib,seq,1,1.0,159.0,seq_r1
1.5B,mbpp,mbpp-0019,calib,seq,2,1.0,444.0,seq_r2
1.5B,mbpp,mbpp-0019,calib,seq,3,1.0,764.0,seq_r3
1.5B,mbpp,mbpp-0019,calib,seq,4,1.0,1098.0,seq_r4
1.5B,mbpp,mbpp-0019,calib,long,2,0.0,155.0,long_m2
1.5B,mbpp,mbpp-0019,calib,long,4,0.0,155.0,long_m4
1.5B,mbpp,mbpp-0019,calib,debate,6,1.0,1145.0,debate_a3r2
1.5B,mbpp,mbpp-0020,calib,single,1,1.0,112.0,
1.5B,mbpp,mbpp-0020,calib,prog,4,1.0,454.0,prog_k4
1.5B,mbpp,mbpp-0020,calib,oracle,4,1.0,454.0,oracle_k4
1.5B,mbpp,mbpp-0020,calib,judge,4,0.0,729.5,judge_k4
1.5B,mbpp,mbpp-0020,calib,prog,8,1.0,1070.0,prog_k8
1.5B,mbpp,mbpp-0020,calib,oracle,8,1.0,1070.0,oracle_k8
1.5B,mbpp,mbpp-0020,calib,judge,8,1.0,1681.0,judge_k8
1.5B,mbpp,mbpp-0020,calib,seq,1,1.0,112.0,seq_r1
1.5B,mbpp,mbpp-0020,calib,seq,2,1.0,326.0,seq_r2
1.5B,mbpp,mbpp-0020,calib,seq,3,0.0,612.0,seq_r3
1.5B,mbpp,mbpp-0020,calib,seq,4,1.0,896.0,seq_r4
1.5B,mbpp,mbpp-0020,calib,long,2,1.0,205.0,long_m2
1.5B,mbpp,mbpp-0020,calib,long,4,1.0,205.0,long_m4
1.5B,mbpp,mbpp-0020,calib,debate,6,0.0,1310.0,debate_a3r2
1.5B,mbpp,mbpp-0021,calib,single,1,0.0,96.0,
1.5B,mbpp,mbpp-0021,calib,prog,4,0.0,422.5,prog_k4
1.5B,mbpp,mbpp-0021,calib,oracle,4,0.0,422.5,oracle_k4
1.5B,mbpp,mbpp-0021,calib,judge,4,0.0,671.0,judge_k4
1.5B,mbpp,mbpp-0021,calib,prog,8,0.0,805.0,prog_k8
1.5B,mbpp,mbpp-0021,calib,oracle,8,0.0,805.0,oracle_k8
1.5B,mbpp,mbpp-0021,calib,judge,8,0.0,1162.0,judge_k8
1.5B,mbpp,mbpp-0021,calib,seq,1,0.0,96.0,seq_r1
1.5B,mbpp,mbpp-0021,calib,seq,2,0.0,249.0,seq_r2
1.5B,mbpp,mbpp-0021,calib,seq,3,0.0,405.0,seq_r3
1.5B,mbpp,mbpp-0021,calib,seq,4,0.0,559.0,seq_r4
1.5B,mbpp,mbpp-0021,calib,long,2,0.0,193.0,long_m2
1.5B,mbpp,mbpp-0021,calib,long,4,0.0,193.0,long_m4
1.5B,mbpp,mbpp-0021,calib,debate,6,0.0,856.0,debate_a3r2
1.5B,mbpp,mbpp-0022,calib,single,1,0.0,111.0,
1.5B,mbpp,mbpp-0022,calib,prog,4,0.0,446.0,prog_k4
1.5B,mbpp,mbpp-0022,calib,oracle,4,0.0,446.0,oracle_k4
1.5B,mbpp,mbpp-0022,calib,judge,4,0.0,659.5,judge_k4
1.5B,mbpp,mbpp-0022,calib,prog,8,0.0,931.0,prog_k8
1.5B,mbpp,mbpp-0022,calib,oracle,8,0.0,931.0,oracle_k8
1.5B,mbpp,mbpp-0022,calib,judge,8,0.0,1279.0,judge_k8
1.5B,mbpp,mbpp-0022,calib,seq,1,0.0,111.0,seq_r1
1.5B,mbpp,mbpp-0022,calib,seq,2,0.0,276.0,seq_r2
1.5B,mbpp,mbpp-0022,calib,seq,3,0.0,446.0,seq_r3
1.5B,mbpp,mbpp-0022,calib,seq,4,0.0,616.0,seq_r4
1.5B,mbpp,mbpp-0022,calib,long,2,1.0,194.0,long_m2
1.5B,mbpp,mbpp-0022,calib,long,4,1.0,194.0,long_m4
1.5B,mbpp,mbpp-0022,calib,debate,6,0.0,888.0,debate_a3r2
1.5B,mbpp,mbpp-0023,calib,single,1,1.0,110.0,
1.5B,mbpp,mbpp-0023,calib,prog,4,1.0,405.0,prog_k4
1.5B,mbpp,mbpp-0023,calib,oracle,4,1.0,405.0,oracle_k4
1.5B,mbpp,mbpp-0023,calib,judge,4,1.0,634.5,judge_k4
1.5B,mbpp,mbpp-0023,calib,prog,8,1.0,792.0,prog_k8
1.5B,mbpp,mbpp-0023,calib,oracle,8,1.0,792.0,oracle_k8
1.5B,mbpp,mbpp-0023,calib,judge,8,1.0,1133.0,judge_k8
1.5B,mbpp,mbpp-0023,calib,seq,1,1.0,110.0,seq_r1
1.5B,mbpp,mbpp-0023,calib,seq,2,1.0,297.0,seq_r2
1.5B,mbpp,mbpp-0023,calib,seq,3,1.0,494.0,seq_r3
1.5B,mbpp,mbpp-0023,calib,seq,4,0.0,695.0,seq_r4
1.5B,mbpp,mbpp-0023,calib,long,2,1.0,144.0,long_m2
1.5B,mbpp,mbpp-0023,calib,long,4,1.0,144.0,long_m4
1.5B,mbpp,mbpp-0023,calib,debate,6,1.0,875.0,debate_a3r2
1.5B,mbpp,mbpp-0024,calib,single,1,1.0,166.0,
1.5B,mbpp,mbpp-0024,calib,prog,4,1.0,658.5,prog_k4
1.5B,mbpp,mbpp-0024,calib,oracle,4,1.0,658.5,oracle_k4
1.5B,mbpp,mbpp-0024,calib,judge,4,1.0,1038.5,judge_k4
1.5B,mbpp,mbpp-0024,calib,prog,8,1.0,1354.0,prog_k8
1.5B,mbpp,mbpp-0024,calib,oracle,8,1.0,1354.0,oracle_k8
1.5B,mbpp,mbpp-0024,calib,judge,8,1.0,2015.0,judge_k8
1.5B,mbpp,mbpp-0024,calib,seq,1,1.0,166.0,seq_r1
1.5B,mbpp,mbpp-0024,calib,seq,2,1.0,479.0,seq_r2
1.5B,mbpp,mbpp-0024,calib,seq,3,1.0,898.0,seq_r3
1.5B,mbpp,mbpp-0024,calib,seq,4,1.0,1317.0,seq_r4
1.5B,mbpp,mbpp-0024,calib,long,2,0.0,242.0,long_m2
1.5B,mbpp,mbpp-0024,calib,long,4,0.0,242.0,long_m4
1.5B,mbpp,mbpp-0024,calib,debate,6,1.0,1445.0,debate_a3r2
1.5B,mbpp,mbpp-0025,calib,single,1,0.0,111.0,
1.5B,mbpp,mbpp-0025,calib,prog,4,0.0,472.5,prog_k4
1.5B,mbpp,mbpp-0025,calib,oracle,4,0.0,472.5,oracle_k4
1.5B,mbpp,mbpp-0025,calib,judge,4,0.0,729.0,judge_k4
1.5B,mbpp,mbpp-0025,calib,prog,8,0.0,938.0,prog_k8
1.5B,mbpp,mbpp-0025,calib,oracle,8,0.0,938.0,oracle_k8
1.5B,mbpp,mbpp-0025,calib,judge,8,0.0,1333.0,judge_k8
1.5B,mbpp,mbpp-0025,calib,seq,1,0.0,111.0,seq_r1
1.5B,mbpp,mbpp-0025,calib,seq,2,0.0,310.0,seq_r2
1.5B,mbpp,mbpp-0025,calib,seq,3,0.0,514.0,seq_r3
1.5B,mbpp,mbpp-0025,calib,seq,4,0.0,689.0,seq_r4
1.5B,mbpp,mbpp-0025,calib,long,2,0.0,167.0,long_m2
1.5B,mbpp,mbpp-0025,calib,long,4,0.0,167.0,long_m4
1.5B,mbpp,mbpp-0025,calib,debate,6,0.0,965.0,debate_a3r2
1.5B,mbpp,mbpp-0026,calib,single,1,0.0,123.0,
1.5B,mbpp,mbpp-0026,calib,prog,4,0.0,960.5,prog_k4
1.5B,mbpp,mbpp-0026,calib,oracle,4,0.0,960.5,oracle_k4
1.5B,mbpp,mbpp-0026,calib,judge,4,0.0,1545.5,judge_k4
1.5B,mbpp,mbpp-0026,calib,prog,8,0.0,2464.0,prog_k8
1.5B,mbpp,mbpp-0026,calib,oracle,8,0.0,2464.0,oracle_k8
1.5B,mbpp,mbpp-0026,calib,judge,8,0.0,3874.0,judge_k8
1.5B,mbpp,mbpp-0026,calib,seq,1,0.0,123.0,seq_r1
1.5B,mbpp,mbpp-0026,calib,seq,2,0.0,465.0,seq_r2
1.5B,mbpp,mbpp-0026,calib,seq,3,0.0,992.0,seq_r3
1.5B,mbpp,mbpp-0026,calib,seq,4,0.0,1579.0,seq_r4
1.5B,mbpp,mbpp-0026,calib,long,2,0.0,368.0,long_m2
1.5B,mbpp,mbpp-0026,calib,long,4,0.0,368.0,long_m4
1.5B,mbpp,mbpp-0026,calib,debate,6,0.0,2086.0,debate_a3r2
1.5B,mbpp,mbpp-0027,calib,single,1,0.0,115.0,
1.5B,mbpp,mbpp-0027,calib,prog,4,1.0,517.5,prog_k4
1.5B,mbpp,mbpp-0027,calib,oracle,4,1.0,517.5,oracle_k4
1.5B,mbpp,mbpp-0027,calib,judge,4,0.5,743.5,judge_k4
1.5B,mbpp,mbpp-0027,calib,prog,8,1.0,1094.0,prog_k8
1.5B,mbpp,mbpp-0027,calib,oracle,8,1.0,1094.0,oracle_k8
1.5B,mbpp,mbpp-0027,calib,judge,8,1.0,1466.0,judge_k8
1.5B,mbpp,mbpp-0027,calib,seq,1,0.0,115.0,seq_r1
1.5B,mbpp,mbpp-0027,calib,seq,2,1.0,299.0,seq_r2
1.5B,mbpp,mbpp-0027,calib,seq,3,1.0,518.0,seq_r3
1.5B,mbpp,mbpp-0027,calib,seq,4,1.0,737.0,seq_r4
1.5B,mbpp,mbpp-0027,calib,long,2,1.0,229.0,long_m2
1.5B,mbpp,mbpp-0027,calib,long,4,1.0,229.0,long_m4
1.5B,mbpp,mbpp-0027,calib,debate,6,1.0,937.0,debate_a3r2
1.5B,mbpp,mbpp-0028,calib,single,1,0.0,106.0,
1.5B,mbpp,mbpp-0028,calib,prog,4,0.0,384.0,prog_k4
1.5B,mbpp,mbpp-0028,calib,oracle,4,0.0,384.0,oracle_k4
1.5B,mbpp,mbpp-0028,calib,judge,4,0.0,571.5,judge_k4
1.5B,mbpp,mbpp-0028,calib,prog,8,0.0,751.0,prog_k8
1.5B,mbpp,mbpp-0028,calib,oracle,8,0.0,751.0,oracle_k8
1.5B,mbpp,mbpp-0028,calib,judge,8,0.0,1002.0,judge_k8
1.5B,mbpp,mbpp-0028,calib,seq,1,0.0,106.0,seq_r1
1.5B,mbpp,mbpp-0028,calib,seq,2,0.0,292.0,seq_r2
1.5B,mbpp,mbpp-0028,calib,seq,3,1.0,505.0,seq_r3
1.5B,mbpp,mbpp-0028,calib,seq,4,1.0,722.0,seq_r4
1.5B,mbpp,mbpp-0028,calib,long,2,0.0,142.0,long_m2
1.5B,mbpp,mbpp-0028,calib,long,4,0.0,142.0,long_m4
1.5B,mbpp,mbpp-0028,calib,debate,6,0.0,808.0,debate_a3r2
1.5B,mbpp,mbpp-0029,calib,single,1,0.0,120.0,
1.5B,mbpp,mbpp-0029,calib,prog,4,0.0,497.5,prog_k4
1.5B,mbpp,mbpp-0029,calib,oracle,4,0.0,497.5,oracle_k4
1.5B,mbpp,mbpp-0029,calib,judge,4,0.0,786.5,judge_k4
1.5B,mbpp,mbpp-0029,calib,prog,8,0.0,1001.0,prog_k8
1.5B,mbpp,mbpp-0029,calib,oracle,8,0.0,1001.0,oracle_k8
1.5B,mbpp,mbpp-0029,calib,judge,8,0.0,1476.0,judge_k8
1.5B,mbpp,mbpp-0029,calib,seq,1,0.0,120.0,seq_r1
1.5B,mbpp,mbpp-0029,calib,seq,2,0.0,341.0,seq_r2
1.5B,mbpp,mbpp-0029,calib,seq,3,0.0,598.0,seq_r3
1.5B,mbpp,mbpp-0029,calib,seq,4,0.0,936.0,seq_r4
1.5B,mbpp,mbpp-0029,calib,long,2,0.0,201.0,long_m2
1.5B,mbpp,mbpp-0029,calib,long,4,0.0,201.0,long_m4
1.5B,mbpp,mbpp-0029,calib,debate,6,0.0,1386.0,debate_a3r2
1.5B,mbpp,mbpp-0030,test,single,1,0.0,96.0,
1.5B,mbpp,mbpp-0030,test,prog,4,1.0,442.0,prog_k4
1.5B,mbpp,mbpp-0030,test,oracle,4,1.0,442.0,oracle_k4
1.5B,mbpp,mbpp-0030,test,judge,4,1.0,649.5,judge_k4
1.5B,mbpp,mbpp-0030,test,prog,8,1.0,904.0,prog_k8
1.5B,mbpp,mbpp-0030,test,oracle,8,1.0,904.0,oracle_k8
1.5B,mbpp,mbpp-0030,test,judge,8,1.0,1218.0,judge_k8
1.5B,mbpp,mbpp-0030,test,seq,1,0.0,96.0,seq_r1
1.5B,mbpp,mbpp-0030,test,seq,2,1.0,294.0,seq_r2
1.5B,mbpp,mbpp-0030,test,seq,3,1.0,597.0,seq_r3
1.5B,mbpp,mbpp-0030,test,seq,4,0.0,854.0,seq_r4
1.5B,mbpp,mbpp-0030,test,long,2,0.0,204.0,long_m2
1.5B,mbpp,mbpp-0030,test,long,4,0.0,204.0,long_m4
1.5B,mbpp,mbpp-0030,test,debate,6,0.0,841.0,debate_a3r2
1.5B,mbpp,mbpp-0031,test,single,1,1.0,87.0,
1.5B,mbpp,mbpp-0031,test,prog,4,1.0,347.5,prog_k4
1.5B,mbpp,mbpp-0031,test,oracle,4,1.0,347.5,oracle_k4
1.5B,mbpp,mbpp-0031,test,judge,4,1.0,531.0,judge_k4
1.5B,mbpp,mbpp-0031,test,prog,8,1.0,694.0,prog_k8
1.5B,mbpp,mbpp-0031,test,oracle,8,1.0,694.0,oracle_k8
1.5B,mbpp,mbpp-0031,test,judge,8,1.0,985.0,judge_k8
1.5B,mbpp,mbpp-0031,test,seq,1,1.0,87.0,seq_r1
1.5B,mbpp,mbpp-0031,test,seq,2,1.0,246.0,seq_r2
1.5B,mbpp,mbpp-0031,test,seq,3,1.0,429.0,seq_r3
1.5B,mbpp,mbpp-0031,test,seq,4,1.0,640.0,seq_r4
1.5B,mbpp,mbpp-0031,test,long,2,1.0,127.0,long_m2
1.5B,mbpp,mbpp-0031,test,long,4,1.0,127.0,long_m4
1.5B,mbpp,mbpp-0031,test,debate,6,1.0,734.0,debate_a3r2
1.5B,mbpp,mbpp-0032,test,single,1,1.0,169.0,
1.5B,mbpp,mbpp-0032,test,prog,4,1.0,593.5,prog_k4
1.5B,mbpp,mbpp-0032,test,oracle,4,1.0,593.5,oracle_k4
1.5B,mbpp,mbpp-0032,test,judge,4,1.0,1042.0,judge_k4
1.5B,mbpp,mbpp-0032,test,prog,8,1.0,1195.0,prog_k8
1.5B,mbpp,mbpp-0032,test,oracle,8,1.0,1195.0,oracle_k8
1.5B,mbpp,mbpp-0032,test,judge,8,1.0,2008.0,judge_k8
1.5B,mbpp,mbpp-0032,test,seq,1,1.0,169.0,seq_r1
1.5B,mbpp,mbpp-0032,test,seq,2,1.0,659.0,seq_r2
1.5B,mbpp,mbpp-0032,test,seq,3,1.0,1125.0,seq_r3
1.5B,mbpp,mbpp-0032,test,seq,4,1.0,1441.0,seq_r4
1.5B,mbpp,mbpp-0032,test,long,2,1.0,185.0,long_m2
1.5B,mbpp,mbpp-0032,test,long,4,1.0,185.0,long_m4
1.5B,mbpp,mbpp-0032,test,debate,6,1.0,1580.0,debate_a3r2
1.5B,mbpp,mbpp-0033,test,single,1,1.0,82.0,
1.5B,mbpp,mbpp-0033,test,prog,4,1.0,328.0,prog_k4
1.5B,mbpp,mbpp-0033,test,oracle,4,1.0,328.0,oracle_k4
1.5B,mbpp,mbpp-0033,test,judge,4,1.0,507.0,judge_k4
1.5B,mbpp,mbpp-0033,test,prog,8,1.0,656.0,prog_k8
1.5B,mbpp,mbpp-0033,test,oracle,8,1.0,656.0,oracle_k8
1.5B,mbpp,mbpp-0033,test,judge,8,1.0,923.0,judge_k8
1.5B,mbpp,mbpp-0033,test,seq,1,1.0,82.0,seq_r1
1.5B,mbpp,mbpp-0033,test,seq,2,1.0,217.0,seq_r2
1.5B,mbpp,mbpp-0033,test,seq,3,1.0,357.0,seq_r3
1.5B,mbpp,mbpp-0033,test,seq,4,1.0,497.0,seq_r4
1.5B,mbpp,mbpp-0033,test,long,2,1.0,119.0,long_m2
1.5B,mbpp,mbpp-0033,test,long,4,1.0,119.0,long_m4
1.5B,mbpp,mbpp-0033,test,debate,6,1.0,708.0,debate_a3r2
1.5B,mbpp,mbpp-0034,test,single,1,0.0,148.0,
1.5B,mbpp,mbpp-0034,test,prog,4,0.0,557.5,prog_k4
1.5B,mbpp,mbpp-0034,test,oracle,4,0.0,557.5,oracle_k4
1.5B,mbpp,mbpp-0034,test,judge,4,0.0,911.5,judge_k4
1.5B,mbpp,mbpp-0034,test,prog,8,0.0,1073.0,prog_k8
1.5B,mbpp,mbpp-0034,test,oracle,8,0.0,1073.0,oracle_k8
1.5B,mbpp,mbpp-0034,test,judge,8,0.0,1633.0,judge_k8
1.5B,mbpp,mbpp-0034,test,seq,1,0.0,148.0,seq_r1
1.5B,mbpp,mbpp-0034,test,seq,2,0.0,426.0,seq_r2
1.5B,mbpp,mbpp-0034,test,seq,3,0.0,709.0,seq_r3
1.5B,mbpp,mbpp-0034,test,seq,4,0.0,960.0,seq_r4
1.5B,mbpp,mbpp-0034,test,long,2,0.0,209.0,long_m2
1.5B,mbpp,mbpp-0034,test,long,4,0.0,209.0,long_m4
1.5B,mbpp,mbpp-0034,test,debate,6,0.0,1258.0,debate_a3r2
1.5B,mbpp,mbpp-0035,test,single,1,1.0,154.0,
1.5B,mbpp,mbpp-0035,test,prog,4,1.0,586.5,prog_k4
1.5B,mbpp,mbpp-0035,test,oracle,4,1.0,586.5,oracle_k4
1.5B,mbpp,mbpp-0035,test,judge,4,0.5,887.0,judge_k4
1.5B,mbpp,mbpp-0035,test,prog,8,1.0,1259.0,prog_k8
1.5B,mbpp,mbpp-0035,test,oracle,8,1.0,1259.0,oracle_k8
1.5B,mbpp,mbpp-0035,test,judge,8,0.0,1810.0,judge_k8
1.5B,mbpp,mbpp-0035,test,seq,1,1.0,154.0,seq_r1
1.5B,mbpp,mbpp-0035,test,seq,2,1.0,386.0,seq_r2
1.5B,mbpp,mbpp-0035,test,seq,3,1.0,679.0,seq_r3
1.5B,mbpp,mbpp-0035,test,seq,4,1.0,1028.0,seq_r4
1.5B,mbpp,mbpp-0035,test,long,2,1.0,314.0,long_m2
1.5B,mbpp,mbpp-0035,test,long,4,1.0,314.0,long_m4
1.5B,mbpp,mbpp-0035,test,debate,6,0.0,1226.0,debate_a3r2
1.5B,mbpp,mbpp-0036,test,single,1,0.0,178.0,
1.5B,mbpp,mbpp-0036,test,prog,4,0.0,582.5,prog_k4
1.5B,mbpp,mbpp-0036,test,oracle,4,0.0,582.5,oracle_k4
1.5B,mbpp,mbpp-0036,test,judge,4,0.0,1002.0,judge_k4
1.5B,mbpp,mbpp-0036,test,prog,8,0.0,1148.0,prog_k8
1.5B,mbpp,mbpp-0036,test,oracle,8,0.0,1148.0,oracle_k8
1.5B,mbpp,mbpp-0036,test,judge,8,0.0,1874.0,judge_k8
1.5B,mbpp,mbpp-0036,test,seq,1,0.0,178.0,seq_r1
1.5B,mbpp,mbpp-0036,test,seq,2,0.0,520.0,seq_r2
1.5B,mbpp,mbpp-0036,test,seq,3,0.0,958.0,seq_r3
1.5B,mbpp,mbpp-0036,test,seq,4,0.0,1377.0,seq_r4
1.5B,mbpp,mbpp-0036,test,long,2,0.0,215.0,long_m2
1.5B,mbpp,mbpp-0036,test,long,4,0.0,215.0,long_m4
1.5B,mbpp,mbpp-0036,test,debate,6,0.0,1466.0,debate_a3r2
1.5B,mbpp,mbpp-0037,test,single,1,0.0,74.0,
1.5B,mbpp,mbpp-0037,test,prog,4,0.0,387.5,prog_k4
1.5B,mbpp,mbpp-0037,test,oracle,4,0.0,387.5,oracle_k4
1.5B,mbpp,mbpp-0037,test,judge,4,0.0,613.5,judge_k4
1.5B,mbpp,mbpp-0037,test,prog,8,0.0,783.0,prog_k8
1.5B,mbpp,mbpp-0037,test,oracle,8,0.0,783.0,oracle_k8
1.5B,mbpp,mbpp-0037,test,judge,8,0.0,1146.0,judge_k8
1.5B,mbpp,mbpp-0037,test,seq,1,0.0,74.0,seq_r1
1.5B,mbpp,mbpp-0037,test,seq,2,0.0,246.0,seq_r2
1.5B,mbpp,mbpp-0037,test,seq,3,0.0,481.0,seq_r3
1.5B,mbpp,mbpp-0037,test,seq,4,0.0,716.0,seq_r4
1.5B,mbpp,mbpp-0037,test,long,2,0.0,167.0,long_m2
1.5B,mbpp,mbpp-0037,test,long,4,0.0,167.0,long_m4
1.5B,mbpp,mbpp-0037,test,debate,6,0.0,709.0,debate_a3r2
1.5B,mbpp,mbpp-0038,test,single,1,0.0,101.0,
1.5B,mbpp,mbpp-0038,test,prog,4,0.0,414.5,prog_k4
1.5B,mbpp,mbpp-0038,test,oracle,4,0.0,414.5,oracle_k4
1.5B,mbpp,mbpp-0038,test,judge,4,0.0,641.5,judge_k4
1.5B,mbpp,mbpp-0038,test,prog,8,0.0,834.0,prog_k8
1.5B,mbpp,mbpp-0038,test,oracle,8,0.0,834.0,oracle_k8
1.5B,mbpp,mbpp-0038,test,judge,8,0.0,1188.0,judge_k8
1.5B,mbpp,mbpp-0038,test,seq,1,0.0,101.0,seq_r1
1.5B,mbpp,mbpp-0038,test,seq,2,1.0,260.0,seq_r2
1.5B,mbpp,mbpp-0038,test,seq,3,1.0,456.0,seq_r3
1.5B,mbpp,mbpp-0038,test,seq,4,1.0,707.0,seq_r4
1.5B,mbpp,mbpp-0038,test,long,2,0.0,149.0,long_m2
1.5B,mbpp,mbpp-0038,test,long,4,0.0,149.0,long_m4
1.5B,mbpp,mbpp-0038,test,debate,6,1.0,876.0,debate_a3r2
1.5B,mbpp,mbpp-0039,test,single,1,0.0,77.0,
1.5B,mbpp,mbpp-0039,test,prog,4,0.0,330.5,prog_k4
1.5B,mbpp,mbpp-0039,test,oracle,4,0.0,330.5,oracle_k4
1.5B,mbpp,mbpp-0039,test,judge,4,0.0,523.0,judge_k4
1.5B,mbpp,mbpp-0039,test,prog,8,0.0,677.0,prog_k8
1.5B,mbpp,mbpp-0039,test,oracle,8,0.0,677.0,oracle_k8
1.5B,mbpp,mbpp-0039,test,judge,8,0.0,992.0,judge_k8
1.5B,mbpp,mbpp-0039,test,seq,1,0.0,77.0,seq_r1
1.5B,mbpp,mbpp-0039,test,seq,2,0.0,217.0,seq_r2
1.5B,mbpp,mbpp-0039,test,seq,3,0.0,415.0,seq_r3
1.5B,mbpp,mbpp-0039,test,seq,4,1.0,612.0,seq_r4
1.5B,mbpp,mbpp-0039,test,long,2,0.0,193.0,long_m2
1.5B,mbpp,mbpp-0039,test,long,4,0.0,193.0,long_m4
1.5B,mbpp,mbpp-0039,test,debate,6,0.0,733.0,debate_a3r2
1.5B,mbpp,mbpp-0040,test,single,1,0.0,123.0,
1.5B,mbpp,mbpp-0040,test,prog,4,0.0,528.0,prog_k4
1.5B,mbpp,mbpp-0040,test,oracle,4,0.0,528.0,oracle_k4
1.5B,mbpp,mbpp-0040,test,judge,4,0.0,846.0,judge_k4
1.5B,mbpp,mbpp-0040,test,prog,8,0.0,1145.0,prog_k8
1.5B,mbpp,mbpp-0040,test,oracle,8,0.0,1145.0,oracle_k8
1.5B,mbpp,mbpp-0040,test,judge,8,0.0,1760.0,judge_k8
1.5B,mbpp,mbpp-0040,test,seq,1,0.0,123.0,seq_r1
1.5B,mbpp,mbpp-0040,test,seq,2,0.0,319.0,seq_r2
1.5B,mbpp,mbpp-0040,test,seq,3,0.0,520.0,seq_r3
1.5B,mbpp,mbpp-0040,test,seq,4,0.0,755.0,seq_r4
1.5B,mbpp,mbpp-0040,test,long,2,0.0,254.0,long_m2
1.5B,mbpp,mbpp-0040,test,long,4,0.0,254.0,long_m4
1.5B,mbpp,mbpp-0040,test,debate,6,0.0,1290.0,debate_a3r2
1.5B,mbpp,mbpp-0041,test,single,1,1.0,176.0,
1.5B,mbpp,mbpp-0041,test,prog,4,1.0,668.5,prog_k4
1.5B,mbpp,mbpp-0041,test,oracle,4,1.0,668.5,oracle_k4
1.5B,mbpp,mbpp-0041,test,judge,4,0.5,983.0,judge_k4
1.5B,mbpp,mbpp-0041,test,prog,8,1.0,1313.0,prog_k8
1.5B,mbpp,mbpp-0041,test,oracle,8,1.0,1313.0,oracle_k8
1.5B,mbpp,mbpp-0041,test,judge,8,1.0,1758.0,judge_k8
1.5B,mbpp,mbpp-0041,test,seq,1,1.0,176.0,seq_r1
1.5B,mbpp,mbpp-0041,test,seq,2,1.0,603.0,seq_r2
1.5B,mbpp,mbpp-0041,test,seq,3,1.0,1038.0,seq_r3
1.5B,mbpp,mbpp-0041,test,seq,4,1.0,1301.0,seq_r4
1.5B,mbpp,mbpp-0041,test,long,2,1.0,185.0,long_m2
1.5B,mbpp,mbpp-0041,test,long,4,1.0,185.0,long_m4
1.5B,mbpp,mbpp-0041,test,debate,6,0.0,1383.0,debate_a3r2
1.5B,mbpp,mbpp-0042,test,single,1,1.0,70.0,
1.5B,mbpp,mbpp-0042,test,prog,4,1.0,276.5,prog_k4
1.5B,mbpp,mbpp-0042,test,oracle,4,1.0,276.5,oracle_k4
1.5B,mbpp,mbpp-0042,test,judge,4,1.0,416.5,judge_k4
1.5B,mbpp,mbpp-0042,test,prog,8,1.0,553.0,prog_k8
1.5B,mbpp,mbpp-0042,test,oracle,8,1.0,553.0,oracle_k8
1.5B,mbpp,mbpp-0042,test,judge,8,1.0,746.0,judge_k8
1.5B,mbpp,mbpp-0042,test,seq,1,1.0,70.0,seq_r1
1.5B,mbpp,mbpp-0042,test,seq,2,1.0,194.0,seq_r2
1.5B,mbpp,mbpp-0042,test,seq,3,1.0,361.0,seq_r3
1.5B,mbpp,mbpp-0042,test,seq,4,1.0,528.0,seq_r4
1.5B,mbpp,mbpp-0042,test,long,2,1.0,107.0,long_m2
1.5B,mbpp,mbpp-0042,test,long,4,1.0,107.0,long_m4
1.5B,mbpp,mbpp-0042,test,debate,6,1.0,588.0,debate_a3r2
1.5B,mbpp,mbpp-0043,test,single,1,0.0,134.0,
1.5B,mbpp,mbpp-0043,test,prog,4,0.0,503.5,prog_k4
1.5B,mbpp,mbpp-0043,test,oracle,4,0.0,503.5,oracle_k4
1.5B,mbpp,mbpp-0043,test,judge,4,0.0,755.0,judge_k4
1.5B,mbpp,mbpp-0043,test,prog,8,0.0,966.0,prog_k8
1.5B,mbpp,mbpp-0043,test,oracle,8,0.0,966.0,oracle_k8
1.5B,mbpp,mbpp-0043,test,judge,8,0.0,1302.0,judge_k8
1.5B,mbpp,mbpp-0043,test,seq,1,0.0,134.0,seq_r1
1.5B,mbpp,mbpp-0043,test,seq,2,0.0,334.0,seq_r2
1.5B,mbpp,mbpp-0043,test,seq,3,0.0,534.0,seq_r3
1.5B,mbpp,mbpp-0043,test,seq,4,0.0,734.0,seq_r4
1.5B,mbpp,mbpp-0043,test,long,2,0.0,177.0,long_m2
1.5B,mbpp,mbpp-0043,test,long,4,0.0,177.0,long_m4
1.5B,mbpp,mbpp-0043,test,debate,6,0.0,1110.0,debate_a3r2
1.5B,mbpp,mbpp-0044,test,single,1,0.0,92.0,
1.5B,mbpp,mbpp-0044,test,prog,4,0.0,376.5,prog_k4
1.5B,mbpp,mbpp-0044,test,oracle,4,0.0,376.5,oracle_k4
1.5B,mbpp,mbpp-0044,test,judge,4,0.0,574.5,judge_k4
1.5B,mbpp,mbpp-0044,test,prog,8,0.0,757.0,prog_k8
1.5B,mbpp,mbpp-0044,test,oracle,8,0.0,757.0,oracle_k8
1.5B,mbpp,mbpp-0044,test,judge,8,0.0,1054.0,judge_k8
1.5B,mbpp,mbpp-0044,test,seq,1,0.0,92.0,seq_r1
1.5B,mbpp,mbpp-0044,test,seq,2,0.0,238.0,seq_r2
1.5B,mbpp,mbpp-0044,test,seq,3,1.0,412.0,seq_r3
1.5B,mbpp,mbpp-0044,test,seq,4,0.0,670.0,seq_r4
1.5B,mbpp,mbpp-0044,test,long,2,0.0,159.0,long_m2
1.5B,mbpp,mbpp-0044,test,long,4,0.0,159.0,long_m4
1.5B,mbpp,mbpp-0044,test,debate,6,0.0,774.0,debate_a3r2
1.5B,mbpp,mbpp-0045,test,single,1,1.0,135.0,
1.5B,mbpp,mbpp-0045,test,prog,4,1.0,547.0,prog_k4
1.5B,mbpp,mbpp-0045,test,oracle,4,1.0,547.0,oracle_k4
1.5B,mbpp,mbpp-0045,test,judge,4,1.0,795.0,judge_k4
1.5B,mbpp,mbpp-0045,test,prog,8,1.0,1102.0,prog_k8
1.5B,mbpp,mbpp-0045,test,oracle,8,1.0,1102.0,oracle_k8
1.5B,mbpp,mbpp-0045,test,judge,8,1.0,1465.0,judge_k8
1.5B,mbpp,mbpp-0045,test,seq,1,1.0,135.0,seq_r1
1.5B,mbpp,mbpp-0045,test,seq,2,0.0,326.0,seq_r2
1.5B,mbpp,mbpp-0045,test,seq,3,0.0,567.0,seq_r3
1.5B,mbpp,mbpp-0045,test,seq,4,0.0,802.0,seq_r4
1.5B,mbpp,mbpp-0045,test,long,2,0.0,200.0,long_m2
1.5B,mbpp,mbpp-0045,test,long,4,0.0,200.0,long_m4
1.5B,mbpp,mbpp-0045,test,debate,6,0.0,1043.0,debate_a3r2
1.5B,mbpp,mbpp-0046,test,single,1,0.0,200.0,
1.5B,mbpp,mbpp-0046,test,prog,4,0.0,745.0,prog_k4
1.5B,mbpp,mbpp-0046,test,oracle,4,0.0,745.0,oracle_k4
1.5B,mbpp,mbpp-0046,test,judge,4,0.0,1193.5,judge_k4
1.5B,mbpp,mbpp-0046,test,prog,8,0.0,1288.0,prog_k8
1.5B,mbpp,mbpp-0046,test,oracle,8,0.0,1288.0,oracle_k8
1.5B,mbpp,mbpp-0046,test,judge,8,0.0,1910.0,judge_k8
1.5B,mbpp,mbpp-0046,test,seq,1,0.0,200.0,seq_r1
1.5B,mbpp,mbpp-0046,test,seq,2,0.0,605.0,seq_r2
1.5B,mbpp,mbpp-0046,test,seq,3,0.0,1006.0,seq_r3
1.5B,mbpp,mbpp-0046,test,seq,4,0.0,1329.0,seq_r4
1.5B,mbpp,mbpp-0046,test,long,2,0.0,253.0,long_m2
1.5B,mbpp,mbpp-0046,test,long,4,0.0,253.0,long_m4
1.5B,mbpp,mbpp-0046,test,debate,6,0.0,1732.0,debate_a3r2
1.5B,mbpp,mbpp-0047,test,single,1,1.0,121.0,
1.5B,mbpp,mbpp-0047,test,prog,4,1.0,479.0,prog_k4
1.5B,mbpp,mbpp-0047,test,oracle,4,1.0,479.0,oracle_k4
1.5B,mbpp,mbpp-0047,test,judge,4,1.0,697.0,judge_k4
1.5B,mbpp,mbpp-0047,test,prog,8,1.0,943.0,prog_k8
1.5B,mbpp,mbpp-0047,test,oracle,8,1.0,943.0,oracle_k8
1.5B,mbpp,mbpp-0047,test,judge,8,1.0,1238.0,judge_k8
1.5B,mbpp,mbpp-0047,test,seq,1,1.0,121.0,seq_r1
1.5B,mbpp,mbpp-0047,test,seq,2,1.0,322.0,seq_r2
1.5B,mbpp,mbpp-0047,test,seq,3,1.0,528.0,seq_r3
1.5B,mbpp,mbpp-0047,test,seq,4,1.0,708.0,seq_r4
1.5B,mbpp,mbpp-0047,test,long,2,1.0,155.0,long_m2
1.5B,mbpp,mbpp-0047,test,long,4,1.0,155.0,long_m4
1.5B,mbpp,mbpp-0047,test,debate,6,1.0,943.0,debate_a3r2
1.5B,mbpp,mbpp-0048,test,single,1,0.0,94.0,
1.5B,mbpp,mbpp-0048,test,prog,4,0.0,411.0,prog_k4
1.5B,mbpp,mbpp-0048,test,oracle,4,0.0,411.0,oracle_k4
1.5B,mbpp,mbpp-0048,test,judge,4,0.0,593.0,judge_k4
1.5B,mbpp,mbpp-0048,test,prog,8,0.0,860.0,prog_k8
1.5B,mbpp,mbpp-0048,test,oracle,8,0.0,860.0,oracle_k8
1.5B,mbpp,mbpp-0048,test,judge,8,0.0,1143.0,judge_k8
1.5B,mbpp,mbpp-0048,test,seq,1,0.0,94.0,seq_r1
1.5B,mbpp,mbpp-0048,test,seq,2,0.0,288.0,seq_r2
1.5B,mbpp,mbpp-0048,test,seq,3,0.0,544.0,seq_r3
1.5B,mbpp,mbpp-0048,test,seq,4,0.0,796.0,seq_r4
1.5B,mbpp,mbpp-0048,test,long,2,0.0,168.0,long_m2
1.5B,mbpp,mbpp-0048,test,long,4,0.0,168.0,long_m4
1.5B,mbpp,mbpp-0048,test,debate,6,0.0,784.0,debate_a3r2
1.5B,mbpp,mbpp-0049,test,single,1,0.0,125.0,
1.5B,mbpp,mbpp-0049,test,prog,4,0.0,472.5,prog_k4
1.5B,mbpp,mbpp-0049,test,oracle,4,0.0,472.5,oracle_k4
1.5B,mbpp,mbpp-0049,test,judge,4,0.0,795.5,judge_k4
1.5B,mbpp,mbpp-0049,test,prog,8,0.0,933.0,prog_k8
1.5B,mbpp,mbpp-0049,test,oracle,8,0.0,933.0,oracle_k8
1.5B,mbpp,mbpp-0049,test,judge,8,0.0,1474.0,judge_k8
1.5B,mbpp,mbpp-0049,test,seq,1,0.0,125.0,seq_r1
1.5B,mbpp,mbpp-0049,test,seq,2,0.0,417.0,seq_r2
1.5B,mbpp,mbpp-0049,test,seq,3,0.0,714.0,seq_r3
1.5B,mbpp,mbpp-0049,test,seq,4,0.0,941.0,seq_r4
1.5B,mbpp,mbpp-0049,test,long,2,0.0,144.0,long_m2
1.5B,mbpp,mbpp-0049,test,long,4,0.0,144.0,long_m4
1.5B,mbpp,mbpp-0049,test,debate,6,0.0,1015.0,debate_a3r2
1.5B,mbpp,mbpp-0050,test,single,1,0.0,80.0,
1.5B,mbpp,mbpp-0050,test,prog,4,0.0,356.0,prog_k4
1.5B,mbpp,mbpp-0050,test,oracle,4,0.0,356.0,oracle_k4
1.5B,mbpp,mbpp-0050,test,judge,4,0.0,527.5,judge_k4
1.5B,mbpp,mbpp-0050,test,prog,8,0.0,794.0,prog_k8
1.5B,mbpp,mbpp-0050,test,oracle,8,0.0,794.0,oracle_k8
1.5B,mbpp,mbpp-0050,test,judge,8,0.0,1114.0,judge_k8
1.5B,mbpp,mbpp-0050,test,seq,1,0.0,80.0,seq_r1
1.5B,mbpp,mbpp-0050,test,seq,2,0.0,261.0,seq_r2
1.5B,mbpp,mbpp-0050,test,seq,3,0.0,508.0,seq_r3
1.5B,mbpp,mbpp-0050,test,seq,4,0.0,755.0,seq_r4
1.5B,mbpp,mbpp-0050,test,long,2,0.0,222.0,long_m2
1.5B,mbpp,mbpp-0050,test,long,4,0.0,222.0,long_m4
1.5B,mbpp,mbpp-0050,test,debate,6,0.0,854.0,debate_a3r2
1.5B,mbpp,mbpp-0051,test,single,1,1.0,72.0,
1.5B,mbpp,mbpp-0051,test,prog,4,1.0,285.5,prog_k4
1.5B,mbpp,mbpp-0051,test,oracle,4,1.0,285.5,oracle_k4
1.5B,mbpp,mbpp-0051,test,judge,4,1.0,441.0,judge_k4
1.5B,mbpp,mbpp-0051,test,prog,8,1.0,568.0,prog_k8
1.5B,mbpp,mbpp-0051,test,oracle,8,1.0,568.0,oracle_k8
1.5B,mbpp,mbpp-0051,test,judge,8,1.0,790.0,judge_k8
1.5B,mbpp,mbpp-0051,test,seq,1,1.0,72.0,seq_r1
1.5B,mbpp,mbpp-0051,test,seq,2,1.0,205.0,seq_r2
1.5B,mbpp,mbpp-0051,test,seq,3,1.0,354.0,seq_r3
1.5B,mbpp,mbpp-0051,test,seq,4,0.0,526.0,seq_r4
1.5B,mbpp,mbpp-0051,test,long,2,1.0,114.0,long_m2
1.5B,mbpp,mbpp-0051,test,long,4,1.0,114.0,long_m4
1.5B,mbpp,mbpp-0051,test,debate,6,1.0,624.0,debate_a3r2
1.5B,mbpp,mbpp-0052,test,single,1,0.0,93.0,
1.5B,mbpp,mbpp-0052,test,prog,4,0.0,367.0,prog_k4
1.5B,mbpp,mbpp-0052,test,oracle,4,0.0,367.0,oracle_k4
1.5B,mbpp,mbpp-0052,test,judge,4,0.0,541.0,judge_k4
1.5B,mbpp,mbpp-0052,test,prog,8,1.0,740.0,prog_k8
1.5B,mbpp,mbpp-0052,test,oracle,8,1.0,740.0,oracle_k8
1.5B,mbpp,mbpp-0052,test,judge,8,0.0,986.0,judge_k8
1.5B,mbpp,mbpp-0052,test,seq,1,0.0,93.0,seq_r1
1.5B,mbpp,mbpp-0052,test,seq,2,0.0,236.0,seq_r2
1.5B,mbpp,mbpp-0052,test,seq,3,0.0,389.0,seq_r3
1.5B,mbpp,mbpp-0052,test,seq,4,0.0,600.0,seq_r4
1.5B,mbpp,mbpp-0052,test,long,2,0.0,145.0,long_m2
1.5B,mbpp,mbpp-0052,test,long,4,0.0,145.0,long_m4
1.5B,mbpp,mbpp-0052,test,debate,6,0.0,723.0,debate_a3r2
1.5B,mbpp,mbpp-0053,test,single,1,1.0,91.0,
1.5B,mbpp,mbpp-0053,test,prog,4,1.0,367.5,prog_k4
1.5B,mbpp,mbpp-0053,test,oracle,4,1.0,367.5,oracle_k4
1.5B,mbpp,mbpp-0053,test,judge,4,1.0,573.5,judge_k4
1.5B,mbpp,mbpp-0053,test,prog,8,1.0,729.0,prog_k8
1.5B,mbpp,mbpp-0053,test,oracle,8,1.0,729.0,oracle_k8
1.5B,mbpp,mbpp-0053,test,judge,8,1.0,1041.0,judge_k8
1.5B,mbpp,mbpp-0053,test,seq,1,1.0,91.0,seq_r1
1.5B,mbpp,mbpp-0053,test,seq,2,1.0,252.0,seq_r2
1.5B,mbpp,mbpp-0053,test,seq,3,1.0,431.0,seq_r3
1.5B,mbpp,mbpp-0053,test,seq,4,1.0,629.0,seq_r4
1.5B,mbpp,mbpp-0053,test,long,2,0.0,139.0,long_m2
1.5B,mbpp,mbpp-0053,test,long,4,0.0,139.0,long_m4
1.5B,mbpp,mbpp-0053,test,debate,6,1.0,763.0,debate_a3r2
1.5B,mbpp,mbpp-0054,test,single,1,1.0,86.0,
1.5B,mbpp,mbpp-0054,test,prog,4,1.0,337.0,prog_k4
1.5B,mbpp,mbpp-0054,test,oracle,4,1.0,337.0,oracle_k4
1.5B,mbpp,mbpp-0054,test,judge,4,1.0,529.0,judge_k4
1.5B,mbpp,mbpp-0054,test,prog,8,1.0,674.0,prog_k8
1.5B,mbpp,mbpp-0054,test,oracle,8,1.0,674.0,oracle_k8
1.5B,mbpp,mbpp-0054,test,judge,8,1.0,967.0,judge_k8
1.5B,mbpp,mbpp-0054,test,seq,1,1.0,86.0,seq_r1
1.5B,mbpp,mbpp-0054,test,seq,2,1.0,231.0,seq_r2
1.5B,mbpp,mbpp-0054,test,seq,3,1.0,381.0,seq_r3
1.5B,mbpp,mbpp-0054,test,seq,4,0.0,550.0,seq_r4
1.5B,mbpp,mbpp-0054,test,long,2,1.0,124.0,long_m2
1.5B,mbpp,mbpp-0054,test,long,4,1.0,124.0,long_m4
1.5B,mbpp,mbpp-0054,test,debate,6,1.0,765.0,debate_a3r2
1.5B,mbpp,mbpp-0055,test,single,1,0.0,96.0,
1.5B,mbpp,mbpp-0055,test,prog,4,0.0,374.5,prog_k4
1.5B,mbpp,mbpp-0055,test,oracle,4,0.0,374.5,oracle_k4
1.5B,mbpp,mbpp-0055,test,judge,4,0.0,582.5,judge_k4
1.5B,mbpp,mbpp-0055,test,prog,8,0.0,751.0,prog_k8
1.5B,mbpp,mbpp-0055,test,oracle,8,0.0,751.0,oracle_k8
1.5B,mbpp,mbpp-0055,test,judge,8,0.0,1073.0,judge_k8
1.5B,mbpp,mbpp-0055,test,seq,1,0.0,96.0,seq_r1
1.5B,mbpp,mbpp-0055,test,seq,2,0.0,316.0,seq_r2
1.5B,mbpp,mbpp-0055,test,seq,3,0.0,546.0,seq_r3
1.5B,mbpp,mbpp-0055,test,seq,4,0.0,710.0,seq_r4
1.5B,mbpp,mbpp-0055,test,long,2,0.0,197.0,long_m2
1.5B,mbpp,mbpp-0055,test,long,4,0.0,197.0,long_m4
1.5B,mbpp,mbpp-0055,test,debate,6,0.0,810.0,debate_a3r2
1.5B,mbpp,mbpp-0056,test,single,1,0.0,83.0,
1.5B,mbpp,mbpp-0056,test,prog,4,0.5,516.5,prog_k4
1.5B,mbpp,mbpp-0056,test,oracle,4,0.5,516.5,oracle_k4
1.5B,mbpp,mbpp-0056,test,judge,4,0.5,840.0,judge_k4
1.5B,mbpp,mbpp-0056,test,prog,8,1.0,1003.0,prog_k8
1.5B,mbpp,mbpp-0056,test,oracle,8,1.0,1003.0,oracle_k8
1.5B,mbpp,mbpp-0056,test,judge,8,0.0,1512.0,judge_k8
1.5B,mbpp,mbpp-0056,test,seq,1,0.0,83.0,seq_r1
1.5B,mbpp,mbpp-0056,test,seq,2,1.0,286.0,seq_r2
1.5B,mbpp,mbpp-0056,test,seq,3,1.0,633.0,seq_r3
1.5B,mbpp,mbpp-0056,test,seq,4,1.0,948.0,seq_r4
1.5B,mbpp,mbpp-0056,test,long,2,0.0,179.0,long_m2
1.5B,mbpp,mbpp-0056,test,long,4,0.0,179.0,long_m4
1.5B,mbpp,mbpp-0056,test,debate,6,0.0,1001.0,debate_a3r2
1.5B,mbpp,mbpp-0057,test,single,1,0.0,93.0,
1.5B,mbpp,mbpp-0057,test,prog,4,0.0,714.0,prog_k4
1.5B,mbpp,mbpp-0057,test,oracle,4,0.0,714.0,oracle_k4
1.5B,mbpp,mbpp-0057,test,judge,4,0.0,1273.0,judge_k4
1.5B,mbpp,mbpp-0057,test,prog,8,0.0,1086.0,prog_k8
1.5B,mbpp,mbpp-0057,test,oracle,8,0.0,1086.0,oracle_k8
1.5B,mbpp,mbpp-0057,test,judge,8,0.0,1769.0,judge_k8
1.5B,mbpp,mbpp-0057,test,seq,1,0.0,93.0,seq_r1
1.5B,mbpp,mbpp-0057,test,seq,2,0.0,436.0,seq_r2
1.5B,mbpp,mbpp-0057,test,seq,3,0.0,776.0,seq_r3
1.5B,mbpp,mbpp-0057,test,seq,4,0.0,971.0,seq_r4
1.5B,mbpp,mbpp-0057,test,long,2,0.0,208.0,long_m2
1.5B,mbpp,mbpp-0057,test,long,4,0.0,208.0,long_m4
1.5B,mbpp,mbpp-0057,test,debate,6,0.0,1963.0,debate_a3r2
1.5B,mbpp,mbpp-0058,test,single,1,0.0,114.0,
1.5B,mbpp,mbpp-0058,test,prog,4,1.0,472.0,prog_k4
1.5B,mbpp,mbpp-0058,test,oracle,4,1.0,472.0,oracle_k4
1.5B,mbpp,mbpp-0058,test,judge,4,0.5,702.5,judge_k4
1.5B,mbpp,mbpp-0058,test,prog,8,1.0,958.0,prog_k8
1.5B,mbpp,mbpp-0058,test,oracle,8,1.0,958.0,oracle_k8
1.5B,mbpp,mbpp-0058,test,judge,8,1.0,1313.0,judge_k8
1.5B,mbpp,mbpp-0058,test,seq,1,0.0,114.0,seq_r1
1.5B,mbpp,mbpp-0058,test,seq,2,0.0,281.0,seq_r2
1.5B,mbpp,mbpp-0058,test,seq,3,1.0,456.0,seq_r3
1.5B,mbpp,mbpp-0058,test,seq,4,1.0,650.0,seq_r4
1.5B,mbpp,mbpp-0058,test,long,2,1.0,175.0,long_m2
1.5B,mbpp,mbpp-0058,test,long,4,1.0,175.0,long_m4
1.5B,mbpp,mbpp-0058,test,debate,6,1.0,949.0,debate_a3r2
1.5B,mbpp,mbpp-0059,test,single,1,0.0,127.0,
1.5B,mbpp,mbpp-0059,test,prog,4,0.0,495.0,prog_k4
1.5B,mbpp,mbpp-0059,test,oracle,4,0.0,495.0,oracle_k4
1.5B,mbpp,mbpp-0059,test,judge,4,0.0,732.5,judge_k4
1.5B,mbpp,mbpp-0059,test,prog,8,0.0,995.0,prog_k8
1.5B,mbpp,mbpp-0059,test,oracle,8,0.0,995.0,oracle_k8
1.5B,mbpp,mbpp-0059,test,judge,8,0.0,1347.0,judge_k8
1.5B,mbpp,mbpp-0059,test,seq,1,0.0,127.0,seq_r1
1.5B,mbpp,mbpp-0059,test,seq,2,0.0,317.0,seq_r2
1.5B,mbpp,mbpp-0059,test,seq,3,0.0,549.0,seq_r3
1.5B,mbpp,mbpp-0059,test,seq,4,0.0,778.0,seq_r4
1.5B,mbpp,mbpp-0059,test,long,2,0.0,257.0,long_m2
1.5B,mbpp,mbpp-0059,test,long,4,0.0,257.0,long_m4
1.5B,mbpp,mbpp-0059,test,debate,6,0.0,1024.0,debate_a3r2
1.5B,mbpp,mbpp-0060,test,single,1,0.0,90.0,
1.5B,mbpp,mbpp-0060,test,prog,4,0.5,396.5,prog_k4
1.5B,mbpp,mbpp-0060,test,oracle,4,0.5,396.5,oracle_k4
1.5B,mbpp,mbpp-0060,test,judge,4,0.5,635.0,judge_k4
1.5B,mbpp,mbpp-0060,test,prog,8,1.0,806.0,prog_k8
1.5B,mbpp,mbpp-0060,test,oracle,8,1.0,806.0,oracle_k8
1.5B,mbpp,mbpp-0060,test,judge,8,1.0,1201.0,judge_k8
1.5B,mbpp,mbpp-0060,test,seq,1,0.0,90.0,seq_r1
1.5B,mbpp,mbpp-0060,test,seq,2,0.0,240.0,seq_r2
1.5B,mbpp,mbpp-0060,test,seq,3,1.0,466.0,seq_r3
1.5B,mbpp,mbpp-0060,test,seq,4,1.0,695.0,seq_r4
1.5B,mbpp,mbpp-0060,test,long,2,1.0,141.0,long_m2
1.5B,mbpp,mbpp-0060,test,long,4,1.0,141.0,long_m4
1.5B,mbpp,mbpp-0060,test,debate,6,0.0,844.0,debate_a3r2
1.5B,mbpp,mbpp-0061,test,single,1,0.0,261.0,
1.5B,mbpp,mbpp-0061,test,prog,4,0.0,857.0,prog_k4
1.5B,mbpp,mbpp-0061,test,oracle,4,0.0,857.0,oracle_k4
1.5B,mbpp,mbpp-0061,test,judge,4,0.0,1470.0,judge_k4
1.5B,mbpp,mbpp-0061,test,prog,8,0.0,1401.0,prog_k8
1.5B,mbpp,mbpp-0061,test,oracle,8,0.0,1401.0,oracle_k8
1.5B,mbpp,mbpp-0061,test,judge,8,0.0,2190.0,judge_k8
1.5B,mbpp,mbpp-0061,test,seq,1,0.0,261.0,seq_r1
1.5B,mbpp,mbpp-0061,test,seq,2,0.0,717.0,seq_r2
1.5B,mbpp,mbpp-0061,test,seq,3,0.0,1219.0,seq_r3
1.5B,mbpp,mbpp-0061,test,seq,4,0.0,1607.0,seq_r4
1.5B,mbpp,mbpp-0061,test,long,2,0.0,345.0,long_m2
1.5B,mbpp,mbpp-0061,test,long,4,0.0,345.0,long_m4
1.5B,mbpp,mbpp-0061,test,debate,6,0.0,2121.0,debate_a3r2
1.5B,mbpp,mbpp-0062,test,single,1,1.0,95.0,
1.5B,mbpp,mbpp-0062,test,prog,4,1.0,379.5,prog_k4
1.5B,mbpp,mbpp-0062,test,oracle,4,1.0,379.5,oracle_k4
1.5B,mbpp,mbpp-0062,test,judge,4,1.0,608.0,judge_k4
1.5B,mbpp,mbpp-0062,test,prog,8,1.0,759.0,prog_k8
1.5B,mbpp,mbpp-0062,test,oracle,8,1.0,759.0,oracle_k8
1.5B,mbpp,mbpp-0062,test,judge,8,1.0,1123.0,judge_k8
1.5B,mbpp,mbpp-0062,test,seq,1,1.0,95.0,seq_r1
1.5B,mbpp,mbpp-0062,test,seq,2,1.0,256.0,seq_r2
1.5B,mbpp,mbpp-0062,test,seq,3,0.0,439.0,seq_r3
1.5B,mbpp,mbpp-0062,test,seq,4,1.0,621.0,seq_r4
1.5B,mbpp,mbpp-0062,test,long,2,1.0,142.0,long_m2
1.5B,mbpp,mbpp-0062,test,long,4,1.0,142.0,long_m4
1.5B,mbpp,mbpp-0062,test,debate,6,1.0,861.0,debate_a3r2
1.5B,mbpp,mbpp-0063,test,single,1,1.0,163.0,
1.5B,mbpp,mbpp-0063,test,prog,4,1.0,659.5,prog_k4
1.5B,mbpp,mbpp-0063,test,oracle,4,1.0,659.5,oracle_k4
1.5B,mbpp,mbpp-0063,test,judge,4,1.0,935.5,judge_k4
1.5B,mbpp,mbpp-0063,test,prog,8,1.0,1329.0,prog_k8
1.5B,mbpp,mbpp-0063,test,oracle,8,1.0,1329.0,oracle_k8
1.5B,mbpp,mbpp-0063,test,judge,8,0.0,1723.0,judge_k8
1.5B,mbpp,mbpp-0063,test,seq,1,1.0,163.0,seq_r1
1.5B,mbpp,mbpp-0063,test,seq,2,1.0,433.0,seq_r2
1.5B,mbpp,mbpp-0063,test,seq,3,1.0,708.0,seq_r3
1.5B,mbpp,mbpp-0063,test,seq,4,1.0,931.0,seq_r4
1.5B,mbpp,mbpp-0063,test,long,2,1.0,195.0,long_m2
1.5B,mbpp,mbpp-0063,test,long,4,1.0,195.0,long_m4
1.5B,mbpp,mbpp-0063,test,debate,6,1.0,1235.0,debate_a3r2
1.5B,mbpp,mbpp-0064,test,single,1,0.0,204.0,
1.5B,mbpp,mbpp-0064,test,prog,4,0.0,681.0,prog_k4
1.5B,mbpp,mbpp-0064,test,oracle,4,0.0,681.0,oracle_k4
1.5B,mbpp,mbpp-0064,test,judge,4,0.0,1209.0,judge_k4
1.5B,mbpp,mbpp-0064,test,prog,8,0.0,1214.0,prog_k8
1.5B,mbpp,mbpp-0064,test,oracle,8,0.0,1214.0,oracle_k8
1.5B,mbpp,mbpp-0064,test,judge,8,0.0,2032.0,judge_k8
1.5B,mbpp,mbpp-0064,test,seq,1,0.0,204.0,seq_r1
1.5B,mbpp,mbpp-0064,test,seq,2,0.0,597.0,seq_r2
1.5B,mbpp,mbpp-0064,test,seq,3,0.0,995.0,seq_r3
1.5B,mbpp,mbpp-0064,test,seq,4,0.0,1397.0,seq_r4
1.5B,mbpp,mbpp-0064,test,long,2,0.0,320.0,long_m2
1.5B,mbpp,mbpp-0064,test,long,4,0.0,320.0,long_m4
1.5B,mbpp,mbpp-0064,test,debate,6,0.0,1731.0,debate_a3r2
1.5B,mbpp,mbpp-0065,test,single,1,0.0,99.0,
1.5B,mbpp,mbpp-0065,test,prog,4,0.5,398.0,prog_k4
1.5B,mbpp,mbpp-0065,test,oracle,4,0.5,398.0,oracle_k4
1.5B,mbpp,mbpp-0065,test,judge,4,0.5,626.0,judge_k4
1.5B,mbpp,mbpp-0065,test,prog,8,0.0,802.0,prog_k8
1.5B,mbpp,mbpp-0065,test,oracle,8,1.0,802.0,oracle_k8
1.5B,mbpp,mbpp-0065,test,judge,8,0.0,1166.0,judge_k8
1.5B,mbpp,mbpp-0065,test,seq,1,0.0,99.0,seq_r1
1.5B,mbpp,mbpp-0065,test,seq,2,0.0,261.0,seq_r2
1.5B,mbpp,mbpp-0065,test,seq,3,0.0,428.0,seq_r3
1.5B,mbpp,mbpp-0065,test,seq,4,0.0,602.0,seq_r4
1.5B,mbpp,mbpp-0065,test,long,2,1.0,163.0,long_m2
1.5B,mbpp,mbpp-0065,test,long,4,1.0,163.0,long_m4
1.5B,mbpp,mbpp-0065,test,debate,6,0.0,832.0,debate_a3r2
1.5B,mbpp,mbpp-0066,test,single,1,0.0,110.0,
1.5B,mbpp,mbpp-0066,test,prog,4,0.0,469.5,prog_k4
1.5B,mbpp,mbpp-0066,test,oracle,4,0.0,469.5,oracle_k4
1.5B,mbpp,mbpp-0066,test,judge,4,0.0,753.5,judge_k4
1.5B,mbpp,mbpp-0066,test,prog,8,0.0,910.0,prog_k8
1.5B,mbpp,mbpp-0066,test,oracle,8,0.0,910.0,oracle_k8
1.5B,mbpp,mbpp-0066,test,judge,8,0.0,1345.0,judge_k8
1.5B,mbpp,mbpp-0066,test,seq,1,0.0,110.0,seq_r1
1.5B,mbpp,mbpp-0066,test,seq,2,0.0,357.0,seq_r2
1.5B,mbpp,mbpp-0066,test,seq,3,0.0,689.0,seq_r3
1.5B,mbpp,mbpp-0066,test,seq,4,0.0,1034.0,seq_r4
1.5B,mbpp,mbpp-0066,test,long,2,0.0,166.0,long_m2
1.5B,mbpp,mbpp-0066,test,long,4,0.0,166.0,long_m4
1.5B,mbpp,mbpp-0066,test,debate,6,0.0,1054.0,debate_a3r2
1.5B,mbpp,mbpp-0067,test,single,1,0.0,122.0,
1.5B,mbpp,mbpp-0067,test,prog,4,1.0,464.5,prog_k4
1.5B,mbpp,mbpp-0067,test,oracle,4,1.0,464.5,oracle_k4
1.5B,mbpp,mbpp-0067,test,judge,4,0.5,677.5,judge_k4
1.5B,mbpp,mbpp-0067,test,prog,8,1.0,921.0,prog_k8
1.5B,mbpp,mbpp-0067,test,oracle,8,1.0,921.0,oracle_k8
1.5B,mbpp,mbpp-0067,test,judge,8,1.0,1215.0,judge_k8
1.5B,mbpp,mbpp-0067,test,seq,1,0.0,122.0,seq_r1
1.5B,mbpp,mbpp-0067,test,seq,2,1.0,298.0,seq_r2
1.5B,mbpp,mbpp-0067,test,seq,3,1.0,513.0,seq_r3
1.5B,mbpp,mbpp-0067,test,seq,4,1.0,728.0,seq_r4
1.5B,mbpp,mbpp-0067,test,long,2,1.0,156.0,long_m2
1.5B,mbpp,mbpp-0067,test,long,4,1.0,156.0,long_m4
1.5B,mbpp,mbpp-0067,test,debate,6,1.0,937.0,debate_a3r2
1.5B,mbpp,mbpp-0068,test,single,1,1.0,136.0,
1.5B,mbpp,mbpp-0068,test,prog,4,1.0,453.0,prog_k4
1.5B,mbpp,mbpp-0068,test,oracle,4,1.0,453.0,oracle_k4
1.5B,mbpp,mbpp-0068,test,judge,4,1.0,743.5,judge_k4
1.5B,mbpp,mbpp-0068,test,prog,8,1.0,862.0,prog_k8
1.5B,mbpp,mbpp-0068,test,oracle,8,1.0,862.0,oracle_k8
1.5B,mbpp,mbpp-0068,test,judge,8,1.0,1302.0,judge_k8
1.5B,mbpp,mbpp-0068,test,seq,1,1.0,136.0,seq_r1
1.5B,mbpp,mbpp-0068,test,seq,2,0.0,375.0,seq_r2
1.5B,mbpp,mbpp-0068,test,seq,3,1.0,619.0,seq_r3
1.5B,mbpp,mbpp-0068,test,seq,4,0.0,863.0,seq_r4
1.5B,mbpp,mbpp-0068,test,long,2,0.0,200.0,long_m2
1.5B,mbpp,mbpp-0068,test,long,4,0.0,200.0,long_m4
1.5B,mbpp,mbpp-0068,test,debate,6,1.0,1060.0,debate_a3r2
1.5B,mbpp,mbpp-0069,test,single,1,0.0,94.0,
1.5B,mbpp,mbpp-0069,test,prog,4,0.0,396.5,prog_k4
1.5B,mbpp,mbpp-0069,test,oracle,4,0.0,396.5,oracle_k4
1.5B,mbpp,mbpp-0069,test,judge,4,0.0,624.0,judge_k4
1.5B,mbpp,mbpp-0069,test,prog,8,0.0,772.0,prog_k8
1.5B,mbpp,mbpp-0069,test,oracle,8,0.0,772.0,oracle_k8
1.5B,mbpp,mbpp-0069,test,judge,8,0.0,1107.0,judge_k8
1.5B,mbpp,mbpp-0069,test,seq,1,0.0,94.0,seq_r1
1.5B,mbpp,mbpp-0069,test,seq,2,1.0,450.0,seq_r2
1.5B,mbpp,mbpp-0069,test,seq,3,1.0,830.0,seq_r3
1.5B,mbpp,mbpp-0069,test,seq,4,0.0,1080.0,seq_r4
1.5B,mbpp,mbpp-0069,test,long,2,1.0,206.0,long_m2
1.5B,mbpp,mbpp-0069,test,long,4,1.0,206.0,long_m4
1.5B,mbpp,mbpp-0069,test,debate,6,0.0,709.0,debate_a3r2
1.5B,mbpp,mbpp-0070,test,single,1,0.0,261.0,
1.5B,mbpp,mbpp-0070,test,prog,4,0.0,829.5,prog_k4
1.5B,mbpp,mbpp-0070,test,oracle,4,0.0,829.5,oracle_k4
1.5B,mbpp,mbpp-0070,test,judge,4,0.0,1338.5,judge_k4
1.5B,mbpp,mbpp-0070,test,prog,8,0.0,1613.0,prog_k8
1.5B,mbpp,mbpp-0070,test,oracle,8,0.0,1613.0,oracle_k8
1.5B,mbpp,mbpp-0070,test,judge,8,0.0,2437.0,judge_k8
1.5B,mbpp,mbpp-0070,test,seq,1,0.0,261.0,seq_r1
1.5B,mbpp,mbpp-0070,test,seq,2,0.0,692.0,seq_r2
1.5B,mbpp,mbpp-0070,test,seq,3,0.0,1123.0,seq_r3
1.5B,mbpp,mbpp-0070,test,seq,4,0.0,1554.0,seq_r4
1.5B,mbpp,mbpp-0070,test,long,2,0.0,210.0,long_m2
1.5B,mbpp,mbpp-0070,test,long,4,0.0,210.0,long_m4
1.5B,mbpp,mbpp-0070,test,debate,6,0.0,2039.0,debate_a3r2
1.5B,mbpp,mbpp-0071,test,single,1,0.0,106.0,
1.5B,mbpp,mbpp-0071,test,prog,4,0.0,464.0,prog_k4
1.5B,mbpp,mbpp-0071,test,oracle,4,0.0,464.0,oracle_k4
1.5B,mbpp,mbpp-0071,test,judge,4,0.0,767.5,judge_k4
1.5B,mbpp,mbpp-0071,test,prog,8,0.0,909.0,prog_k8
1.5B,mbpp,mbpp-0071,test,oracle,8,0.0,909.0,oracle_k8
1.5B,mbpp,mbpp-0071,test,judge,8,0.0,1399.0,judge_k8
1.5B,mbpp,mbpp-0071,test,seq,1,0.0,106.0,seq_r1
1.5B,mbpp,mbpp-0071,test,seq,2,0.0,344.0,seq_r2
1.5B,mbpp,mbpp-0071,test,seq,3,0.0,589.0,seq_r3
1.5B,mbpp,mbpp-0071,test,seq,4,0.0,788.0,seq_r4
1.5B,mbpp,mbpp-0071,test,long,2,0.0,241.0,long_m2
1.5B,mbpp,mbpp-0071,test,long,4,0.0,241.0,long_m4
1.5B,mbpp,mbpp-0071,test,debate,6,0.0,904.0,debate_a3r2
1.5B,mbpp,mbpp-0072,test,single,1,0.0,142.0,
1.5B,mbpp,mbpp-0072,test,prog,4,1.0,620.5,prog_k4
1.5B,mbpp,mbpp-0072,test,oracle,4,1.0,620.5,oracle_k4
1.5B,mbpp,mbpp-0072,test,judge,4,0.5,937.5,judge_k4
1.5B,mbpp,mbpp-0072,test,prog,8,1.0,1247.0,prog_k8
1.5B,mbpp,mbpp-0072,test,oracle,8,1.0,1247.0,oracle_k8
1.5B,mbpp,mbpp-0072,test,judge,8,1.0,1746.0,judge_k8
1.5B,mbpp,mbpp-0072,test,seq,1,0.0,142.0,seq_r1
1.5B,mbpp,mbpp-0072,test,seq,2,0.0,343.0,seq_r2
1.5B,mbpp,mbpp-0072,test,seq,3,0.0,546.0,seq_r3
1.5B,mbpp,mbpp-0072,test,seq,4,0.0,747.0,seq_r4
1.5B,mbpp,mbpp-0072,test,long,2,0.0,248.0,long_m2
1.5B,mbpp,mbpp-0072,test,long,4,0.0,248.0,long_m4
1.5B,mbpp,mbpp-0072,test,debate,6,1.0,1365.0,debate_a3r2
1.5B,mbpp,mbpp-0073,test,single,1,1.0,155.0,
1.5B,mbpp,mbpp-0073,test,prog,4,0.5,621.5,prog_k4
1.5B,mbpp,mbpp-0073,test,oracle,4,1.0,621.5,oracle_k4
1.5B,mbpp,mbpp-0073,test,judge,4,1.0,877.0,judge_k4
1.5B,mbpp,mbpp-0073,test,prog,8,1.0,1243.0,prog_k8
1.5B,mbpp,mbpp-0073,test,oracle,8,1.0,1243.0,oracle_k8
1.5B,mbpp,mbpp-0073,test,judge,8,1.0,1592.0,judge_k8
1.5B,mbpp,mbpp-0073,test,seq,1,1.0,155.0,seq_r1
1.5B,mbpp,mbpp-0073,test,seq,2,1.0,445.0,seq_r2
1.5B,mbpp,mbpp-0073,test,seq,3,0.0,823.0,seq_r3
1.5B,mbpp,mbpp-0073,test,seq,4,0.0,1248.0,seq_r4
1.5B,mbpp,mbpp-0073,test,long,2,1.0,199.0,long_m2
1.5B,mbpp,mbpp-0073,test,long,4,1.0,199.0,long_m4
1.5B,mbpp,mbpp-0073,test,debate,6,1.0,1148.0,debate_a3r2
1.5B,mbpp,mbpp-0074,test,single,1,1.0,180.0,
1.5B,mbpp,mbpp-0074,test,prog,4,1.0,593.5,prog_k4
1.5B,mbpp,mbpp-0074,test,oracle,4,1.0,593.5,oracle_k4
1.5B,mbpp,mbpp-0074,test,judge,4,1.0,875.0,judge_k4
1.5B,mbpp,mbpp-0074,test,prog,8,1.0,1194.0,prog_k8
1.5B,mbpp,mbpp-0074,test,oracle,8,1.0,1194.0,oracle_k8
1.5B,mbpp,mbpp-0074,test,judge,8,1.0,1618.0,judge_k8
1.5B,mbpp,mbpp-0074,test,seq,1,1.0,180.0,seq_r1
1.5B,mbpp,mbpp-0074,test,seq,2,1.0,448.0,seq_r2
1.5B,mbpp,mbpp-0074,test,seq,3,1.0,712.0,seq_r3
1.5B,mbpp,mbpp-0074,test,seq,4,0.0,975.0,seq_r4
1.5B,mbpp,mbpp-0074,test,long,2,0.0,230.0,long_m2
1.5B,mbpp,mbpp-0074,test,long,4,0.0,230.0,long_m4
1.5B,mbpp,mbpp-0074,test,debate,6,1.0,1276.0,debate_a3r2
1.5B,mbpp,mbpp-0075,test,single,1,1.0,119.0,
1.5B,mbpp,mbpp-0075,test,prog,4,1.0,499.0,prog_k4
1.5B,mbpp,mbpp-0075,test,oracle,4,1.0,499.0,oracle_k4
1.5B,mbpp,mbpp-0075,test,judge,4,1.0,724.0,judge_k4
1.5B,mbpp,mbpp-0075,test,prog,8,1.0,1019.0,prog_k8
1.5B,mbpp,mbpp-0075,test,oracle,8,1.0,1019.0,oracle_k8
1.5B,mbpp,mbpp-0075,test,judge,8,1.0,1358.0,judge_k8
1.5B,mbpp,mbpp-0075,test,seq,1,1.0,119.0,seq_r1
1.5B,mbpp,mbpp-0075,test,seq,2,1.0,417.0,seq_r2
1.5B,mbpp,mbpp-0075,test,seq,3,1.0,732.0,seq_r3
1.5B,mbpp,mbpp-0075,test,seq,4,1.0,958.0,seq_r4
1.5B,mbpp,mbpp-0075,test,long,2,1.0,156.0,long_m2
1.5B,mbpp,mbpp-0075,test,long,4,1.0,156.0,long_m4
1.5B,mbpp,mbpp-0075,test,debate,6,1.0,905.0,debate_a3r2
1.5B,mbpp,mbpp-0076,test,single,1,1.0,100.0,
1.5B,mbpp,mbpp-0076,test,prog,4,1.0,357.0,prog_k4
1.5B,mbpp,mbpp-0076,test,oracle,4,1.0,357.0,oracle_k4
1.5B,mbpp,mbpp-0076,test,judge,4,1.0,562.0,judge_k4
1.5B,mbpp,mbpp-0076,test,prog,8,1.0,701.0,prog_k8
1.5B,mbpp,mbpp-0076,test,oracle,8,1.0,701.0,oracle_k8
1.5B,mbpp,mbpp-0076,test,judge,8,1.0,1006.0,judge_k8
1.5B,mbpp,mbpp-0076,test,seq,1,1.0,100.0,seq_r1
1.5B,mbpp,mbpp-0076,test,seq,2,0.0,271.0,seq_r2
1.5B,mbpp,mbpp-0076,test,seq,3,1.0,447.0,seq_r3
1.5B,mbpp,mbpp-0076,test,seq,4,1.0,670.0,seq_r4
1.5B,mbpp,mbpp-0076,test,long,2,1.0,121.0,long_m2
1.5B,mbpp,mbpp-0076,test,long,4,1.0,121.0,long_m4
1.5B,mbpp,mbpp-0076,test,debate,6,1.0,778.0,debate_a3r2
1.5B,mbpp,mbpp-0077,test,single,1,1.0,85.0,
1.5B,mbpp,mbpp-0077,test,prog,4,1.0,340.0,prog_k4
1.5B,mbpp,mbpp-0077,test,oracle,4,1.0,340.0,oracle_k4
1.5B,mbpp,mbpp-0077,test,judge,4,1.0,506.0,judge_k4
1.5B,mbpp,mbpp-0077,test,prog,8,1.0,680.0,prog_k8
1.5B,mbpp,mbpp-0077,test,oracle,8,1.0,680.0,oracle_k8
1.5B,mbpp,mbpp-0077,test,judge,8,1.0,914.0,judge_k8
1.5B,mbpp,mbpp-0077,test,seq,1,1.0,85.0,seq_r1
1.5B,mbpp,mbpp-0077,test,seq,2,1.0,251.0,seq_r2
1.5B,mbpp,mbpp-0077,test,seq,3,1.0,421.0,seq_r3
1.5B,mbpp,mbpp-0077,test,seq,4,1.0,621.0,seq_r4
1.5B,mbpp,mbpp-0077,test,long,2,0.0,180.0,long_m2
1.5B,mbpp,mbpp-0077,test,long,4,0.0,180.0,long_m4
1.5B,mbpp,mbpp-0077,test,debate,6,1.0,689.0,debate_a3r2
1.5B,mbpp,mbpp-0078,test,single,1,0.0,107.0,
1.5B,mbpp,mbpp-0078,test,prog,4,0.5,426.5,prog_k4
1.5B,mbpp,mbpp-0078,test,oracle,4,0.5,426.5,oracle_k4
1.5B,mbpp,mbpp-0078,test,judge,4,0.0,628.0,judge_k4
1.5B,mbpp,mbpp-0078,test,prog,8,1.0,867.0,prog_k8
1.5B,mbpp,mbpp-0078,test,oracle,8,1.0,867.0,oracle_k8
1.5B,mbpp,mbpp-0078,test,judge,8,0.0,1169.0,judge_k8
1.5B,mbpp,mbpp-0078,test,seq,1,0.0,107.0,seq_r1
1.5B,mbpp,mbpp-0078,test,seq,2,1.0,262.0,seq_r2
1.5B,mbpp,mbpp-0078,test,seq,3,1.0,418.0,seq_r3
1.5B,mbpp,mbpp-0078,test,seq,4,1.0,574.0,seq_r4
1.5B,mbpp,mbpp-0078,test,long,2,1.0,143.0,long_m2
1.5B,mbpp,mbpp-0078,test,long,4,1.0,143.0,long_m4
1.5B,mbpp,mbpp-0078,test,debate,6,0.0,875.0,debate_a3r2
1.5B,mbpp,mbpp-0079,test,single,1,0.0,123.0,
1.5B,mbpp,mbpp-0079,test,prog,4,0.0,430.0,prog_k4
1.5B,mbpp,mbpp-0079,test,oracle,4,0.0,430.0,oracle_k4
1.5B,mbpp,mbpp-0079,test,judge,4,0.0,654.0,judge_k4
1.5B,mbpp,mbpp-0079,test,prog,8,0.0,823.0,prog_k8
1.5B,mbpp,mbpp-0079,test,oracle,8,0.0,823.0,oracle_k8
1.5B,mbpp,mbpp-0079,test,judge,8,0.0,1124.0,judge_k8
1.5B,mbpp,mbpp-0079,test,seq,1,0.0,123.0,seq_r1
1.5B,mbpp,mbpp-0079,test,seq,2,0.0,339.0,seq_r2
1.5B,mbpp,mbpp-0079,test,seq,3,0.0,622.0,seq_r3
1.5B,mbpp,mbpp-0079,test,seq,4,0.0,868.0,seq_r4
1.5B,mbpp,mbpp-0079,test,long,2,0.0,286.0,long_m2
1.5B,mbpp,mbpp-0079,test,long,4,0.0,286.0,long_m4
1.5B,mbpp,mbpp-0079,test,debate,6,0.0,946.0,debate_a3r2
1.5B,mbpp,mbpp-0080,test,single,1,0.0,113.0,
1.5B,mbpp,mbpp-0080,test,prog,4,0.0,574.0,prog_k4
1.5B,mbpp,mbpp-0080,test,oracle,4,0.0,574.0,oracle_k4
1.5B,mbpp,mbpp-0080,test,judge,4,0.0,874.0,judge_k4
1.5B,mbpp,mbpp-0080,test,prog,8,0.0,1144.0,prog_k8
1.5B,mbpp,mbpp-0080,test,oracle,8,0.0,1144.0,oracle_k8
1.5B,mbpp,mbpp-0080,test,judge,8,0.0,1608.0,judge_k8
1.5B,mbpp,mbpp-0080,test,seq,1,0.0,113.0,seq_r1
1.5B,mbpp,mbpp-0080,test,seq,2,0.0,392.0,seq_r2
1.5B,mbpp,mbpp-0080,test,seq,3,0.0,800.0,seq_r3
1.5B,mbpp,mbpp-0080,test,seq,4,0.0,1311.0,seq_r4
1.5B,mbpp,mbpp-0080,test,long,2,0.0,201.0,long_m2
1.5B,mbpp,mbpp-0080,test,long,4,0.0,201.0,long_m4
1.5B,mbpp,mbpp-0080,test,debate,6,0.0,1048.0,debate_a3r2
1.5B,mbpp,mbpp-0081,test,single,1,0.0,94.0,
1.5B,mbpp,mbpp-0081,test,prog,4,1.0,404.5,prog_k4
1.5B,mbpp,mbpp-0081,test,oracle,4,1.0,404.5,oracle_k4
1.5B,mbpp,mbpp-0081,test,judge,4,0.5,580.5,judge_k4
1.5B,mbpp,mbpp-0081,test,prog,8,1.0,790.0,prog_k8
1.5B,mbpp,mbpp-0081,test,oracle,8,1.0,790.0,oracle_k8
1.5B,mbpp,mbpp-0081,test,judge,8,0.0,1007.0,judge_k8
1.5B,mbpp,mbpp-0081,test,seq,1,0.0,94.0,seq_r1
1.5B,mbpp,mbpp-0081,test,seq,2,1.0,245.0,seq_r2
1.5B,mbpp,mbpp-0081,test,seq,3,0.0,419.0,seq_r3
1.5B,mbpp,mbpp-0081,test,seq,4,0.0,593.0,seq_r4
1.5B,mbpp,mbpp-0081,test,long,2,1.0,182.0,long_m2
1.5B,mbpp,mbpp-0081,test,long,4,1.0,182.0,long_m4
1.5B,mbpp,mbpp-0081,test,debate,6,0.0,782.0,debate_a3r2
1.5B,mbpp,mbpp-0082,test,single,1,1.0,174.0,
1.5B,mbpp,mbpp-0082,test,prog,4,0.0,653.0,prog_k4
1.5B,mbpp,mbpp-0082,test,oracle,4,1.0,653.0,oracle_k4
1.5B,mbpp,mbpp-0082,test,judge,4,0.5,1056.0,judge_k4
1.5B,mbpp,mbpp-0082,test,prog,8,1.0,1288.0,prog_k8
1.5B,mbpp,mbpp-0082,test,oracle,8,1.0,1288.0,oracle_k8
1.5B,mbpp,mbpp-0082,test,judge,8,1.0,1951.0,judge_k8
1.5B,mbpp,mbpp-0082,test,seq,1,1.0,174.0,seq_r1
1.5B,mbpp,mbpp-0082,test,seq,2,1.0,556.0,seq_r2
1.5B,mbpp,mbpp-0082,test,seq,3,1.0,997.0,seq_r3
1.5B,mbpp,mbpp-0082,test,seq,4,1.0,1479.0,seq_r4
1.5B,mbpp,mbpp-0082,test,long,2,0.0,133.0,long_m2
1.5B,mbpp,mbpp-0082,test,long,4,0.0,133.0,long_m4
1.5B,mbpp,mbpp-0082,test,debate,6,0.0,1443.0,debate_a3r2
1.5B,mbpp,mbpp-0083,test,single,1,1.0,137.0,
1.5B,mbpp,mbpp-0083,test,prog,4,1.0,537.0,prog_k4
1.5B,mbpp,mbpp-0083,test,oracle,4,1.0,537.0,oracle_k4
1.5B,mbpp,mbpp-0083,test,judge,4,1.0,780.5,judge_k4
1.5B,mbpp,mbpp-0083,test,prog,8,1.0,1061.0,prog_k8
1.5B,mbpp,mbpp-0083,test,oracle,8,1.0,1061.0,oracle_k8
1.5B,mbpp,mbpp-0083,test,judge,8,1.0,1397.0,judge_k8
1.5B,mbpp,mbpp-0083,test,seq,1,1.0,137.0,seq_r1
1.5B,mbpp,mbpp-0083,test,seq,2,1.0,333.0,seq_r2
1.5B,mbpp,mbpp-0083,test,seq,3,1.0,534.0,seq_r3
1.5B,mbpp,mbpp-0083,test,seq,4,1.0,735.0,seq_r4
1.5B,mbpp,mbpp-0083,test,long,2,0.0,147.0,long_m2
1.5B,mbpp,mbpp-0083,test,long,4,0.0,147.0,long_m4
1.5B,mbpp,mbpp-0083,test,debate,6,1.0,1034.0,debate_a3r2
1.5B,mbpp,mbpp-0084,test,single,1,0.0,111.0,
1.5B,mbpp,mbpp-0084,test,prog,4,0.0,423.0,prog_k4
1.5B,mbpp,mbpp-0084,test,oracle,4,0.0,423.0,oracle_k4
1.5B,mbpp,mbpp-0084,test,judge,4,0.0,633.0,judge_k4
1.5B,mbpp,mbpp-0084,test,prog,8,0.0,843.0,prog_k8
1.5B,mbpp,mbpp-0084,test,oracle,8,0.0,843.0,oracle_k8
1.5B,mbpp,mbpp-0084,test,judge,8,0.0,1149.0,judge_k8
1.5B,mbpp,mbpp-0084,test,seq,1,0.0,111.0,seq_r1
1.5B,mbpp,mbpp-0084,test,seq,2,0.0,282.0,seq_r2
1.5B,mbpp,mbpp-0084,test,seq,3,0.0,457.0,seq_r3
1.5B,mbpp,mbpp-0084,test,seq,4,0.0,664.0,seq_r4
1.5B,mbpp,mbpp-0084,test,long,2,1.0,181.0,long_m2
1.5B,mbpp,mbpp-0084,test,long,4,1.0,181.0,long_m4
1.5B,mbpp,mbpp-0084,test,debate,6,0.0,850.0,debate_a3r2
1.5B,mbpp,mbpp-0085,test,single,1,1.0,112.0,
1.5B,mbpp,mbpp-0085,test,prog,4,1.0,544.5,prog_k4
1.5B,mbpp,mbpp-0085,test,oracle,4,1.0,544.5,oracle_k4
1.5B,mbpp,mbpp-0085,test,judge,4,1.0,887.0,judge_k4
1.5B,mbpp,mbpp-0085,test,prog,8,1.0,1113.0,prog_k8
1.5B,mbpp,mbpp-0085,test,oracle,8,1.0,1113.0,oracle_k8
1.5B,mbpp,mbpp-0085,test,judge,8,1.0,1712.0,judge_k8
1.5B,mbpp,mbpp-0085,test,seq,1,1.0,112.0,seq_r1
1.5B,mbpp,mbpp-0085,test,seq,2,1.0,322.0,seq_r2
1.5B,mbpp,mbpp-0085,test,seq,3,1.0,569.0,seq_r3
1.5B,mbpp,mbpp-0085,test,seq,4,1.0,816.0,seq_r4
1.5B,mbpp,mbpp-0085,test,long,2,1.0,233.0,long_m2
1.5B,mbpp,mbpp-0085,test,long,4,1.0,233.0,long_m4
1.5B,mbpp,mbpp-0085,test,debate,6,0.0,896.0,debate_a3r2
1.5B,mbpp,mbpp-0086,test,single,1,1.0,124.0,
1.5B,mbpp,mbpp-0086,test,prog,4,1.0,471.0,prog_k4
1.5B,mbpp,mbpp-0086,test,oracle,4,1.0,471.0,oracle_k4
1.5B,mbpp,mbpp-0086,test,judge,4,1.0,753.0,judge_k4
1.5B,mbpp,mbpp-0086,test,prog,8,1.0,958.0,prog_k8
1.5B,mbpp,mbpp-0086,test,oracle,8,1.0,958.0,oracle_k8
1.5B,mbpp,mbpp-0086,test,judge,8,1.0,1434.0,judge_k8
1.5B,mbpp,mbpp-0086,test,seq,1,1.0,124.0,seq_r1
1.5B,mbpp,mbpp-0086,test,seq,2,0.0,405.0,seq_r2
1.5B,mbpp,mbpp-0086,test,seq,3,1.0,691.0,seq_r3
1.5B,mbpp,mbpp-0086,test,seq,4,1.0,917.0,seq_r4
1.5B,mbpp,mbpp-0086,test,long,2,1.0,167.0,long_m2
1.5B,mbpp,mbpp-0086,test,long,4,1.0,167.0,long_m4
1.5B,mbpp,mbpp-0086,test,debate,6,1.0,1103.0,debate_a3r2
1.5B,mbpp,mbpp-0087,test,single,1,0.0,180.0,
1.5B,mbpp,mbpp-0087,test,prog,4,1.0,721.5,prog_k4
1.5B,mbpp,mbpp-0087,test,oracle,4,1.0,721.5,oracle_k4
1.5B,mbpp,mbpp-0087,test,judge,4,0.5,1048.0,judge_k4
1.5B,mbpp,mbpp-0087,test,prog,8,1.0,1436.0,prog_k8
1.5B,mbpp,mbpp-0087,test,oracle,8,1.0,1436.0,oracle_k8
1.5B,mbpp,mbpp-0087,test,judge,8,1.0,1908.0,judge_k8
1.5B,mbpp,mbpp-0087,test,seq,1,0.0,180.0,seq_r1
1.5B,mbpp,mbpp-0087,test,seq,2,0.0,660.0,seq_r2
1.5B,mbpp,mbpp-0087,test,seq,3,0.0,1332.0,seq_r3
1.5B,mbpp,mbpp-0087,test,seq,4,1.0,1831.0,seq_r4
1.5B,mbpp,mbpp-0087,test,long,2,1.0,253.0,long_m2
1.5B,mbpp,mbpp-0087,test,long,4,1.0,253.0,long_m4
1.5B,mbpp,mbpp-0087,test,debate,6,1.0,1362.0,debate_a3r2
1.5B,mbpp,mbpp-0088,test,single,1,1.0,189.0,
1.5B,mbpp,mbpp-0088,test,prog,4,1.0,649.5,prog_k4
1.5B,mbpp,mbpp-0088,test,oracle,4,1.0,649.5,oracle_k4
1.5B,mbpp,mbpp-0088,test,judge,4,0.5,1111.0,judge_k4
1.5B,mbpp,mbpp-0088,test,prog,8,1.0,1273.0,prog_k8
1.5B,mbpp,mbpp-0088,test,oracle,8,1.0,1273.0,oracle_k8
1.5B,mbpp,mbpp-0088,test,judge,8,0.0,2067.0,judge_k8
1.5B,mbpp,mbpp-0088,test,seq,1,1.0,189.0,seq_r1
1.5B,mbpp,mbpp-0088,test,seq,2,1.0,574.0,seq_r2
1.5B,mbpp,mbpp-0088,test,seq,3,1.0,967.0,seq_r3
1.5B,mbpp,mbpp-0088,test,seq,4,1.0,1314.0,seq_r4
1.5B,mbpp,mbpp-0088,test,long,2,1.0,199.0,long_m2
1.5B,mbpp,mbpp-0088,test,long,4,1.0,199.0,long_m4
1.5B,mbpp,mbpp-0088,test,debate,6,0.0,1514.0,debate_a3r2
1.5B,mbpp,mbpp-0089,test,single,1,1.0,172.0,
1.5B,mbpp,mbpp-0089,test,prog,4,0.5,582.5,prog_k4
1.5B,mbpp,mbpp-0089,test,oracle,4,1.0,582.5,oracle_k4
1.5B,mbpp,mbpp-0089,test,judge,4,1.0,1014.0,judge_k4
1.5B,mbpp,mbpp-0089,test,prog,8,1.0,1092.0,prog_k8
1.5B,mbpp,mbpp-0089,test,oracle,8,1.0,1092.0,oracle_k8
1.5B,mbpp,mbpp-0089,test,judge,8,1.0,1789.0,judge_k8
1.5B,mbpp,mbpp-0089,test,seq,1,1.0,172.0,seq_r1
1.5B,mbpp,mbpp-0089,test,seq,2,1.0,549.0,seq_r2
1.5B,mbpp,mbpp-0089,test,seq,3,1.0,931.0,seq_r3
1.5B,mbpp,mbpp-0089,test,seq,4,1.0,1261.0,seq_r4
1.5B,mbpp,mbpp-0089,test,long,2,1.0,213.0,long_m2
1.5B,mbpp,mbpp-0089,test,long,4,1.0,213.0,long_m4
1.5B,mbpp,mbpp-0089,test,debate,6,1.0,1843.0,debate_a3r2
1.5B,wordcon,wordcon-0000,calib,single,1,0.0,74.0,
1.5B,wordcon,wordcon-0000,calib,prog,4,0.0,301.0,prog_k4
1.5B,wordcon,wordcon-0000,calib,oracle,4,0.0,301.0,oracle_k4
1.5B,wordcon,wordcon-0000,calib,judge,4,0.0,448.0,judge_k4
1.5B,wordcon,wordcon-0000,calib,prog,8,0.0,603.0,prog_k8
1.5B,wordcon,wordcon-0000,calib,oracle,8,0.0,603.0,oracle_k8
1.5B,wordcon,wordcon-0000,calib,judge,8,0.0,808.0,judge_k8
1.5B,wordcon,wordcon-0000,calib,seq,1,0.0,74.0,seq_r1
1.5B,wordcon,wordcon-0000,calib,seq,2,0.0,188.0,seq_r2
1.5B,wordcon,wordcon-0000,calib,seq,3,0.0,308.0,seq_r3
1.5B,wordcon,wordcon-0000,calib,seq,4,0.0,437.0,seq_r4
1.5B,wordcon,wordcon-0000,calib,long,2,0.0,111.0,long_m2
1.5B,wordcon,wordcon-0000,calib,long,4,0.0,111.0,long_m4
1.5B,wordcon,wordcon-0000,calib,debate,6,0.0,618.0,debate_a3r2
1.5B,wordcon,wordcon-0001,calib,single,1,0.0,86.0,
1.5B,wordcon,wordcon-0001,calib,prog,4,0.0,326.5,prog_k4
1.5B,wordcon,wordcon-0001,calib,oracle,4,0.0,326.5,oracle_k4
1.5B,wordcon,wordcon-0001,calib,judge,4,0.0,496.0,judge_k4
1.5B,wordcon,wordcon-0001,calib,prog,8,0.0,645.0,prog_k8
1.5B,wordcon,wordcon-0001,calib,oracle,8,0.0,645.0,oracle_k8
1.5B,wordcon,wordcon-0001,calib,judge,8,0.0,886.0,judge_k8
1.5B,wordcon,wordcon-0001,calib,seq,1,0.0,86.0,seq_r1
1.5B,wordcon,wordcon-0001,calib,seq,2,0.0,227.0,seq_r2
1.5B,wordcon,wordcon-0001,calib,seq,3,0.0,368.0,seq_r3
1.5B,wordcon,wordcon-0001,calib,seq,4,0.0,521.0,seq_r4
1.5B,wordcon,wordcon-0001,calib,long,2,0.0,115.0,long_m2
1.5B,wordcon,wordcon-0001,calib,long,4,0.0,115.0,long_m4
1.5B,wordcon,wordcon-0001,calib,debate,6,0.0,672.0,debate_a3r2
1.5B,wordcon,wordcon-0002,calib,single,1,1.0,74.0,
1.5B,wordcon,wordcon-0002,calib,prog,4,1.0,312.0,prog_k4
1.5B,wordcon,wordcon-0002,calib,oracle,4,1.0,312.0,oracle_k4
1.5B,wordcon,wordcon-0002,calib,judge,4,0.0,470.0,judge_k4
1.5B,wordcon,wordcon-0002,calib,prog,8,1.0,626.0,prog_k8
1.5B,wordcon,wordcon-0002,calib,oracle,8,1.0,626.0,oracle_k8
1.5B,wordcon,wordcon-0002,calib,judge,8,1.0,855.0,judge_k8
1.5B,wordcon,wordcon-0002,calib,seq,1,0.0,76.0,seq_r1
1.5B,wordcon,wordcon-0002,calib,seq,2,0.0,198.0,seq_r2
1.5B,wordcon,wordcon-0002,calib,seq,3,0.0,310.0,seq_r3
1.5B,wordcon,wordcon-0002,calib,seq,4,0.0,447.0,seq_r4
1.5B,wordcon,wordcon-0002,calib,long,2,0.0,112.0,long_m2
1.5B,wordcon,wordcon-0002,calib,long,4,0.0,112.0,long_m4
1.5B,wordcon,wordcon-0002,calib,debate,6,0.0,638.0,debate_a3r2
1.5B,wordcon,wordcon-0003,calib,single,1,0.0,83.0,
1.5B,wordcon,wordcon-0003,calib,prog,4,0.0,335.5,prog_k4
1.5B,wordcon,wordcon-0003,calib,oracle,4,0.0,335.5,oracle_k4
1.5B,wordcon,wordcon-0003,calib,judge,4,0.0,514.0,judge_k4
1.5B,wordcon,wordcon-0003,calib,prog,8,0.0,673.0,prog_k8
1.5B,wordcon,wordcon-0003,calib,oracle,8,0.0,673.0,oracle_k8
1.5B,wordcon,wordcon-0003,calib,judge,8,0.0,942.0,judge_k8
1.5B,wordcon,wordcon-0003,calib,seq,1,0.0,83.0,seq_r1
1.5B,wordcon,wordcon-0003,calib,seq,2,0.0,215.0,seq_r2
1.5B,wordcon,wordcon-0003,calib,seq,3,0.0,349.0,seq_r3
1.5B,wordcon,wordcon-0003,calib,seq,4,0.0,486.0,seq_r4
1.5B,wordcon,wordcon-0003,calib,long,2,0.0,118.0,long_m2
1.5B,wordcon,wordcon-0003,calib,long,4,0.0,118.0,long_m4
1.5B,wordcon,wordcon-0003,calib,debate,6,0.0,698.0,debate_a3r2
1.5B,wordcon,wordcon-0004,calib,single,1,0.0,76.0,
1.5B,wordcon,wordcon-0004,calib,prog,4,0.0,305.5,prog_k4
1.5B,wordcon,wordcon-0004,calib,oracle,4,0.0,305.5,oracle_k4
1.5B,wordcon,wordcon-0004,calib,judge,4,0.0,454.0,judge_k4
1.5B,wordcon,wordcon-0004,calib,prog,8,0.0,612.0,prog_k8
1.5B,wordcon,wordcon-0004,calib,oracle,8,0.0,612.0,oracle_k8
1.5B,wordcon,wordcon-0004,calib,judge,8,0.0,820.0,judge_k8
1.5B,wordcon,wordcon-0004,calib,seq,1,0.0,78.0,seq_r1
1.5B,wordcon,wordcon-0004,calib,seq,2,0.0,199.0,seq_r2
1.5B,wordcon,wordcon-0004,calib,seq,3,0.0,318.0,seq_r3
1.5B,wordcon,wordcon-0004,calib,seq,4,0.0,454.0,seq_r4
1.5B,wordcon,wordcon-0004,calib,long,2,0.0,112.0,long_m2
1.5B,wordcon,wordcon-0004,calib,long,4,0.0,112.0,long_m4
1.5B,wordcon,wordcon-0004,calib,debate,6,0.0,629.0,debate_a3r2
1.5B,wordcon,wordcon-0005,calib,single,1,0.0,81.0,
1.5B,wordcon,wordcon-0005,calib,prog,4,0.0,325.0,prog_k4
1.5B,wordcon,wordcon-0005,calib,oracle,4,0.0,325.0,oracle_k4
1.5B,wordcon,wordcon-0005,calib,judge,4,0.0,493.0,judge_k4
1.5B,wordcon,wordcon-0005,calib,prog,8,0.0,656.0,prog_k8
1.5B,wordcon,wordcon-0005,calib,oracle,8,0.0,656.0,oracle_k8
1.5B,wordcon,wordcon-0005,calib,judge,8,0.0,908.0,judge_k8
1.5B,wordcon,wordcon-0005,calib,seq,1,0.0,81.0,seq_r1
1.5B,wordcon,wordcon-0005,calib,seq,2,0.0,206.0,seq_r2
1.5B,wordcon,wordcon-0005,calib,seq,3,0.0,338.0,seq_r3
1.5B,wordcon,wordcon-0005,calib,seq,4,0.0,459.0,seq_r4
1.5B,wordcon,wordcon-0005,calib,long,2,0.0,114.0,long_m2
1.5B,wordcon,wordcon-0005,calib,long,4,0.0,114.0,long_m4
1.5B,wordcon,wordcon-0005,calib,debate,6,0.0,679.0,debate_a3r2
1.5B,wordcon,wordcon-0006,calib,single,1,1.0,72.0,
1.5B,wordcon,wordcon-0006,calib,prog,4,1.0,295.5,prog_k4
1.5B,wordcon,wordcon-0006,calib,oracle,4,1.0,295.5,oracle_k4
1.5B,wordcon,wordcon-0006,calib,judge,4,1.0,440.0,judge_k4
1.5B,wordcon,wordcon-0006,calib,prog,8,1.0,593.0,prog_k8
1.5B,wordcon,wordcon-0006,calib,oracle,8,1.0,593.0,oracle_k8
1.5B,wordcon,wordcon-0006,calib,judge,8,1.0,796.0,judge_k8
1.5B,wordcon,wordcon-0006,calib,seq,1,1.0,72.0,seq_r1
1.5B,wordcon,wordcon-0006,calib,seq,2,0.0,184.0,seq_r2
1.5B,wordcon,wordcon-0006,calib,seq,3,0.0,293.0,seq_r3
1.5B,wordcon,wordcon-0006,calib,seq,4,0.0,403.0,seq_r4
1.5B,wordcon,wordcon-0006,calib,long,2,0.0,110.0,long_m2
1.5B,wordcon,wordcon-0006,calib,long,4,0.0,110.0,long_m4
1.5B,wordcon,wordcon-0006,calib,debate,6,0.0,576.0,debate_a3r2
1.5B,wordcon,wordcon-0007,calib,single,1,0.0,81.0,
1.5B,wordcon,wordcon-0007,calib,prog,4,0.0,320.0,prog_k4
1.5B,wordcon,wordcon-0007,calib,oracle,4,0.0,320.0,oracle_k4
1.5B,wordcon,wordcon-0007,calib,judge,4,0.0,483.0,judge_k4
1.5B,wordcon,wordcon-0007,calib,prog,8,0.0,630.0,prog_k8
1.5B,wordcon,wordcon-0007,calib,oracle,8,0.0,630.0,oracle_k8
1.5B,wordcon,wordcon-0007,calib,judge,8,0.0,856.0,judge_k8
1.5B,wordcon,wordcon-0007,calib,seq,1,0.0,84.0,seq_r1
1.5B,wordcon,wordcon-0007,calib,seq,2,0.0,216.0,seq_r2
1.5B,wordcon,wordcon-0007,calib,seq,3,0.0,362.0,seq_r3
1.5B,wordcon,wordcon-0007,calib,seq,4,0.0,484.0,seq_r4
1.5B,wordcon,wordcon-0007,calib,long,2,0.0,112.0,long_m2
1.5B,wordcon,wordcon-0007,calib,long,4,0.0,112.0,long_m4
1.5B,wordcon,wordcon-0007,calib,debate,6,0.0,669.0,debate_a3r2
1.5B,wordcon,wordcon-0008,calib,single,1,0.0,79.0,
1.5B,wordcon,wordcon-0008,calib,prog,4,0.0,316.0,prog_k4
1.5B,wordcon,wordcon-0008,calib,oracle,4,0.0,316.0,oracle_k4
1.5B,wordcon,wordcon-0008,calib,judge,4,0.0,475.5,judge_k4
1.5B,wordcon,wordcon-0008,calib,prog,8,0.0,645.0,prog_k8
1.5B,wordcon,wordcon-0008,calib,oracle,8,0.0,645.0,oracle_k8
1.5B,wordcon,wordcon-0008,calib,judge,8,0.0,886.0,judge_k8
1.5B,wordcon,wordcon-0008,calib,seq,1,0.0,81.0,seq_r1
1.5B,wordcon,wordcon-0008,calib,seq,2,0.0,207.0,seq_r2
1.5B,wordcon,wordcon-0008,calib,seq,3,0.0,333.0,seq_r3
1.5B,wordcon,wordcon-0008,calib,seq,4,0.0,459.0,seq_r4
1.5B,wordcon,wordcon-0008,calib,long,2,0.0,112.0,long_m2
1.5B,wordcon,wordcon-0008,calib,long,4,0.0,112.0,long_m4
1.5B,wordcon,wordcon-0008,calib,debate,6,0.0,679.0,debate_a3r2
1.5B,wordcon,wordcon-0009,calib,single,1,0.0,78.0,
1.5B,wordcon,wordcon-0009,calib,prog,4,1.0,314.0,prog_k4
1.5B,wordcon,wordcon-0009,calib,oracle,4,1.0,314.0,oracle_k4
1.5B,wordcon,wordcon-0009,calib,judge,4,0.0,471.0,judge_k4
1.5B,wordcon,wordcon-0009,calib,prog,8,1.0,623.0,prog_k8
1.5B,wordcon,wordcon-0009,calib,oracle,8,1.0,623.0,oracle_k8
1.5B,wordcon,wordcon-0009,calib,judge,8,0.0,841.0,judge_k8
1.5B,wordcon,wordcon-0009,calib,seq,1,0.0,78.0,seq_r1
1.5B,wordcon,wordcon-0009,calib,seq,2,0.0,198.0,seq_r2
1.5B,wordcon,wordcon-0009,calib,seq,3,0.0,339.0,seq_r3
1.5B,wordcon,wordcon-0009,calib,seq,4,0.0,435.0,seq_r4
1.5B,wordcon,wordcon-0009,calib,long,2,0.0,110.0,long_m2
1.5B,wordcon,wordcon-0009,calib,long,4,0.0,110.0,long_m4
1.5B,wordcon,wordcon-0009,calib,debate,6,0.0,652.0,debate_a3r2
1.5B,wordcon,wordcon-0010,calib,single,1,0.0,81.0,
1.5B,wordcon,wordcon-0010,calib,prog,4,0.0,314.0,prog_k4
1.5B,wordcon,wordcon-0010,calib,oracle,4,0.0,314.0,oracle_k4
1.5B,wordcon,wordcon-0010,calib,judge,4,0.0,471.0,judge_k4
1.5B,wordcon,wordcon-0010,calib,prog,8,0.0,625.0,prog_k8
1.5B,wordcon,wordcon-0010,calib,oracle,8,0.0,625.0,oracle_k8
1.5B,wordcon,wordcon-0010,calib,judge,8,0.0,846.0,judge_k8
1.5B,wordcon,wordcon-0010,calib,seq,1,0.0,79.0,seq_r1
1.5B,wordcon,wordcon-0010,calib,seq,2,0.0,201.0,seq_r2
1.5B,wordcon,wordcon-0010,calib,seq,3,0.0,320.0,seq_r3
1.5B,wordcon,wordcon-0010,calib,seq,4,0.0,443.0,seq_r4
1.5B,wordcon,wordcon-0010,calib,long,2,0.0,115.0,long_m2
1.5B,wordcon,wordcon-0010,calib,long,4,0.0,115.0,long_m4
1.5B,wordcon,wordcon-0010,calib,debate,6,0.0,633.0,debate_a3r2
1.5B,wordcon,wordcon-0011,calib,single,1,0.0,75.0,
1.5B,wordcon,wordcon-0011,calib,prog,4,0.5,297.5,prog_k4
1.5B,wordcon,wordcon-0011,calib,oracle,4,0.5,297.5,oracle_k4
1.5B,wordcon,wordcon-0011,calib,judge,4,0.0,444.0,judge_k4
1.5B,wordcon,wordcon-0011,calib,prog,8,1.0,592.0,prog_k8
1.5B,wordcon,wordcon-0011,calib,oracle,8,1.0,592.0,oracle_k8
1.5B,wordcon,wordcon-0011,calib,judge,8,0.0,794.0,judge_k8
1.5B,wordcon,wordcon-0011,calib,seq,1,1.0,72.0,seq_r1
1.5B,wordcon,wordcon-0011,calib,seq,2,0.0,187.0,seq_r2
1.5B,wordcon,wordcon-0011,calib,seq,3,1.0,292.0,seq_r3
1.5B,wordcon,wordcon-0011,calib,seq,4,0.0,404.0,seq_r4
1.5B,wordcon,wordcon-0011,calib,long,2,0.0,108.0,long_m2
1.5B,wordcon,wordcon-0011,calib,long,4,0.0,108.0,long_m4
1.5B,wordcon,wordcon-0011,calib,debate,6,0.0,578.0,debate_a3r2
1.5B,wordcon,wordcon-0012,calib,single,1,0.0,77.0,
1.5B,wordcon,wordcon-0012,calib,prog,4,0.5,305.0,prog_k4
1.5B,wordcon,wordcon-0012,calib,oracle,4,0.5,305.0,oracle_k4
1.5B,wordcon,wordcon-0012,calib,judge,4,0.5,456.0,judge_k4
1.5B,wordcon,wordcon-0012,calib,prog,8,1.0,617.0,prog_k8
1.5B,wordcon,wordcon-0012,calib,oracle,8,1.0,617.0,oracle_k8
1.5B,wordcon,wordcon-0012,calib,judge,8,0.0,836.0,judge_k8
1.5B,wordcon,wordcon-0012,calib,seq,1,0.0,75.0,seq_r1
1.5B,wordcon,wordcon-0012,calib,seq,2,0.0,195.0,seq_r2
1.5B,wordcon,wordcon-0012,calib,seq,3,1.0,304.0,seq_r3
1.5B,wordcon,wordcon-0012,calib,seq,4,1.0,419.0,seq_r4
1.5B,wordcon,wordcon-0012,calib,long,2,0.0,110.0,long_m2
1.5B,wordcon,wordcon-0012,calib,long,4,0.0,110.0,long_m4
1.5B,wordcon,wordcon-0012,calib,debate,6,0.0,614.0,debate_a3r2
1.5B,wordcon,wordcon-0013,calib,single,1,0.0,74.0,
1.5B,wordcon,wordcon-0013,calib,prog,4,0.0,298.0,prog_k4
1.5B,wordcon,wordcon-0013,calib,oracle,4,0.0,298.0,oracle_k4
1.5B,wordcon,wordcon-0013,calib,judge,4,0.0,445.0,judge_k4
1.5B,wordcon,wordcon-0013,calib,prog,8,1.0,594.0,prog_k8
1.5B,wordcon,wordcon-0013,calib,oracle,8,1.0,594.0,oracle_k8
1.5B,wordcon,wordcon-0013,calib,judge,8,0.0,797.0,judge_k8
1.5B,wordcon,wordcon-0013,calib,seq,1,0.0,74.0,seq_r1
1.5B,wordcon,wordcon-0013,calib,seq,2,0.0,188.0,seq_r2
1.5B,wordcon,wordcon-0013,calib,seq,3,0.0,302.0,seq_r3
1.5B,wordcon,wordcon-0013,calib,seq,4,0.0,416.0,seq_r4
1.5B,wordcon,wordcon-0013,calib,long,2,0.0,110.0,long_m2
1.5B,wordcon,wordcon-0013,calib,long,4,0.0,110.0,long_m4
1.5B,wordcon,wordcon-0013,calib,debate,6,0.0,600.0,debate_a3r2
1.5B,wordcon,wordcon-0014,calib,single,1,0.0,82.0,
1.5B,wordcon,wordcon-0014,calib,prog,4,0.5,324.5,prog_k4
1.5B,wordcon,wordcon-0014,calib,oracle,4,0.5,324.5,oracle_k4
1.5B,wordcon,wordcon-0014,calib,judge,4,0.0,492.0,judge_k4
1.5B,wordcon,wordcon-0014,calib,prog,8,1.0,643.0,prog_k8
1.5B,wordcon,wordcon-0014,calib,oracle,8,1.0,643.0,oracle_k8
1.5B,wordcon,wordcon-0014,calib,judge,8,0.0,881.0,judge_k8
1.5B,wordcon,wordcon-0014,calib,seq,1,0.0,80.0,seq_r1
1.5B,wordcon,wordcon-0014,calib,seq,2,0.0,204.0,seq_r2
1.5B,wordcon,wordcon-0014,calib,seq,3,0.0,348.0,seq_r3
1.5B,wordcon,wordcon-0014,calib,seq,4,0.0,482.0,seq_r4
1.5B,wordcon,wordcon-0014,calib,long,2,0.0,121.0,long_m2
1.5B,wordcon,wordcon-0014,calib,long,4,0.0,121.0,long_m4
1.5B,wordcon,wordcon-0014,calib,debate,6,0.0,639.0,debate_a3r2
1.5B,wordcon,wordcon-0015,calib,single,1,0.0,79.0,
1.5B,wordcon,wordcon-0015,calib,prog,4,0.0,311.0,prog_k4
1.5B,wordcon,wordcon-0015,calib,oracle,4,0.0,311.0,oracle_k4
1.5B,wordcon,wordcon-0015,calib,judge,4,0.0,465.0,judge_k4
1.5B,wordcon,wordcon-0015,calib,prog,8,0.0,616.0,prog_k8
1.5B,wordcon,wordcon-0015,calib,oracle,8,0.0,616.0,oracle_k8
1.5B,wordcon,wordcon-0015,calib,judge,8,0.0,828.0,judge_k8
1.5B,wordcon,wordcon-0015,calib,seq,1,0.0,76.0,seq_r1
1.5B,wordcon,wordcon-0015,calib,seq,2,0.0,192.0,seq_r2
1.5B,wordcon,wordcon-0015,calib,seq,3,0.0,308.0,seq_r3
1.5B,wordcon,wordcon-0015,calib,seq,4,0.0,426.0,seq_r4
1.5B,wordcon,wordcon-0015,calib,long,2,0.0,113.0,long_m2
1.5B,wordcon,wordcon-0015,calib,long,4,0.0,113.0,long_m4
1.5B,wordcon,wordcon-0015,calib,debate,6,0.0,632.0,debate_a3r2
1.5B,wordcon,wordcon-0016,calib,single,1,0.0,75.0,
1.5B,wordcon,wordcon-0016,calib,prog,4,0.0,310.5,prog_k4
1.5B,wordcon,wordcon-0016,calib,oracle,4,0.0,310.5,oracle_k4
1.5B,wordcon,wordcon-0016,calib,judge,4,0.0,464.0,judge_k4
1.5B,wordcon,wordcon-0016,calib,prog,8,0.0,624.0,prog_k8
1.5B,wordcon,wordcon-0016,calib,oracle,8,0.0,624.0,oracle_k8
1.5B,wordcon,wordcon-0016,calib,judge,8,0.0,843.0,judge_k8
1.5B,wordcon,wordcon-0016,calib,seq,1,0.0,76.0,seq_r1
1.5B,wordcon,wordcon-0016,calib,seq,2,0.0,195.0,seq_r2
1.5B,wordcon,wordcon-0016,calib,seq,3,0.0,310.0,seq_r3
1.5B,wordcon,wordcon-0016,calib,seq,4,0.0,428.0,seq_r4
1.5B,wordcon,wordcon-0016,calib,long,2,0.0,113.0,long_m2
1.5B,wordcon,wordcon-0016,calib,long,4,0.0,113.0,long_m4
1.5B,wordcon,wordcon-0016,calib,debate,6,0.0,637.0,debate_a3r2
1.5B,wordcon,wordcon-0017,calib,single,1,0.0,79.0,
1.5B,wordcon,wordcon-0017,calib,prog,4,1.0,311.5,prog_k4
1.5B,wordcon,wordcon-0017,calib,oracle,4,1.0,311.5,oracle_k4
1.5B,wordcon,wordcon-0017,calib,judge,4,0.5,466.5,judge_k4
1.5B,wordcon,wordcon-0017,calib,prog,8,1.0,624.0,prog_k8
1.5B,wordcon,wordcon-0017,calib,oracle,8,1.0,624.0,oracle_k8
1.5B,wordcon,wordcon-0017,calib,judge,8,0.0,844.0,judge_k8
1.5B,wordcon,wordcon-0017,calib,seq,1,0.0,79.0,seq_r1
1.5B,wordcon,wordcon-0017,calib,seq,2,0.0,201.0,seq_r2
1.5B,wordcon,wordcon-0017,calib,seq,3,0.0,327.0,seq_r3
1.5B,wordcon,wordcon-0017,calib,seq,4,0.0,456.0,seq_r4
1.5B,wordcon,wordcon-0017,calib,long,2,0.0,112.0,long_m2
1.5B,wordcon,wordcon-0017,calib,long,4,0.0,112.0,long_m4
1.5B,wordcon,wordcon-0017,calib,debate,6,0.0,628.0,debate_a3r2
1.5B,wordcon,wordcon-0018,calib,single,1,0.0,76.0,
1.5B,wordcon,wordcon-0018,calib,prog,4,0.0,300.5,prog_k4
1.5B,wordcon,wordcon-0018,calib,oracle,4,0.0,300.5,oracle_k4
1.5B,wordcon,wordcon-0018,calib,judge,4,0.0,447.0,judge_k4
1.5B,wordcon,wordcon-0018,calib,prog,8,0.0,614.0,prog_k8
1.5B,wordcon,wordcon-0018,calib,oracle,8,0.0,614.0,oracle_k8
1.5B,wordcon,wordcon-0018,calib,judge,8,0.0,830.0,judge_k8
1.5B,wordcon,wordcon-0018,calib,seq,1,0.0,75.0,seq_r1
1.5B,wordcon,wordcon-0018,calib,seq,2,0.0,192.0,seq_r2
1.5B,wordcon,wordcon-0018,calib,seq,3,0.0,309.0,seq_r3
1.5B,wordcon,wordcon-0018,calib,seq,4,0.0,420.0,seq_r4
1.5B,wordcon,wordcon-0018,calib,long,2,0.0,108.0,long_m2
1.5B,wordcon,wordcon-0018,calib,long,4,0.0,108.0,long_m4
1.5B,wordcon,wordcon-0018,calib,debate,6,0.0,619.0,debate_a3r2
1.5B,wordcon,wordcon-0019,calib,single,1,0.0,81.0,
1.5B,wordcon,wordcon-0019,calib,prog,4,0.0,325.0,prog_k4
1.5B,wordcon,wordcon-0019,calib,oracle,4,0.0,325.0,oracle_k4
1.5B,wordcon,wordcon-0019,calib,judge,4,0.0,493.0,judge_k4
1.5B,wordcon,wordcon-0019,calib,prog,8,0.0,644.0,prog_k8
1.5B,wordcon,wordcon-0019,calib,oracle,8,0.0,644.0,oracle_k8
1.5B,wordcon,wordcon-0019,calib,judge,8,0.0,884.0,judge_k8
1.5B,wordcon,wordcon-0019,calib,seq,1,0.0,84.0,seq_r1
1.5B,wordcon,wordcon-0019,calib,seq,2,0.0,217.0,seq_r2
1.5B,wordcon,wordcon-0019,calib,seq,3,0.0,345.0,seq_r3
1.5B,wordcon,wordcon-0019,calib,seq,4,0.0,490.0,seq_r4
1.5B,wordcon,wordcon-0019,calib,long,2,0.0,117.0,long_m2
1.5B,wordcon,wordcon-0019,calib,long,4,0.0,117.0,long_m4
1.5B,wordcon,wordcon-0019,calib,debate,6,0.0,669.0,debate_a3r2
1.5B,wordcon,wordcon-0020,calib,single,1,0.0,78.0,
1.5B,wordcon,wordcon-0020,calib,prog,4,0.5,316.5,prog_k4
1.5B,wordcon,wordcon-0020,calib,oracle,4,0.5,316.5,oracle_k4
1.5B,wordcon,wordcon-0020,calib,judge,4,0.0,476.5,judge_k4
1.5B,wordcon,wordcon-0020,calib,prog,8,1.0,633.0,prog_k8
1.5B,wordcon,wordcon-0020,calib,oracle,8,1.0,633.0,oracle_k8
1.5B,wordcon,wordcon-0020,calib,judge,8,0.0,862.0,judge_k8
1.5B,wordcon,wordcon-0020,calib,seq,1,0.0,77.0,seq_r1
1.5B,wordcon,wordcon-0020,calib,seq,2,0.0,201.0,seq_r2
1.5B,wordcon,wordcon-0020,calib,seq,3,0.0,322.0,seq_r3
1.5B,wordcon,wordcon-0020,calib,seq,4,0.0,457.0,seq_r4
1.5B,wordcon,wordcon-0020,calib,long,2,0.0,112.0,long_m2
1.5B,wordcon,wordcon-0020,calib,long,4,0.0,112.0,long_m4
1.5B,wordcon,wordcon-0020,calib,debate,6,0.0,639.0,debate_a3r2
1.5B,wordcon,wordcon-0021,calib,single,1,0.0,76.0,
1.5B,wordcon,wordcon-0021,calib,prog,4,0.0,312.5,prog_k4
1.5B,wordcon,wordcon-0021,calib,oracle,4,0.0,312.5,oracle_k4
1.5B,wordcon,wordcon-0021,calib,judge,4,0.0,468.0,judge_k4
1.5B,wordcon,wordcon-0021,calib,prog,8,0.0,625.0,prog_k8
1.5B,wordcon,wordcon-0021,calib,oracle,8,0.0,625.0,oracle_k8
1.5B,wordcon,wordcon-0021,calib,judge,8,0.0,846.0,judge_k8
1.5B,wordcon,wordcon-0021,calib,seq,1,0.0,78.0,seq_r1
1.5B,wordcon,wordcon-0021,calib,seq,2,0.0,199.0,seq_r2
1.5B,wordcon,wordcon-0021,calib,seq,3,0.0,324.0,seq_r3
1.5B,wordcon,wordcon-0021,calib,seq,4,0.0,458.0,seq_r4
1.5B,wordcon,wordcon-0021,calib,long,2,1.0,109.0,long_m2
1.5B,wordcon,wordcon-0021,calib,long,4,1.0,109.0,long_m4
1.5B,wordcon,wordcon-0021,calib,debate,6,0.0,649.0,debate_a3r2
1.5B,wordcon,wordcon-0022,calib,single,1,0.0,76.0,
1.5B,wordcon,wordcon-0022,calib,prog,4,0.0,314.0,prog_k4
1.5B,wordcon,wordcon-0022,calib,oracle,4,0.0,314.0,oracle_k4
1.5B,wordcon,wordcon-0022,calib,judge,4,0.0,474.0,judge_k4
1.5B,wordcon,wordcon-0022,calib,prog,8,0.0,629.0,prog_k8
1.5B,wordcon,wordcon-0022,calib,oracle,8,0.0,629.0,oracle_k8
1.5B,wordcon,wordcon-0022,calib,judge,8,0.0,861.0,judge_k8
1.5B,wordcon,wordcon-0022,calib,seq,1,0.0,76.0,seq_r1
1.5B,wordcon,wordcon-0022,calib,seq,2,0.0,193.0,seq_r2
1.5B,wordcon,wordcon-0022,calib,seq,3,0.0,308.0,seq_r3
1.5B,wordcon,wordcon-0022,calib,seq,4,1.0,422.0,seq_r4
1.5B,wordcon,wordcon-0022,calib,long,2,0.0,112.0,long_m2
1.5B,wordcon,wordcon-0022,calib,long,4,0.0,112.0,long_m4
1.5B,wordcon,wordcon-0022,calib,debate,6,0.0,652.0,debate_a3r2
1.5B,wordcon,wordcon-0023,calib,single,1,0.0,81.0,
1.5B,wordcon,wordcon-0023,calib,prog,4,0.0,315.5,prog_k4
1.5B,wordcon,wordcon-0023,calib,oracle,4,0.0,315.5,oracle_k4
1.5B,wordcon,wordcon-0023,calib,judge,4,0.0,474.0,judge_k4
1.5B,wordcon,wordcon-0023,calib,prog,8,0.0,634.0,prog_k8
1.5B,wordcon,wordcon-0023,calib,oracle,8,0.0,634.0,oracle_k8
1.5B,wordcon,wordcon-0023,calib,judge,8,0.0,864.0,judge_k8
1.5B,wordcon,wordcon-0023,calib,seq,1,0.0,79.0,seq_r1
1.5B,wordcon,wordcon-0023,calib,seq,2,0.0,201.0,seq_r2
1.5B,wordcon,wordcon-0023,calib,seq,3,0.0,320.0,seq_r3
1.5B,wordcon,wordcon-0023,calib,seq,4,0.0,443.0,seq_r4
1.5B,wordcon,wordcon-0023,calib,long,2,0.0,113.0,long_m2
1.5B,wordcon,wordcon-0023,calib,long,4,0.0,113.0,long_m4
1.5B,wordcon,wordcon-0023,calib,debate,6,0.0,638.0,debate_a3r2
1.5B,wordcon,wordcon-0024,calib,single,1,0.0,77.0,
1.5B,wordcon,wordcon-0024,calib,prog,4,0.0,310.0,prog_k4
1.5B,wordcon,wordcon-0024,calib,oracle,4,0.0,310.0,oracle_k4
1.5B,wordcon,wordcon-0024,calib,judge,4,0.0,463.0,judge_k4
1.5B,wordcon,wordcon-0024,calib,prog,8,0.0,617.0,prog_k8
1.5B,wordcon,wordcon-0024,calib,oracle,8,0.0,617.0,oracle_k8
1.5B,wordcon,wordcon-0024,calib,judge,8,0.0,829.0,judge_k8
1.5B,wordcon,wordcon-0024,calib,seq,1,0.0,76.0,seq_r1
1.5B,wordcon,wordcon-0024,calib,seq,2,0.0,192.0,seq_r2
1.5B,wordcon,wordcon-0024,calib,seq,3,0.0,306.0,seq_r3
1.5B,wordcon,wordcon-0024,calib,seq,4,0.0,427.0,seq_r4
1.5B,wordcon,wordcon-0024,calib,long,2,0.0,113.0,long_m2
1.5B,wordcon,wordcon-0024,calib,long,4,0.0,113.0,long_m4
1.5B,wordcon,wordcon-0024,calib,debate,6,0.0,632.0,debate_a3r2
1.5B,wordcon,wordcon-0025,calib,single,1,0.0,78.0,
1.5B,wordcon,wordcon-0025,calib,prog,4,0.0,309.5,prog_k4
1.5B,wordcon,wordcon-0025,calib,oracle,4,0.0,309.5,oracle_k4
1.5B,wordcon,wordcon-0025,calib,judge,4,0.0,462.0,judge_k4
1.5B,wordcon,wordcon-0025,calib,prog,8,0.0,622.0,prog_k8
1.5B,wordcon,wordcon-0025,calib,oracle,8,0.0,622.0,oracle_k8
1.5B,wordcon,wordcon-0025,calib,judge,8,0.0,840.0,judge_k8
1.5B,wordcon,wordcon-0025,calib,seq,1,0.0,76.0,seq_r1
1.5B,wordcon,wordcon-0025,calib,seq,2,0.0,192.0,seq_r2
1.5B,wordcon,wordcon-0025,calib,seq,3,0.0,317.0,seq_r3
1.5B,wordcon,wordcon-0025,calib,seq,4,0.0,439.0,seq_r4
1.5B,wordcon,wordcon-0025,calib,long,2,0.0,111.0,long_m2
1.5B,wordcon,wordcon-0025,calib,long,4,0.0,111.0,long_m4
1.5B,wordcon,wordcon-0025,calib,debate,6,0.0,606.0,debate_a3r2
1.5B,wordcon,wordcon-0026,calib,single,1,0.0,78.0,
1.5B,wordcon,wordcon-0026,calib,prog,4,0.0,319.5,prog_k4
1.5B,wordcon,wordcon-0026,calib,oracle,4,0.0,319.5,oracle_k4
1.5B,wordcon,wordcon-0026,calib,judge,4,0.0,482.5,judge_k4
1.5B,wordcon,wordcon-0026,calib,prog,8,0.0,642.0,prog_k8
1.5B,wordcon,wordcon-0026,calib,oracle,8,0.0,642.0,oracle_k8
1.5B,wordcon,wordcon-0026,calib,judge,8,0.0,880.0,judge_k8
1.5B,wordcon,wordcon-0026,calib,seq,1,0.0,78.0,seq_r1
1.5B,wordcon,wordcon-0026,calib,seq,2,0.0,198.0,seq_r2
1.5B,wordcon,wordcon-0026,calib,seq,3,0.0,318.0,seq_r3
1.5B,wordcon,wordcon-0026,calib,seq,4,0.0,438.0,seq_r4
1.5B,wordcon,wordcon-0026,calib,long,2,1.0,110.0,long_m2
1.5B,wordcon,wordcon-0026,calib,long,4,1.0,110.0,long_m4
1.5B,wordcon,wordcon-0026,calib,debate,6,0.0,635.0,debate_a3r2
1.5B,wordcon,wordcon-0027,calib,single,1,1.0,78.0,
1.5B,wordcon,wordcon-0027,calib,prog,4,1.0,315.0,prog_k4
1.5B,wordcon,wordcon-0027,calib,oracle,4,1.0,315.0,oracle_k4
1.5B,wordcon,wordcon-0027,calib,judge,4,0.0,473.0,judge_k4
1.5B,wordcon,wordcon-0027,calib,prog,8,1.0,634.0,prog_k8
1.5B,wordcon,wordcon-0027,calib,oracle,8,1.0,634.0,oracle_k8
1.5B,wordcon,wordcon-0027,calib,judge,8,1.0,864.0,judge_k8
1.5B,wordcon,wordcon-0027,calib,seq,1,0.0,78.0,seq_r1
1.5B,wordcon,wordcon-0027,calib,seq,2,0.0,210.0,seq_r2
1.5B,wordcon,wordcon-0027,calib,seq,3,0.0,318.0,seq_r3
1.5B,wordcon,wordcon-0027,calib,seq,4,0.0,439.0,seq_r4
1.5B,wordcon,wordcon-0027,calib,long,2,0.0,110.0,long_m2
1.5B,wordcon,wordcon-0027,calib,long,4,0.0,110.0,long_m4
1.5B,wordcon,wordcon-0027,calib,debate,6,0.0,653.0,debate_a3r2
1.5B,wordcon,wordcon-0028,calib,single,1,0.0,77.0,
1.5B,wordcon,wordcon-0028,calib,prog,4,1.0,297.5,prog_k4
1.5B,wordcon,wordcon-0028,calib,oracle,4,1.0,297.5,oracle_k4
1.5B,wordcon,wordcon-0028,calib,judge,4,0.0,444.0,judge_k4
1.5B,wordcon,wordcon-0028,calib,prog,8,1.0,598.0,prog_k8
1.5B,wordcon,wordcon-0028,calib,oracle,8,1.0,598.0,oracle_k8
1.5B,wordcon,wordcon-0028,calib,judge,8,0.0,806.0,judge_k8
1.5B,wordcon,wordcon-0028,calib,seq,1,0.0,74.0,seq_r1
1.5B,wordcon,wordcon-0028,calib,seq,2,0.0,188.0,seq_r2
1.5B,wordcon,wordcon-0028,calib,seq,3,0.0,302.0,seq_r3
1.5B,wordcon,wordcon-0028,calib,seq,4,0.0,416.0,seq_r4
1.5B,wordcon,wordcon-0028,calib,long,2,0.0,110.0,long_m2
1.5B,wordcon,wordcon-0028,calib,long,4,0.0,110.0,long_m4
1.5B,wordcon,wordcon-0028,calib,debate,6,0.0,603.0,debate_a3r2
1.5B,wordcon,wordcon-0029,calib,single,1,0.0,78.0,
1.5B,wordcon,wordcon-0029,calib,prog,4,0.0,309.0,prog_k4
1.5B,wordcon,wordcon-0029,calib,oracle,4,0.0,309.0,oracle_k4
1.5B,wordcon,wordcon-0029,calib,judge,4,0.0,464.0,judge_k4
1.5B,wordcon,wordcon-0029,calib,prog,8,0.0,616.0,prog_k8
1.5B,wordcon,wordcon-0029,calib,oracle,8,0.0,616.0,oracle_k8
1.5B,wordcon,wordcon-0029,calib,judge,8,0.0,835.0,judge_k8
1.5B,wordcon,wordcon-0029,calib,seq,1,0.0,75.0,seq_r1
1.5B,wordcon,wordcon-0029,calib,seq,2,0.0,190.0,seq_r2
1.5B,wordcon,wordcon-0029,calib,seq,3,0.0,307.0,seq_r3
1.5B,wordcon,wordcon-0029,calib,seq,4,0.0,458.0,seq_r4
1.5B,wordcon,wordcon-0029,calib,long,2,0.0,112.0,long_m2
1.5B,wordcon,wordcon-0029,calib,long,4,0.0,112.0,long_m4
1.5B,wordcon,wordcon-0029,calib,debate,6,0.0,645.0,debate_a3r2
1.5B,wordcon,wordcon-0030,test,single,1,1.0,77.0,
1.5B,wordcon,wordcon-0030,test,prog,4,1.0,302.0,prog_k4
1.5B,wordcon,wordcon-0030,test,oracle,4,1.0,302.0,oracle_k4
1.5B,wordcon,wordcon-0030,test,judge,4,0.5,453.0,judge_k4
1.5B,wordcon,wordcon-0030,test,prog,8,1.0,602.0,prog_k8
1.5B,wordcon,wordcon-0030,test,oracle,8,1.0,602.0,oracle_k8
1.5B,wordcon,wordcon-0030,test,judge,8,0.0,813.0,judge_k8
1.5B,wordcon,wordcon-0030,test,seq,1,1.0,77.0,seq_r1
1.5B,wordcon,wordcon-0030,test,seq,2,1.0,199.0,seq_r2
1.5B,wordcon,wordcon-0030,test,seq,3,0.0,324.0,seq_r3
1.5B,wordcon,wordcon-0030,test,seq,4,0.0,447.0,seq_r4
1.5B,wordcon,wordcon-0030,test,long,2,0.0,112.0,long_m2
1.5B,wordcon,wordcon-0030,test,long,4,0.0,112.0,long_m4
1.5B,wordcon,wordcon-0030,test,debate,6,0.0,618.0,debate_a3r2
1.5B,wordcon,wordcon-0031,test,single,1,0.0,80.0,
1.5B,wordcon,wordcon-0031,test,prog,4,0.0,323.5,prog_k4
1.5B,wordcon,wordcon-0031,test,oracle,4,0.0,323.5,oracle_k4
1.5B,wordcon,wordcon-0031,test,judge,4,0.0,490.0,judge_k4
1.5B,wordcon,wordcon-0031,test,prog,8,0.0,655.0,prog_k8
1.5B,wordcon,wordcon-0031,test,oracle,8,0.0,655.0,oracle_k8
1.5B,wordcon,wordcon-0031,test,judge,8,0.0,906.0,judge_k8
1.5B,wordcon,wordcon-0031,test,seq,1,0.0,82.0,seq_r1
1.5B,wordcon,wordcon-0031,test,seq,2,0.0,210.0,seq_r2
1.5B,wordcon,wordcon-0031,test,seq,3,0.0,341.0,seq_r3
1.5B,wordcon,wordcon-0031,test,seq,4,0.0,466.0,seq_r4
1.5B,wordcon,wordcon-0031,test,long,2,0.0,116.0,long_m2
1.5B,wordcon,wordcon-0031,test,long,4,0.0,116.0,long_m4
1.5B,wordcon,wordcon-0031,test,debate,6,0.0,705.0,debate_a3r2
1.5B,wordcon,wordcon-0032,test,single,1,0.0,74.0,
1.5B,wordcon,wordcon-0032,test,prog,4,0.5,294.0,prog_k4
1.5B,wordcon,wordcon-0032,test,oracle,4,0.5,294.0,oracle_k4
1.5B,wordcon,wordcon-0032,test,judge,4,0.0,437.0,judge_k4
1.5B,wordcon,wordcon-0032,test,prog,8,1.0,590.0,prog_k8
1.5B,wordcon,wordcon-0032,test,oracle,8,1.0,590.0,oracle_k8
1.5B,wordcon,wordcon-0032,test,judge,8,0.0,790.0,judge_k8
1.5B,wordcon,wordcon-0032,test,seq,1,1.0,72.0,seq_r1
1.5B,wordcon,wordcon-0032,test,seq,2,1.0,182.0,seq_r2
1.5B,wordcon,wordcon-0032,test,seq,3,0.0,293.0,seq_r3
1.5B,wordcon,wordcon-0032,test,seq,4,0.0,403.0,seq_r4
1.5B,wordcon,wordcon-0032,test,long,2,0.0,108.0,long_m2
1.5B,wordcon,wordcon-0032,test,long,4,0.0,108.0,long_m4
1.5B,wordcon,wordcon-0032,test,debate,6,0.0,577.0,debate_a3r2
1.5B,wordcon,wordcon-0033,test,single,1,1.0,73.0,
1.5B,wordcon,wordcon-0033,test,prog,4,1.0,299.0,prog_k4
1.5B,wordcon,wordcon-0033,test,oracle,4,1.0,299.0,oracle_k4
1.5B,wordcon,wordcon-0033,test,judge,4,0.5,447.0,judge_k4
1.5B,wordcon,wordcon-0033,test,prog,8,1.0,608.0,prog_k8
1.5B,wordcon,wordcon-0033,test,oracle,8,1.0,608.0,oracle_k8
1.5B,wordcon,wordcon-0033,test,judge,8,1.0,826.0,judge_k8
1.5B,wordcon,wordcon-0033,test,seq,1,0.0,76.0,seq_r1
1.5B,wordcon,wordcon-0033,test,seq,2,0.0,191.0,seq_r2
1.5B,wordcon,wordcon-0033,test,seq,3,0.0,316.0,seq_r3
1.5B,wordcon,wordcon-0033,test,seq,4,0.0,447.0,seq_r4
1.5B,wordcon,wordcon-0033,test,long,2,0.0,112.0,long_m2
1.5B,wordcon,wordcon-0033,test,long,4,0.0,112.0,long_m4
1.5B,wordcon,wordcon-0033,test,debate,6,1.0,619.0,debate_a3r2
1.5B,wordcon,wordcon-0034,test,single,1,0.0,81.0,
1.5B,wordcon,wordcon-0034,test,prog,4,0.0,318.5,prog_k4
1.5B,wordcon,wordcon-0034,test,oracle,4,0.0,318.5,oracle_k4
1.5B,wordcon,wordcon-0034,test,judge,4,0.0,483.0,judge_k4
1.5B,wordcon,wordcon-0034,test,prog,8,0.0,635.0,prog_k8
1.5B,wordcon,wordcon-0034,test,oracle,8,0.0,635.0,oracle_k8
1.5B,wordcon,wordcon-0034,test,judge,8,0.0,872.0,judge_k8
1.5B,wordcon,wordcon-0034,test,seq,1,0.0,79.0,seq_r1
1.5B,wordcon,wordcon-0034,test,seq,2,0.0,208.0,seq_r2
1.5B,wordcon,wordcon-0034,test,seq,3,0.0,361.0,seq_r3
1.5B,wordcon,wordcon-0034,test,seq,4,0.0,485.0,seq_r4
1.5B,wordcon,wordcon-0034,test,long,2,0.0,109.0,long_m2
1.5B,wordcon,wordcon-0034,test,long,4,0.0,109.0,long_m4
1.5B,wordcon,wordcon-0034,test,debate,6,0.0,646.0,debate_a3r2
1.5B,wordcon,wordcon-0035,test,single,1,0.0,79.0,
1.5B,wordcon,wordcon-0035,test,prog,4,1.0,309.0,prog_k4
1.5B,wordcon,wordcon-0035,test,oracle,4,1.0,309.0,oracle_k4
1.5B,wordcon,wordcon-0035,test,judge,4,0.0,464.0,judge_k4
1.5B,wordcon,wordcon-0035,test,prog,8,1.0,619.0,prog_k8
1.5B,wordcon,wordcon-0035,test,oracle,8,1.0,619.0,oracle_k8
1.5B,wordcon,wordcon-0035,test,judge,8,0.0,840.0,judge_k8
1.5B,wordcon,wordcon-0035,test,seq,1,0.0,79.0,seq_r1
1.5B,wordcon,wordcon-0035,test,seq,2,0.0,202.0,seq_r2
1.5B,wordcon,wordcon-0035,test,seq,3,0.0,323.0,seq_r3
1.5B,wordcon,wordcon-0035,test,seq,4,0.0,442.0,seq_r4
1.5B,wordcon,wordcon-0035,test,long,2,0.0,111.0,long_m2
1.5B,wordcon,wordcon-0035,test,long,4,0.0,111.0,long_m4
1.5B,wordcon,wordcon-0035,test,debate,6,0.0,633.0,debate_a3r2
1.5B,wordcon,wordcon-0036,test,single,1,0.0,79.0,
1.5B,wordcon,wordcon-0036,test,prog,4,0.0,314.0,prog_k4
1.5B,wordcon,wordcon-0036,test,oracle,4,0.0,314.0,oracle_k4
1.5B,wordcon,wordcon-0036,test,judge,4,0.0,471.0,judge_k4
1.5B,wordcon,wordcon-0036,test,prog,8,0.0,624.0,prog_k8
1.5B,wordcon,wordcon-0036,test,oracle,8,0.0,624.0,oracle_k8
1.5B,wordcon,wordcon-0036,test,judge,8,0.0,844.0,judge_k8
1.5B,wordcon,wordcon-0036,test,seq,1,0.0,79.0,seq_r1
1.5B,wordcon,wordcon-0036,test,seq,2,0.0,200.0,seq_r2
1.5B,wordcon,wordcon-0036,test,seq,3,0.0,321.0,seq_r3
1.5B,wordcon,wordcon-0036,test,seq,4,0.0,444.0,seq_r4
1.5B,wordcon,wordcon-0036,test,long,2,0.0,120.0,long_m2
1.5B,wordcon,wordcon-0036,test,long,4,0.0,120.0,long_m4
1.5B,wordcon,wordcon-0036,test,debate,6,0.0,634.0,debate_a3r2
1.5B,wordcon,wordcon-0037,test,single,1,0.0,79.0,
1.5B,wordcon,wordcon-0037,test,prog,4,0.0,314.0,prog_k4
1.5B,wordcon,wordcon-0037,test,oracle,4,0.0,314.0,oracle_k4
1.5B,wordcon,wordcon-0037,test,judge,4,0.0,471.0,judge_k4
1.5B,wordcon,wordcon-0037,test,prog,8,0.0,623.0,prog_k8
1.5B,wordcon,wordcon-0037,test,oracle,8,0.0,623.0,oracle_k8
1.5B,wordcon,wordcon-0037,test,judge,8,0.0,842.0,judge_k8
1.5B,wordcon,wordcon-0037,test,seq,1,0.0,76.0,seq_r1
1.5B,wordcon,wordcon-0037,test,seq,2,0.0,191.0,seq_r2
1.5B,wordcon,wordcon-0037,test,seq,3,0.0,305.0,seq_r3
1.5B,wordcon,wordcon-0037,test,seq,4,0.0,428.0,seq_r4
1.5B,wordcon,wordcon-0037,test,long,2,0.0,116.0,long_m2
1.5B,wordcon,wordcon-0037,test,long,4,0.0,116.0,long_m4
1.5B,wordcon,wordcon-0037,test,debate,6,0.0,632.0,debate_a3r2
1.5B,wordcon,wordcon-0038,test,single,1,0.0,76.0,
1.5B,wordcon,wordcon-0038,test,prog,4,1.0,308.0,prog_k4
1.5B,wordcon,wordcon-0038,test,oracle,4,1.0,308.0,oracle_k4
1.5B,wordcon,wordcon-0038,test,judge,4,0.0,462.0,judge_k4
1.5B,wordcon,wordcon-0038,test,prog,8,1.0,622.0,prog_k8
1.5B,wordcon,wordcon-0038,test,oracle,8,1.0,622.0,oracle_k8
1.5B,wordcon,wordcon-0038,test,judge,8,0.0,847.0,judge_k8
1.5B,wordcon,wordcon-0038,test,seq,1,0.0,76.0,seq_r1
1.5B,wordcon,wordcon-0038,test,seq,2,0.0,193.0,seq_r2
1.5B,wordcon,wordcon-0038,test,seq,3,1.0,309.0,seq_r3
1.5B,wordcon,wordcon-0038,test,seq,4,0.0,448.0,seq_r4
1.5B,wordcon,wordcon-0038,test,long,2,0.0,113.0,long_m2
1.5B,wordcon,wordcon-0038,test,long,4,0.0,113.0,long_m4
1.5B,wordcon,wordcon-0038,test,debate,6,0.0,635.0,debate_a3r2
1.5B,wordcon,wordcon-0039,test,single,1,1.0,72.0,
1.5B,wordcon,wordcon-0039,test,prog,4,1.0,290.5,prog_k4
1.5B,wordcon,wordcon-0039,test,oracle,4,1.0,290.5,oracle_k4
1.5B,wordcon,wordcon-0039,test,judge,4,0.0,430.0,judge_k4
1.5B,wordcon,wordcon-0039,test,prog,8,1.0,584.0,prog_k8
1.5B,wordcon,wordcon-0039,test,oracle,8,1.0,584.0,oracle_k8
1.5B,wordcon,wordcon-0039,test,judge,8,1.0,778.0,judge_k8
1.5B,wordcon,wordcon-0039,test,seq,1,1.0,72.0,seq_r1
1.5B,wordcon,wordcon-0039,test,seq,2,1.0,182.0,seq_r2
1.5B,wordcon,wordcon-0039,test,seq,3,1.0,292.0,seq_r3
1.5B,wordcon,wordcon-0039,test,seq,4,0.0,406.0,seq_r4
1.5B,wordcon,wordcon-0039,test,long,2,0.0,113.0,long_m2
1.5B,wordcon,wordcon-0039,test,long,4,0.0,113.0,long_m4
1.5B,wordcon,wordcon-0039,test,debate,6,0.0,580.0,debate_a3r2
1.5B,wordcon,wordcon-0040,test,single,1,0.0,84.0,
1.5B,wordcon,wordcon-0040,test,prog,4,0.0,321.0,prog_k4
1.5B,wordcon,wordcon-0040,test,oracle,4,0.0,321.0,oracle_k4
1.5B,wordcon,wordcon-0040,test,judge,4,0.0,485.0,judge_k4
1.5B,wordcon,wordcon-0040,test,prog,8,0.0,637.0,prog_k8
1.5B,wordcon,wordcon-0040,test,oracle,8,0.0,637.0,oracle_k8
1.5B,wordcon,wordcon-0040,test,judge,8,0.0,870.0,judge_k8
1.5B,wordcon,wordcon-0040,test,seq,1,0.0,84.0,seq_r1
1.5B,wordcon,wordcon-0040,test,seq,2,0.0,218.0,seq_r2
1.5B,wordcon,wordcon-0040,test,seq,3,0.0,352.0,seq_r3
1.5B,wordcon,wordcon-0040,test,seq,4,0.0,515.0,seq_r4
1.5B,wordcon,wordcon-0040,test,long,2,0.0,115.0,long_m2
1.5B,wordcon,wordcon-0040,test,long,4,0.0,115.0,long_m4
1.5B,wordcon,wordcon-0040,test,debate,6,0.0,678.0,debate_a3r2
1.5B,wordcon,wordcon-0041,test,single,1,0.0,86.0,
1.5B,wordcon,wordcon-0041,test,prog,4,0.5,333.5,prog_k4
1.5B,wordcon,wordcon-0041,test,oracle,4,0.5,333.5,oracle_k4
1.5B,wordcon,wordcon-0041,test,judge,4,0.5,513.0,judge_k4
1.5B,wordcon,wordcon-0041,test,prog,8,1.0,658.0,prog_k8
1.5B,wordcon,wordcon-0041,test,oracle,8,1.0,658.0,oracle_k8
1.5B,wordcon,wordcon-0041,test,judge,8,0.0,918.0,judge_k8
1.5B,wordcon,wordcon-0041,test,seq,1,0.0,79.0,seq_r1
1.5B,wordcon,wordcon-0041,test,seq,2,0.0,202.0,seq_r2
1.5B,wordcon,wordcon-0041,test,seq,3,0.0,336.0,seq_r3
1.5B,wordcon,wordcon-0041,test,seq,4,0.0,448.0,seq_r4
1.5B,wordcon,wordcon-0041,test,long,2,0.0,119.0,long_m2
1.5B,wordcon,wordcon-0041,test,long,4,0.0,119.0,long_m4
1.5B,wordcon,wordcon-0041,test,debate,6,0.0,644.0,debate_a3r2
1.5B,wordcon,wordcon-0042,test,single,1,0.0,81.0,
1.5B,wordcon,wordcon-0042,test,prog,4,0.0,321.0,prog_k4
1.5B,wordcon,wordcon-0042,test,oracle,4,0.0,321.0,oracle_k4
1.5B,wordcon,wordcon-0042,test,judge,4,0.0,488.0,judge_k4
1.5B,wordcon,wordcon-0042,test,prog,8,0.0,638.0,prog_k8
1.5B,wordcon,wordcon-0042,test,oracle,8,0.0,638.0,oracle_k8
1.5B,wordcon,wordcon-0042,test,judge,8,0.0,878.0,judge_k8
1.5B,wordcon,wordcon-0042,test,seq,1,0.0,81.0,seq_r1
1.5B,wordcon,wordcon-0042,test,seq,2,0.0,209.0,seq_r2
1.5B,wordcon,wordcon-0042,test,seq,3,0.0,335.0,seq_r3
1.5B,wordcon,wordcon-0042,test,seq,4,0.0,458.0,seq_r4
1.5B,wordcon,wordcon-0042,test,long,2,0.0,123.0,long_m2
1.5B,wordcon,wordcon-0042,test,long,4,0.0,123.0,long_m4
1.5B,wordcon,wordcon-0042,test,debate,6,0.0,652.0,debate_a3r2
1.5B,wordcon,wordcon-0043,test,single,1,0.0,74.0,
1.5B,wordcon,wordcon-0043,test,prog,4,0.0,301.0,prog_k4
1.5B,wordcon,wordcon-0043,test,oracle,4,0.0,301.0,oracle_k4
1.5B,wordcon,wordcon-0043,test,judge,4,0.0,451.0,judge_k4
1.5B,wordcon,wordcon-0043,test,prog,8,1.0,600.0,prog_k8
1.5B,wordcon,wordcon-0043,test,oracle,8,1.0,600.0,oracle_k8
1.5B,wordcon,wordcon-0043,test,judge,8,1.0,809.0,judge_k8
1.5B,wordcon,wordcon-0043,test,seq,1,0.0,74.0,seq_r1
1.5B,wordcon,wordcon-0043,test,seq,2,0.0,188.0,seq_r2
1.5B,wordcon,wordcon-0043,test,seq,3,0.0,302.0,seq_r3
1.5B,wordcon,wordcon-0043,test,seq,4,0.0,416.0,seq_r4
1.5B,wordcon,wordcon-0043,test,long,2,0.0,109.0,long_m2
1.5B,wordcon,wordcon-0043,test,long,4,0.0,109.0,long_m4
1.5B,wordcon,wordcon-0043,test,debate,6,0.0,594.0,debate_a3r2
1.5B,wordcon,wordcon-0044,test,single,1,0.0,76.0,
1.5B,wordcon,wordcon-0044,test,prog,4,0.0,311.0,prog_k4
1.5B,wordcon,wordcon-0044,test,oracle,4,0.0,311.0,oracle_k4
1.5B,wordcon,wordcon-0044,test,judge,4,0.0,468.0,judge_k4
1.5B,wordcon,wordcon-0044,test,prog,8,0.0,616.0,prog_k8
1.5B,wordcon,wordcon-0044,test,oracle,8,0.0,616.0,oracle_k8
1.5B,wordcon,wordcon-0044,test,judge,8,0.0,834.0,judge_k8
1.5B,wordcon,wordcon-0044,test,seq,1,0.0,76.0,seq_r1
1.5B,wordcon,wordcon-0044,test,seq,2,0.0,199.0,seq_r2
1.5B,wordcon,wordcon-0044,test,seq,3,0.0,328.0,seq_r3
1.5B,wordcon,wordcon-0044,test,seq,4,0.0,458.0,seq_r4
1.5B,wordcon,wordcon-0044,test,long,2,0.0,116.0,long_m2
1.5B,wordcon,wordcon-0044,test,long,4,0.0,116.0,long_m4
1.5B,wordcon,wordcon-0044,test,debate,6,0.0,631.0,debate_a3r2
1.5B,wordcon,wordcon-0045,test,single,1,0.0,79.0,
1.5B,wordcon,wordcon-0045,test,prog,4,0.0,311.5,prog_k4
1.5B,wordcon,wordcon-0045,test,oracle,4,0.0,311.5,oracle_k4
1.5B,wordcon,wordcon-0045,test,judge,4,0.0,466.0,judge_k4
1.5B,wordcon,wordcon-0045,test,prog,8,0.0,625.0,prog_k8
1.5B,wordcon,wordcon-0045,test,oracle,8,0.0,625.0,oracle_k8
1.5B,wordcon,wordcon-0045,test,judge,8,0.0,846.0,judge_k8
1.5B,wordcon,wordcon-0045,test,seq,1,0.0,82.0,seq_r1
1.5B,wordcon,wordcon-0045,test,seq,2,0.0,210.0,seq_r2
1.5B,wordcon,wordcon-0045,test,seq,3,0.0,338.0,seq_r3
1.5B,wordcon,wordcon-0045,test,seq,4,0.0,466.0,seq_r4
1.5B,wordcon,wordcon-0045,test,long,2,0.0,114.0,long_m2
1.5B,wordcon,wordcon-0045,test,long,4,0.0,114.0,long_m4
1.5B,wordcon,wordcon-0045,test,debate,6,0.0,648.0,debate_a3r2
1.5B,wordcon,wordcon-0046,test,single,1,0.0,76.0,
1.5B,wordcon,wordcon-0046,test,prog,4,1.0,299.5,prog_k4
1.5B,wordcon,wordcon-0046,test,oracle,4,1.0,299.5,oracle_k4
1.5B,wordcon,wordcon-0046,test,judge,4,0.0,448.0,judge_k4
1.5B,wordcon,wordcon-0046,test,prog,8,1.0,597.0,prog_k8
1.5B,wordcon,wordcon-0046,test,oracle,8,1.0,597.0,oracle_k8
1.5B,wordcon,wordcon-0046,test,judge,8,0.0,804.0,judge_k8
1.5B,wordcon,wordcon-0046,test,seq,1,0.0,76.0,seq_r1
1.5B,wordcon,wordcon-0046,test,seq,2,0.0,195.0,seq_r2
1.5B,wordcon,wordcon-0046,test,seq,3,0.0,318.0,seq_r3
1.5B,wordcon,wordcon-0046,test,seq,4,0.0,443.0,seq_r4
1.5B,wordcon,wordcon-0046,test,long,2,0.0,107.0,long_m2
1.5B,wordcon,wordcon-0046,test,long,4,0.0,107.0,long_m4
1.5B,wordcon,wordcon-0046,test,debate,6,1.0,619.0,debate_a3r2
1.5B,wordcon,wordcon-0047,test,single,1,0.0,84.0,
1.5B,wordcon,wordcon-0047,test,prog,4,1.0,314.5,prog_k4
1.5B,wordcon,wordcon-0047,test,oracle,4,1.0,314.5,oracle_k4
1.5B,wordcon,wordcon-0047,test,judge,4,0.0,472.0,judge_k4
1.5B,wordcon,wordcon-0047,test,prog,8,1.0,629.0,prog_k8
1.5B,wordcon,wordcon-0047,test,oracle,8,1.0,629.0,oracle_k8
1.5B,wordcon,wordcon-0047,test,judge,8,0.0,854.0,judge_k8
1.5B,wordcon,wordcon-0047,test,seq,1,0.0,79.0,seq_r1
1.5B,wordcon,wordcon-0047,test,seq,2,0.0,201.0,seq_r2
1.5B,wordcon,wordcon-0047,test,seq,3,0.0,328.0,seq_r3
1.5B,wordcon,wordcon-0047,test,seq,4,0.0,459.0,seq_r4
1.5B,wordcon,wordcon-0047,test,long,2,0.0,121.0,long_m2
1.5B,wordcon,wordcon-0047,test,long,4,0.0,121.0,long_m4
1.5B,wordcon,wordcon-0047,test,debate,6,0.0,638.0,debate_a3r2
1.5B,wordcon,wordcon-0048,test,single,1,1.0,76.0,
1.5B,wordcon,wordcon-0048,test,prog,4,1.0,310.0,prog_k4
1.5B,wordcon,wordcon-0048,test,oracle,4,1.0,310.0,oracle_k4
1.5B,wordcon,wordcon-0048,test,judge,4,0.0,466.0,judge_k4
1.5B,wordcon,wordcon-0048,test,prog,8,1.0,619.0,prog_k8
1.5B,wordcon,wordcon-0048,test,oracle,8,1.0,619.0,oracle_k8
1.5B,wordcon,wordcon-0048,test,judge,8,0.0,840.0,judge_k8
1.5B,wordcon,wordcon-0048,test,seq,1,1.0,76.0,seq_r1
1.5B,wordcon,wordcon-0048,test,seq,2,0.0,195.0,seq_r2
1.5B,wordcon,wordcon-0048,test,seq,3,0.0,318.0,seq_r3
1.5B,wordcon,wordcon-0048,test,seq,4,0.0,441.0,seq_r4
1.5B,wordcon,wordcon-0048,test,long,2,0.0,113.0,long_m2
1.5B,wordcon,wordcon-0048,test,long,4,0.0,113.0,long_m4
1.5B,wordcon,wordcon-0048,test,debate,6,0.0,627.0,debate_a3r2
1.5B,wordcon,wordcon-0049,test,single,1,0.0,74.0,
1.5B,wordcon,wordcon-0049,test,prog,4,0.5,297.0,prog_k4
1.5B,wordcon,wordcon-0049,test,oracle,4,0.5,297.0,oracle_k4
1.5B,wordcon,wordcon-0049,test,judge,4,0.0,443.0,judge_k4
1.5B,wordcon,wordcon-0049,test,prog,8,1.0,594.0,prog_k8
1.5B,wordcon,wordcon-0049,test,oracle,8,1.0,594.0,oracle_k8
1.5B,wordcon,wordcon-0049,test,judge,8,0.0,798.0,judge_k8
1.5B,wordcon,wordcon-0049,test,seq,1,0.0,74.0,seq_r1
1.5B,wordcon,wordcon-0049,test,seq,2,0.0,188.0,seq_r2
1.5B,wordcon,wordcon-0049,test,seq,3,0.0,302.0,seq_r3
1.5B,wordcon,wordcon-0049,test,seq,4,0.0,416.0,seq_r4
1.5B,wordcon,wordcon-0049,test,long,2,0.0,110.0,long_m2
1.5B,wordcon,wordcon-0049,test,long,4,0.0,110.0,long_m4
1.5B,wordcon,wordcon-0049,test,debate,6,0.0,600.0,debate_a3r2
1.5B,wordcon,wordcon-0050,test,single,1,0.0,76.0,
1.5B,wordcon,wordcon-0050,test,prog,4,0.0,309.0,prog_k4
1.5B,wordcon,wordcon-0050,test,oracle,4,0.0,309.0,oracle_k4
1.5B,wordcon,wordcon-0050,test,judge,4,0.0,464.0,judge_k4
1.5B,wordcon,wordcon-0050,test,prog,8,0.0,626.0,prog_k8
1.5B,wordcon,wordcon-0050,test,oracle,8,0.0,626.0,oracle_k8
1.5B,wordcon,wordcon-0050,test,judge,8,0.0,855.0,judge_k8
1.5B,wordcon,wordcon-0050,test,seq,1,0.0,75.0,seq_r1
1.5B,wordcon,wordcon-0050,test,seq,2,0.0,190.0,seq_r2
1.5B,wordcon,wordcon-0050,test,seq,3,0.0,313.0,seq_r3
1.5B,wordcon,wordcon-0050,test,seq,4,0.0,457.0,seq_r4
1.5B,wordcon,wordcon-0050,test,long,2,0.0,113.0,long_m2
1.5B,wordcon,wordcon-0050,test,long,4,0.0,113.0,long_m4
1.5B,wordcon,wordcon-0050,test,debate,6,0.0,644.0,debate_a3r2
1.5B,wordcon,wordcon-0051,test,single,1,0.0,84.0,
1.5B,wordcon,wordcon-0051,test,prog,4,0.0,321.5,prog_k4
1.5B,wordcon,wordcon-0051,test,oracle,4,0.0,321.5,oracle_k4
1.5B,wordcon,wordcon-0051,test,judge,4,0.0,489.0,judge_k4
1.5B,wordcon,wordcon-0051,test,prog,8,1.0,633.0,prog_k8
1.5B,wordcon,wordcon-0051,test,oracle,8,1.0,633.0,oracle_k8
1.5B,wordcon,wordcon-0051,test,judge,8,0.0,868.0,judge_k8
1.5B,wordcon,wordcon-0051,test,seq,1,0.0,84.0,seq_r1
1.5B,wordcon,wordcon-0051,test,seq,2,0.0,217.0,seq_r2
1.5B,wordcon,wordcon-0051,test,seq,3,0.0,355.0,seq_r3
1.5B,wordcon,wordcon-0051,test,seq,4,0.0,491.0,seq_r4
1.5B,wordcon,wordcon-0051,test,long,2,0.0,112.0,long_m2
1.5B,wordcon,wordcon-0051,test,long,4,0.0,112.0,long_m4
1.5B,wordcon,wordcon-0051,test,debate,6,0.0,671.0,debate_a3r2
1.5B,wordcon,wordcon-0052,test,single,1,1.0,83.0,
1.5B,wordcon,wordcon-0052,test,prog,4,1.0,342.5,prog_k4
1.5B,wordcon,wordcon-0052,test,oracle,4,1.0,342.5,oracle_k4
1.5B,wordcon,wordcon-0052,test,judge,4,0.0,528.0,judge_k4
1.5B,wordcon,wordcon-0052,test,prog,8,1.0,680.0,prog_k8
1.5B,wordcon,wordcon-0052,test,oracle,8,1.0,680.0,oracle_k8
1.5B,wordcon,wordcon-0052,test,judge,8,0.0,955.0,judge_k8
1.5B,wordcon,wordcon-0052,test,seq,1,1.0,83.0,seq_r1
1.5B,wordcon,wordcon-0052,test,seq,2,0.0,224.0,seq_r2
1.5B,wordcon,wordcon-0052,test,seq,3,0.0,377.0,seq_r3
1.5B,wordcon,wordcon-0052,test,seq,4,0.0,531.0,seq_r4
1.5B,wordcon,wordcon-0052,test,long,2,0.0,121.0,long_m2
1.5B,wordcon,wordcon-0052,test,long,4,0.0,121.0,long_m4
1.5B,wordcon,wordcon-0052,test,debate,6,0.0,714.0,debate_a3r2
1.5B,wordcon,wordcon-0053,test,single,1,0.0,75.0,
1.5B,wordcon,wordcon-0053,test,prog,4,0.0,300.5,prog_k4
1.5B,wordcon,wordcon-0053,test,oracle,4,0.0,300.5,oracle_k4
1.5B,wordcon,wordcon-0053,test,judge,4,0.0,447.0,judge_k4
1.5B,wordcon,wordcon-0053,test,prog,8,1.0,606.0,prog_k8
1.5B,wordcon,wordcon-0053,test,oracle,8,1.0,606.0,oracle_k8
1.5B,wordcon,wordcon-0053,test,judge,8,0.0,814.0,judge_k8
1.5B,wordcon,wordcon-0053,test,seq,1,0.0,75.0,seq_r1
1.5B,wordcon,wordcon-0053,test,seq,2,0.0,190.0,seq_r2
1.5B,wordcon,wordcon-0053,test,seq,3,0.0,308.0,seq_r3
1.5B,wordcon,wordcon-0053,test,seq,4,0.0,428.0,seq_r4
1.5B,wordcon,wordcon-0053,test,long,2,0.0,110.0,long_m2
1.5B,wordcon,wordcon-0053,test,long,4,0.0,110.0,long_m4
1.5B,wordcon,wordcon-0053,test,debate,6,0.0,596.0,debate_a3r2
1.5B,wordcon,wordcon-0054,test,single,1,0.0,81.0,
1.5B,wordcon,wordcon-0054,test,prog,4,0.0,325.5,prog_k4
1.5B,wordcon,wordcon-0054,test,oracle,4,0.0,325.5,oracle_k4
1.5B,wordcon,wordcon-0054,test,judge,4,0.0,494.0,judge_k4
1.5B,wordcon,wordcon-0054,test,prog,8,0.0,641.0,prog_k8
1.5B,wordcon,wordcon-0054,test,oracle,8,0.0,641.0,oracle_k8
1.5B,wordcon,wordcon-0054,test,judge,8,0.0,878.0,judge_k8
1.5B,wordcon,wordcon-0054,test,seq,1,0.0,81.0,seq_r1
1.5B,wordcon,wordcon-0054,test,seq,2,0.0,207.0,seq_r2
1.5B,wordcon,wordcon-0054,test,seq,3,0.0,333.0,seq_r3
1.5B,wordcon,wordcon-0054,test,seq,4,0.0,461.0,seq_r4
1.5B,wordcon,wordcon-0054,test,long,2,0.0,113.0,long_m2
1.5B,wordcon,wordcon-0054,test,long,4,0.0,113.0,long_m4
1.5B,wordcon,wordcon-0054,test,debate,6,0.0,683.0,debate_a3r2
1.5B,wordcon,wordcon-0055,test,single,1,0.0,78.0,
1.5B,wordcon,wordcon-0055,test,prog,4,0.5,315.0,prog_k4
1.5B,wordcon,wordcon-0055,test,oracle,4,0.5,315.0,oracle_k4
1.5B,wordcon,wordcon-0055,test,judge,4,0.0,473.0,judge_k4
1.5B,wordcon,wordcon-0055,test,prog,8,1.0,627.0,prog_k8
1.5B,wordcon,wordcon-0055,test,oracle,8,1.0,627.0,oracle_k8
1.5B,wordcon,wordcon-0055,test,judge,8,0.0,850.0,judge_k8
1.5B,wordcon,wordcon-0055,test,seq,1,0.0,79.0,seq_r1
1.5B,wordcon,wordcon-0055,test,seq,2,0.0,201.0,seq_r2
1.5B,wordcon,wordcon-0055,test,seq,3,0.0,323.0,seq_r3
1.5B,wordcon,wordcon-0055,test,seq,4,0.0,462.0,seq_r4
1.5B,wordcon,wordcon-0055,test,long,2,0.0,115.0,long_m2
1.5B,wordcon,wordcon-0055,test,long,4,0.0,115.0,long_m4
1.5B,wordcon,wordcon-0055,test,debate,6,0.0,642.0,debate_a3r2
1.5B,wordcon,wordcon-0056,test,single,1,0.0,76.0,
1.5B,wordcon,wordcon-0056,test,prog,4,1.0,304.5,prog_k4
1.5B,wordcon,wordcon-0056,test,oracle,4,1.0,304.5,oracle_k4
1.5B,wordcon,wordcon-0056,test,judge,4,0.0,452.0,judge_k4
1.5B,wordcon,wordcon-0056,test,prog,8,1.0,609.0,prog_k8
1.5B,wordcon,wordcon-0056,test,oracle,8,1.0,609.0,oracle_k8
1.5B,wordcon,wordcon-0056,test,judge,8,0.0,814.0,judge_k8
1.5B,wordcon,wordcon-0056,test,seq,1,0.0,78.0,seq_r1
1.5B,wordcon,wordcon-0056,test,seq,2,0.0,199.0,seq_r2
1.5B,wordcon,wordcon-0056,test,seq,3,0.0,317.0,seq_r3
1.5B,wordcon,wordcon-0056,test,seq,4,0.0,454.0,seq_r4
1.5B,wordcon,wordcon-0056,test,long,2,0.0,111.0,long_m2
1.5B,wordcon,wordcon-0056,test,long,4,0.0,111.0,long_m4
1.5B,wordcon,wordcon-0056,test,debate,6,0.0,628.0,debate_a3r2
1.5B,wordcon,wordcon-0057,test,single,1,0.0,74.0,
1.5B,wordcon,wordcon-0057,test,prog,4,0.0,302.5,prog_k4
1.5B,wordcon,wordcon-0057,test,oracle,4,0.0,302.5,oracle_k4
1.5B,wordcon,wordcon-0057,test,judge,4,0.0,454.0,judge_k4
1.5B,wordcon,wordcon-0057,test,prog,8,0.0,605.0,prog_k8
1.5B,wordcon,wordcon-0057,test,oracle,8,0.0,605.0,oracle_k8
1.5B,wordcon,wordcon-0057,test,judge,8,0.0,819.0,judge_k8
1.5B,wordcon,wordcon-0057,test,seq,1,0.0,74.0,seq_r1
1.5B,wordcon,wordcon-0057,test,seq,2,0.0,188.0,seq_r2
1.5B,wordcon,wordcon-0057,test,seq,3,0.0,302.0,seq_r3
1.5B,wordcon,wordcon-0057,test,seq,4,0.0,420.0,seq_r4
1.5B,wordcon,wordcon-0057,test,long,2,0.0,112.0,long_m2
1.5B,wordcon,wordcon-0057,test,long,4,0.0,112.0,long_m4
1.5B,wordcon,wordcon-0057,test,debate,6,0.0,594.0,debate_a3r2
1.5B,wordcon,wordcon-0058,test,single,1,0.0,80.0,
1.5B,wordcon,wordcon-0058,test,prog,4,0.0,314.0,prog_k4
1.5B,wordcon,wordcon-0058,test,oracle,4,0.0,314.0,oracle_k4
1.5B,wordcon,wordcon-0058,test,judge,4,0.0,471.0,judge_k4
1.5B,wordcon,wordcon-0058,test,prog,8,0.0,629.0,prog_k8
1.5B,wordcon,wordcon-0058,test,oracle,8,0.0,629.0,oracle_k8
1.5B,wordcon,wordcon-0058,test,judge,8,0.0,854.0,judge_k8
1.5B,wordcon,wordcon-0058,test,seq,1,0.0,77.0,seq_r1
1.5B,wordcon,wordcon-0058,test,seq,2,0.0,200.0,seq_r2
1.5B,wordcon,wordcon-0058,test,seq,3,0.0,322.0,seq_r3
1.5B,wordcon,wordcon-0058,test,seq,4,0.0,458.0,seq_r4
1.5B,wordcon,wordcon-0058,test,long,2,0.0,118.0,long_m2
1.5B,wordcon,wordcon-0058,test,long,4,0.0,118.0,long_m4
1.5B,wordcon,wordcon-0058,test,debate,6,0.0,641.0,debate_a3r2
1.5B,wordcon,wordcon-0059,test,single,1,0.0,77.0,
1.5B,wordcon,wordcon-0059,test,prog,4,0.0,308.5,prog_k4
1.5B,wordcon,wordcon-0059,test,oracle,4,0.0,308.5,oracle_k4
1.5B,wordcon,wordcon-0059,test,judge,4,0.0,460.0,judge_k4
1.5B,wordcon,wordcon-0059,test,prog,8,0.0,617.0,prog_k8
1.5B,wordcon,wordcon-0059,test,oracle,8,0.0,617.0,oracle_k8
1.5B,wordcon,wordcon-0059,test,judge,8,0.0,830.0,judge_k8
1.5B,wordcon,wordcon-0059,test,seq,1,0.0,78.0,seq_r1
1.5B,wordcon,wordcon-0059,test,seq,2,0.0,200.0,seq_r2
1.5B,wordcon,wordcon-0059,test,seq,3,0.0,318.0,seq_r3
1.5B,wordcon,wordcon-0059,test,seq,4,0.0,453.0,seq_r4
1.5B,wordcon,wordcon-0059,test,long,2,0.0,111.0,long_m2
1.5B,wordcon,wordcon-0059,test,long,4,0.0,111.0,long_m4
1.5B,wordcon,wordcon-0059,test,debate,6,0.0,629.0,debate_a3r2
1.5B,wordcon,wordcon-0060,test,single,1,1.0,74.0,
1.5B,wordcon,wordcon-0060,test,prog,4,1.0,298.5,prog_k4
1.5B,wordcon,wordcon-0060,test,oracle,4,1.0,298.5,oracle_k4
1.5B,wordcon,wordcon-0060,test,judge,4,0.0,446.0,judge_k4
1.5B,wordcon,wordcon-0060,test,prog,8,1.0,598.0,prog_k8
1.5B,wordcon,wordcon-0060,test,oracle,8,1.0,598.0,oracle_k8
1.5B,wordcon,wordcon-0060,test,judge,8,0.0,805.0,judge_k8
1.5B,wordcon,wordcon-0060,test,seq,1,1.0,74.0,seq_r1
1.5B,wordcon,wordcon-0060,test,seq,2,1.0,188.0,seq_r2
1.5B,wordcon,wordcon-0060,test,seq,3,1.0,302.0,seq_r3
1.5B,wordcon,wordcon-0060,test,seq,4,1.0,416.0,seq_r4
1.5B,wordcon,wordcon-0060,test,long,2,0.0,109.0,long_m2
1.5B,wordcon,wordcon-0060,test,long,4,0.0,109.0,long_m4
1.5B,wordcon,wordcon-0060,test,debate,6,0.0,604.0,debate_a3r2
1.5B,wordcon,wordcon-0061,test,single,1,0.0,79.0,
1.5B,wordcon,wordcon-0061,test,prog,4,0.0,333.0,prog_k4
1.5B,wordcon,wordcon-0061,test,oracle,4,0.0,333.0,oracle_k4
1.5B,wordcon,wordcon-0061,test,judge,4,0.0,509.0,judge_k4
1.5B,wordcon,wordcon-0061,test,prog,8,0.0,676.0,prog_k8
1.5B,wordcon,wordcon-0061,test,oracle,8,0.0,676.0,oracle_k8
1.5B,wordcon,wordcon-0061,test,judge,8,0.0,948.0,judge_k8
1.5B,wordcon,wordcon-0061,test,seq,1,0.0,82.0,seq_r1
1.5B,wordcon,wordcon-0061,test,seq,2,0.0,211.0,seq_r2
1.5B,wordcon,wordcon-0061,test,seq,3,0.0,338.0,seq_r3
1.5B,wordcon,wordcon-0061,test,seq,4,0.0,466.0,seq_r4
1.5B,wordcon,wordcon-0061,test,long,2,0.0,122.0,long_m2
1.5B,wordcon,wordcon-0061,test,long,4,0.0,122.0,long_m4
1.5B,wordcon,wordcon-0061,test,debate,6,0.0,708.0,debate_a3r2
1.5B,wordcon,wordcon-0062,test,single,1,0.0,77.0,
1.5B,wordcon,wordcon-0062,test,prog,4,0.0,312.5,prog_k4
1.5B,wordcon,wordcon-0062,test,oracle,4,0.0,312.5,oracle_k4
1.5B,wordcon,wordcon-0062,test,judge,4,0.0,468.0,judge_k4
1.5B,wordcon,wordcon-0062,test,prog,8,0.0,623.0,prog_k8
1.5B,wordcon,wordcon-0062,test,oracle,8,0.0,623.0,oracle_k8
1.5B,wordcon,wordcon-0062,test,judge,8,0.0,842.0,judge_k8
1.5B,wordcon,wordcon-0062,test,seq,1,0.0,82.0,seq_r1
1.5B,wordcon,wordcon-0062,test,seq,2,0.0,210.0,seq_r2
1.5B,wordcon,wordcon-0062,test,seq,3,0.0,338.0,seq_r3
1.5B,wordcon,wordcon-0062,test,seq,4,0.0,466.0,seq_r4
1.5B,wordcon,wordcon-0062,test,long,2,0.0,109.0,long_m2
1.5B,wordcon,wordcon-0062,test,long,4,0.0,109.0,long_m4
1.5B,wordcon,wordcon-0062,test,debate,6,0.0,646.0,debate_a3r2
1.5B,wordcon,wordcon-0063,test,single,1,0.0,83.0,
1.5B,wordcon,wordcon-0063,test,prog,4,0.0,326.5,prog_k4
1.5B,wordcon,wordcon-0063,test,oracle,4,0.0,326.5,oracle_k4
1.5B,wordcon,wordcon-0063,test,judge,4,0.0,496.0,judge_k4
1.5B,wordcon,wordcon-0063,test,prog,8,0.0,656.0,prog_k8
1.5B,wordcon,wordcon-0063,test,oracle,8,0.0,656.0,oracle_k8
1.5B,wordcon,wordcon-0063,test,judge,8,0.0,908.0,judge_k8
1.5B,wordcon,wordcon-0063,test,seq,1,0.0,82.0,seq_r1
1.5B,wordcon,wordcon-0063,test,seq,2,0.0,213.0,seq_r2
1.5B,wordcon,wordcon-0063,test,seq,3,0.0,338.0,seq_r3
1.5B,wordcon,wordcon-0063,test,seq,4,0.0,466.0,seq_r4
1.5B,wordcon,wordcon-0063,test,long,2,0.0,128.0,long_m2
1.5B,wordcon,wordcon-0063,test,long,4,0.0,128.0,long_m4
1.5B,wordcon,wordcon-0063,test,debate,6,0.0,704.0,debate_a3r2
1.5B,wordcon,wordcon-0064,test,single,1,0.0,82.0,
1.5B,wordcon,wordcon-0064,test,prog,4,0.0,331.5,prog_k4
1.5B,wordcon,wordcon-0064,test,oracle,4,0.0,331.5,oracle_k4
1.5B,wordcon,wordcon-0064,test,judge,4,0.0,506.0,judge_k4
1.5B,wordcon,wordcon-0064,test,prog,8,0.0,663.0,prog_k8
1.5B,wordcon,wordcon-0064,test,oracle,8,0.0,663.0,oracle_k8
1.5B,wordcon,wordcon-0064,test,judge,8,0.0,922.0,judge_k8
1.5B,wordcon,wordcon-0064,test,seq,1,0.0,82.0,seq_r1
1.5B,wordcon,wordcon-0064,test,seq,2,0.0,210.0,seq_r2
1.5B,wordcon,wordcon-0064,test,seq,3,0.0,338.0,seq_r3
1.5B,wordcon,wordcon-0064,test,seq,4,0.0,468.0,seq_r4
1.5B,wordcon,wordcon-0064,test,long,2,0.0,119.0,long_m2
1.5B,wordcon,wordcon-0064,test,long,4,0.0,119.0,long_m4
1.5B,wordcon,wordcon-0064,test,debate,6,0.0,704.0,debate_a3r2
1.5B,wordcon,wordcon-0065,test,single,1,0.0,75.0,
1.5B,wordcon,wordcon-0065,test,prog,4,0.0,310.5,prog_k4
1.5B,wordcon,wordcon-0065,test,oracle,4,0.0,310.5,oracle_k4
1.5B,wordcon,wordcon-0065,test,judge,4,0.0,467.0,judge_k4
1.5B,wordcon,wordcon-0065,test,prog,8,0.0,621.0,prog_k8
1.5B,wordcon,wordcon-0065,test,oracle,8,0.0,621.0,oracle_k8
1.5B,wordcon,wordcon-0065,test,judge,8,0.0,845.0,judge_k8
1.5B,wordcon,wordcon-0065,test,seq,1,0.0,75.0,seq_r1
1.5B,wordcon,wordcon-0065,test,seq,2,0.0,191.0,seq_r2
1.5B,wordcon,wordcon-0065,test,seq,3,0.0,319.0,seq_r3
1.5B,wordcon,wordcon-0065,test,seq,4,0.0,458.0,seq_r4
1.5B,wordcon,wordcon-0065,test,long,2,0.0,116.0,long_m2
1.5B,wordcon,wordcon-0065,test,long,4,0.0,116.0,long_m4
1.5B,wordcon,wordcon-0065,test,debate,6,0.0,643.0,debate_a3r2
1.5B,wordcon,wordcon-0066,test,single,1,0.0,76.0,
1.5B,wordcon,wordcon-0066,test,prog,4,0.0,314.5,prog_k4
1.5B,wordcon,wordcon-0066,test,oracle,4,0.0,314.5,oracle_k4
1.5B,wordcon,wordcon-0066,test,judge,4,0.0,475.5,judge_k4
1.5B,wordcon,wordcon-0066,test,prog,8,0.0,628.0,prog_k8
1.5B,wordcon,wordcon-0066,test,oracle,8,0.0,628.0,oracle_k8
1.5B,wordcon,wordcon-0066,test,judge,8,0.0,859.0,judge_k8
1.5B,wordcon,wordcon-0066,test,seq,1,0.0,76.0,seq_r1
1.5B,wordcon,wordcon-0066,test,seq,2,0.0,193.0,seq_r2
1.5B,wordcon,wordcon-0066,test,seq,3,0.0,317.0,seq_r3
1.5B,wordcon,wordcon-0066,test,seq,4,0.0,448.0,seq_r4
1.5B,wordcon,wordcon-0066,test,long,2,0.0,115.0,long_m2
1.5B,wordcon,wordcon-0066,test,long,4,0.0,115.0,long_m4
1.5B,wordcon,wordcon-0066,test,debate,6,0.0,637.0,debate_a3r2
1.5B,wordcon,wordcon-0067,test,single,1,0.0,72.0,
1.5B,wordcon,wordcon-0067,test,prog,4,0.0,294.5,prog_k4
1.5B,wordcon,wordcon-0067,test,oracle,4,0.0,294.5,oracle_k4
1.5B,wordcon,wordcon-0067,test,judge,4,0.0,438.0,judge_k4
1.5B,wordcon,wordcon-0067,test,prog,8,1.0,588.0,prog_k8
1.5B,wordcon,wordcon-0067,test,oracle,8,1.0,588.0,oracle_k8
1.5B,wordcon,wordcon-0067,test,judge,8,0.0,786.0,judge_k8
1.5B,wordcon,wordcon-0067,test,seq,1,0.0,73.0,seq_r1
1.5B,wordcon,wordcon-0067,test,seq,2,0.0,185.0,seq_r2
1.5B,wordcon,wordcon-0067,test,seq,3,0.0,297.0,seq_r3
1.5B,wordcon,wordcon-0067,test,seq,4,0.0,409.0,seq_r4
1.5B,wordcon,wordcon-0067,test,long,2,0.0,107.0,long_m2
1.5B,wordcon,wordcon-0067,test,long,4,0.0,107.0,long_m4
1.5B,wordcon,wordcon-0067,test,debate,6,0.0,581.0,debate_a3r2
1.5B,wordcon,wordcon-0068,test,single,1,0.0,80.0,
1.5B,wordcon,wordcon-0068,test,prog,4,0.5,317.0,prog_k4
1.5B,wordcon,wordcon-0068,test,oracle,4,0.5,317.0,oracle_k4
1.5B,wordcon,wordcon-0068,test,judge,4,0.5,477.5,judge_k4
1.5B,wordcon,wordcon-0068,test,prog,8,1.0,635.0,prog_k8
1.5B,wordcon,wordcon-0068,test,oracle,8,1.0,635.0,oracle_k8
1.5B,wordcon,wordcon-0068,test,judge,8,0.0,866.0,judge_k8
1.5B,wordcon,wordcon-0068,test,seq,1,0.0,80.0,seq_r1
1.5B,wordcon,wordcon-0068,test,seq,2,0.0,210.0,seq_r2
1.5B,wordcon,wordcon-0068,test,seq,3,0.0,346.0,seq_r3
1.5B,wordcon,wordcon-0068,test,seq,4,0.0,482.0,seq_r4
1.5B,wordcon,wordcon-0068,test,long,2,0.0,113.0,long_m2
1.5B,wordcon,wordcon-0068,test,long,4,0.0,113.0,long_m4
1.5B,wordcon,wordcon-0068,test,debate,6,0.0,639.0,debate_a3r2
1.5B,wordcon,wordcon-0069,test,single,1,0.0,78.0,
1.5B,wordcon,wordcon-0069,test,prog,4,0.0,318.5,prog_k4
1.5B,wordcon,wordcon-0069,test,oracle,4,0.0,318.5,oracle_k4
1.5B,wordcon,wordcon-0069,test,judge,4,0.0,480.0,judge_k4
1.5B,wordcon,wordcon-0069,test,prog,8,0.0,636.0,prog_k8
1.5B,wordcon,wordcon-0069,test,oracle,8,0.0,636.0,oracle_k8
1.5B,wordcon,wordcon-0069,test,judge,8,0.0,868.0,judge_k8
1.5B,wordcon,wordcon-0069,test,seq,1,0.0,79.0,seq_r1
1.5B,wordcon,wordcon-0069,test,seq,2,0.0,201.0,seq_r2
1.5B,wordcon,wordcon-0069,test,seq,3,0.0,332.0,seq_r3
1.5B,wordcon,wordcon-0069,test,seq,4,0.0,445.0,seq_r4
1.5B,wordcon,wordcon-0069,test,long,2,0.0,112.0,long_m2
1.5B,wordcon,wordcon-0069,test,long,4,0.0,112.0,long_m4
1.5B,wordcon,wordcon-0069,test,debate,6,0.0,638.0,debate_a3r2
1.5B,wordcon,wordcon-0070,test,single,1,0.0,74.0,
1.5B,wordcon,wordcon-0070,test,prog,4,0.5,295.0,prog_k4
1.5B,wordcon,wordcon-0070,test,oracle,4,0.5,295.0,oracle_k4
1.5B,wordcon,wordcon-0070,test,judge,4,0.0,439.0,judge_k4
1.5B,wordcon,wordcon-0070,test,prog,8,1.0,591.0,prog_k8
1.5B,wordcon,wordcon-0070,test,oracle,8,1.0,591.0,oracle_k8
1.5B,wordcon,wordcon-0070,test,judge,8,0.0,791.0,judge_k8
1.5B,wordcon,wordcon-0070,test,seq,1,0.0,74.0,seq_r1
1.5B,wordcon,wordcon-0070,test,seq,2,0.0,188.0,seq_r2
1.5B,wordcon,wordcon-0070,test,seq,3,0.0,302.0,seq_r3
1.5B,wordcon,wordcon-0070,test,seq,4,0.0,416.0,seq_r4
1.5B,wordcon,wordcon-0070,test,long,2,0.0,107.0,long_m2
1.5B,wordcon,wordcon-0070,test,long,4,0.0,107.0,long_m4
1.5B,wordcon,wordcon-0070,test,debate,6,0.0,600.0,debate_a3r2
1.5B,wordcon,wordcon-0071,test,single,1,0.0,77.0,
1.5B,wordcon,wordcon-0071,test,prog,4,0.0,306.5,prog_k4
1.5B,wordcon,wordcon-0071,test,oracle,4,0.0,306.5,oracle_k4
1.5B,wordcon,wordcon-0071,test,judge,4,0.0,459.0,judge_k4
1.5B,wordcon,wordcon-0071,test,prog,8,0.0,613.0,prog_k8
1.5B,wordcon,wordcon-0071,test,oracle,8,0.0,613.0,oracle_k8
1.5B,wordcon,wordcon-0071,test,judge,8,0.0,828.0,judge_k8
1.5B,wordcon,wordcon-0071,test,seq,1,0.0,75.0,seq_r1
1.5B,wordcon,wordcon-0071,test,seq,2,0.0,194.0,seq_r2
1.5B,wordcon,wordcon-0071,test,seq,3,1.0,304.0,seq_r3
1.5B,wordcon,wordcon-0071,test,seq,4,0.0,427.0,seq_r4
1.5B,wordcon,wordcon-0071,test,long,2,0.0,110.0,long_m2
1.5B,wordcon,wordcon-0071,test,long,4,0.0,110.0,long_m4
1.5B,wordcon,wordcon-0071,test,debate,6,0.0,615.0,debate_a3r2
1.5B,wordcon,wordcon-0072,test,single,1,0.0,75.0,
1.5B,wordcon,wordcon-0072,test,prog,4,0.0,306.0,prog_k4
1.5B,wordcon,wordcon-0072,test,oracle,4,0.0,306.0,oracle_k4
1.5B,wordcon,wordcon-0072,test,judge,4,0.0,458.0,judge_k4
1.5B,wordcon,wordcon-0072,test,prog,8,0.0,612.0,prog_k8
1.5B,wordcon,wordcon-0072,test,oracle,8,0.0,612.0,oracle_k8
1.5B,wordcon,wordcon-0072,test,judge,8,0.0,826.0,judge_k8
1.5B,wordcon,wordcon-0072,test,seq,1,0.0,75.0,seq_r1
1.5B,wordcon,wordcon-0072,test,seq,2,0.0,190.0,seq_r2
1.5B,wordcon,wordcon-0072,test,seq,3,0.0,305.0,seq_r3
1.5B,wordcon,wordcon-0072,test,seq,4,0.0,420.0,seq_r4
1.5B,wordcon,wordcon-0072,test,long,2,0.0,111.0,long_m2
1.5B,wordcon,wordcon-0072,test,long,4,0.0,111.0,long_m4
1.5B,wordcon,wordcon-0072,test,debate,6,0.0,617.0,debate_a3r2
1.5B,wordcon,wordcon-0073,test,single,1,0.0,79.0,
1.5B,wordcon,wordcon-0073,test,prog,4,0.5,317.0,prog_k4
1.5B,wordcon,wordcon-0073,test,oracle,4,0.5,317.0,oracle_k4
1.5B,wordcon,wordcon-0073,test,judge,4,0.0,480.0,judge_k4
1.5B,wordcon,wordcon-0073,test,prog,8,1.0,639.0,prog_k8
1.5B,wordcon,wordcon-0073,test,oracle,8,1.0,639.0,oracle_k8
1.5B,wordcon,wordcon-0073,test,judge,8,0.0,881.0,judge_k8
1.5B,wordcon,wordcon-0073,test,seq,1,0.0,79.0,seq_r1
1.5B,wordcon,wordcon-0073,test,seq,2,0.0,202.0,seq_r2
1.5B,wordcon,wordcon-0073,test,seq,3,0.0,325.0,seq_r3
1.5B,wordcon,wordcon-0073,test,seq,4,0.0,470.0,seq_r4
1.5B,wordcon,wordcon-0073,test,long,2,0.0,119.0,long_m2
1.5B,wordcon,wordcon-0073,test,long,4,0.0,119.0,long_m4
1.5B,wordcon,wordcon-0073,test,debate,6,0.0,644.0,debate_a3r2
1.5B,wordcon,wordcon-0074,test,single,1,0.0,79.0,
1.5B,wordcon,wordcon-0074,test,prog,4,0.0,318.5,prog_k4
1.5B,wordcon,wordcon-0074,test,oracle,4,0.0,318.5,oracle_k4
1.5B,wordcon,wordcon-0074,test,judge,4,0.0,480.0,judge_k4
1.5B,wordcon,wordcon-0074,test,prog,8,0.0,634.0,prog_k8
1.5B,wordcon,wordcon-0074,test,oracle,8,0.0,634.0,oracle_k8
1.5B,wordcon,wordcon-0074,test,judge,8,0.0,864.0,judge_k8
1.5B,wordcon,wordcon-0074,test,seq,1,0.0,79.0,seq_r1
1.5B,wordcon,wordcon-0074,test,seq,2,0.0,201.0,seq_r2
1.5B,wordcon,wordcon-0074,test,seq,3,0.0,323.0,seq_r3
1.5B,wordcon,wordcon-0074,test,seq,4,0.0,445.0,seq_r4
1.5B,wordcon,wordcon-0074,test,long,2,0.0,115.0,long_m2
1.5B,wordcon,wordcon-0074,test,long,4,0.0,115.0,long_m4
1.5B,wordcon,wordcon-0074,test,debate,6,0.0,638.0,debate_a3r2
1.5B,wordcon,wordcon-0075,test,single,1,0.0,84.0,
1.5B,wordcon,wordcon-0075,test,prog,4,0.0,324.0,prog_k4
1.5B,wordcon,wordcon-0075,test,oracle,4,0.0,324.0,oracle_k4
1.5B,wordcon,wordcon-0075,test,judge,4,0.0,491.0,judge_k4
1.5B,wordcon,wordcon-0075,test,prog,8,0.0,640.0,prog_k8
1.5B,wordcon,wordcon-0075,test,oracle,8,0.0,640.0,oracle_k8
1.5B,wordcon,wordcon-0075,test,judge,8,0.0,875.0,judge_k8
1.5B,wordcon,wordcon-0075,test,seq,1,0.0,84.0,seq_r1
1.5B,wordcon,wordcon-0075,test,seq,2,0.0,215.0,seq_r2
1.5B,wordcon,wordcon-0075,test,seq,3,0.0,350.0,seq_r3
1.5B,wordcon,wordcon-0075,test,seq,4,0.0,490.0,seq_r4
1.5B,wordcon,wordcon-0075,test,long,2,0.0,117.0,long_m2
1.5B,wordcon,wordcon-0075,test,long,4,0.0,117.0,long_m4
1.5B,wordcon,wordcon-0075,test,debate,6,0.0,669.0,debate_a3r2
1.5B,wordcon,wordcon-0076,test,single,1,0.0,77.0,
1.5B,wordcon,wordcon-0076,test,prog,4,0.0,310.5,prog_k4
1.5B,wordcon,wordcon-0076,test,oracle,4,0.0,310.5,oracle_k4
1.5B,wordcon,wordcon-0076,test,judge,4,0.0,464.0,judge_k4
1.5B,wordcon,wordcon-0076,test,prog,8,0.0,617.0,prog_k8
1.5B,wordcon,wordcon-0076,test,oracle,8,0.0,617.0,oracle_k8
1.5B,wordcon,wordcon-0076,test,judge,8,0.0,830.0,judge_k8
1.5B,wordcon,wordcon-0076,test,seq,1,0.0,82.0,seq_r1
1.5B,wordcon,wordcon-0076,test,seq,2,0.0,210.0,seq_r2
1.5B,wordcon,wordcon-0076,test,seq,3,0.0,338.0,seq_r3
1.5B,wordcon,wordcon-0076,test,seq,4,0.0,466.0,seq_r4
1.5B,wordcon,wordcon-0076,test,long,2,0.0,108.0,long_m2
1.5B,wordcon,wordcon-0076,test,long,4,0.0,108.0,long_m4
1.5B,wordcon,wordcon-0076,test,debate,6,0.0,647.0,debate_a3r2
1.5B,wordcon,wordcon-0077,test,single,1,0.0,82.0,
1.5B,wordcon,wordcon-0077,test,prog,4,0.0,325.0,prog_k4
1.5B,wordcon,wordcon-0077,test,oracle,4,0.0,325.0,oracle_k4
1.5B,wordcon,wordcon-0077,test,judge,4,0.0,493.0,judge_k4
1.5B,wordcon,wordcon-0077,test,prog,8,0.0,653.0,prog_k8
1.5B,wordcon,wordcon-0077,test,oracle,8,0.0,653.0,oracle_k8
1.5B,wordcon,wordcon-0077,test,judge,8,0.0,902.0,judge_k8
1.5B,wordcon,wordcon-0077,test,seq,1,0.0,82.0,seq_r1
1.5B,wordcon,wordcon-0077,test,seq,2,0.0,209.0,seq_r2
1.5B,wordcon,wordcon-0077,test,seq,3,0.0,336.0,seq_r3
1.5B,wordcon,wordcon-0077,test,seq,4,0.0,464.0,seq_r4
1.5B,wordcon,wordcon-0077,test,long,2,0.0,116.0,long_m2
1.5B,wordcon,wordcon-0077,test,long,4,0.0,116.0,long_m4
1.5B,wordcon,wordcon-0077,test,debate,6,0.0,664.0,debate_a3r2
1.5B,wordcon,wordcon-0078,test,single,1,0.0,78.0,
1.5B,wordcon,wordcon-0078,test,prog,4,0.5,307.0,prog_k4
1.5B,wordcon,wordcon-0078,test,oracle,4,0.5,307.0,oracle_k4
1.5B,wordcon,wordcon-0078,test,judge,4,0.0,457.0,judge_k4
1.5B,wordcon,wordcon-0078,test,prog,8,1.0,612.0,prog_k8
1.5B,wordcon,wordcon-0078,test,oracle,8,1.0,612.0,oracle_k8
1.5B,wordcon,wordcon-0078,test,judge,8,0.0,820.0,judge_k8
1.5B,wordcon,wordcon-0078,test,seq,1,0.0,78.0,seq_r1
1.5B,wordcon,wordcon-0078,test,seq,2,0.0,198.0,seq_r2
1.5B,wordcon,wordcon-0078,test,seq,3,0.0,324.0,seq_r3
1.5B,wordcon,wordcon-0078,test,seq,4,0.0,454.0,seq_r4
1.5B,wordcon,wordcon-0078,test,long,2,0.0,111.0,long_m2
1.5B,wordcon,wordcon-0078,test,long,4,0.0,111.0,long_m4
1.5B,wordcon,wordcon-0078,test,debate,6,0.0,629.0,debate_a3r2
1.5B,wordcon,wordcon-0079,test,single,1,0.0,79.0,
1.5B,wordcon,wordcon-0079,test,prog,4,0.0,321.0,prog_k4
1.5B,wordcon,wordcon-0079,test,oracle,4,0.0,321.0,oracle_k4
1.5B,wordcon,wordcon-0079,test,judge,4,0.0,488.0,judge_k4
1.5B,wordcon,wordcon-0079,test,prog,8,0.0,651.0,prog_k8
1.5B,wordcon,wordcon-0079,test,oracle,8,0.0,651.0,oracle_k8
1.5B,wordcon,wordcon-0079,test,judge,8,0.0,905.0,judge_k8
1.5B,wordcon,wordcon-0079,test,seq,1,0.0,79.0,seq_r1
1.5B,wordcon,wordcon-0079,test,seq,2,0.0,220.0,seq_r2
1.5B,wordcon,wordcon-0079,test,seq,3,0.0,361.0,seq_r3
1.5B,wordcon,wordcon-0079,test,seq,4,0.0,484.0,seq_r4
1.5B,wordcon,wordcon-0079,test,long,2,0.0,121.0,long_m2
1.5B,wordcon,wordcon-0079,test,long,4,0.0,121.0,long_m4
1.5B,wordcon,wordcon-0079,test,debate,6,0.0,646.0,debate_a3r2
1.5B,wordcon,wordcon-0080,test,single,1,0.0,73.0,
1.5B,wordcon,wordcon-0080,test,prog,4,0.0,293.0,prog_k4
1.5B,wordcon,wordcon-0080,test,oracle,4,0.0,293.0,oracle_k4
1.5B,wordcon,wordcon-0080,test,judge,4,0.0,435.0,judge_k4
1.5B,wordcon,wordcon-0080,test,prog,8,0.0,588.0,prog_k8
1.5B,wordcon,wordcon-0080,test,oracle,8,0.0,588.0,oracle_k8
1.5B,wordcon,wordcon-0080,test,judge,8,0.0,785.0,judge_k8
1.5B,wordcon,wordcon-0080,test,seq,1,0.0,73.0,seq_r1
1.5B,wordcon,wordcon-0080,test,seq,2,0.0,185.0,seq_r2
1.5B,wordcon,wordcon-0080,test,seq,3,0.0,297.0,seq_r3
1.5B,wordcon,wordcon-0080,test,seq,4,0.0,409.0,seq_r4
1.5B,wordcon,wordcon-0080,test,long,2,0.0,107.0,long_m2
1.5B,wordcon,wordcon-0080,test,long,4,0.0,107.0,long_m4
1.5B,wordcon,wordcon-0080,test,debate,6,0.0,583.0,debate_a3r2
1.5B,wordcon,wordcon-0081,test,single,1,0.0,82.0,
1.5B,wordcon,wordcon-0081,test,prog,4,0.0,315.0,prog_k4
1.5B,wordcon,wordcon-0081,test,oracle,4,0.0,315.0,oracle_k4
1.5B,wordcon,wordcon-0081,test,judge,4,0.0,473.0,judge_k4
1.5B,wordcon,wordcon-0081,test,prog,8,0.0,626.0,prog_k8
1.5B,wordcon,wordcon-0081,test,oracle,8,0.0,626.0,oracle_k8
1.5B,wordcon,wordcon-0081,test,judge,8,0.0,848.0,judge_k8
1.5B,wordcon,wordcon-0081,test,seq,1,0.0,82.0,seq_r1
1.5B,wordcon,wordcon-0081,test,seq,2,0.0,210.0,seq_r2
1.5B,wordcon,wordcon-0081,test,seq,3,0.0,338.0,seq_r3
1.5B,wordcon,wordcon-0081,test,seq,4,0.0,466.0,seq_r4
1.5B,wordcon,wordcon-0081,test,long,2,0.0,114.0,long_m2
1.5B,wordcon,wordcon-0081,test,long,4,0.0,114.0,long_m4
1.5B,wordcon,wordcon-0081,test,debate,6,0.0,647.0,debate_a3r2
1.5B,wordcon,wordcon-0082,test,single,1,0.0,76.0,
1.5B,wordcon,wordcon-0082,test,prog,4,0.5,310.5,prog_k4
1.5B,wordcon,wordcon-0082,test,oracle,4,0.5,310.5,oracle_k4
1.5B,wordcon,wordcon-0082,test,judge,4,0.5,464.0,judge_k4
1.5B,wordcon,wordcon-0082,test,prog,8,1.0,628.0,prog_k8
1.5B,wordcon,wordcon-0082,test,oracle,8,1.0,628.0,oracle_k8
1.5B,wordcon,wordcon-0082,test,judge,8,0.0,852.0,judge_k8
1.5B,wordcon,wordcon-0082,test,seq,1,0.0,76.0,seq_r1
1.5B,wordcon,wordcon-0082,test,seq,2,0.0,191.0,seq_r2
1.5B,wordcon,wordcon-0082,test,seq,3,0.0,308.0,seq_r3
1.5B,wordcon,wordcon-0082,test,seq,4,0.0,428.0,seq_r4
1.5B,wordcon,wordcon-0082,test,long,2,0.0,113.0,long_m2
1.5B,wordcon,wordcon-0082,test,long,4,0.0,113.0,long_m4
1.5B,wordcon,wordcon-0082,test,debate,6,0.0,632.0,debate_a3r2
1.5B,wordcon,wordcon-0083,test,single,1,0.0,76.0,
1.5B,wordcon,wordcon-0083,test,prog,4,0.0,305.0,prog_k4
1.5B,wordcon,wordcon-0083,test,oracle,4,0.0,305.0,oracle_k4
1.5B,wordcon,wordcon-0083,test,judge,4,0.0,453.5,judge_k4
1.5B,wordcon,wordcon-0083,test,prog,8,0.0,615.0,prog_k8
1.5B,wordcon,wordcon-0083,test,oracle,8,0.0,615.0,oracle_k8
1.5B,wordcon,wordcon-0083,test,judge,8,0.0,826.0,judge_k8
1.5B,wordcon,wordcon-0083,test,seq,1,0.0,76.0,seq_r1
1.5B,wordcon,wordcon-0083,test,seq,2,0.0,195.0,seq_r2
1.5B,wordcon,wordcon-0083,test,seq,3,0.0,317.0,seq_r3
1.5B,wordcon,wordcon-0083,test,seq,4,0.0,439.0,seq_r4
1.5B,wordcon,wordcon-0083,test,long,2,0.0,111.0,long_m2
1.5B,wordcon,wordcon-0083,test,long,4,0.0,111.0,long_m4
1.5B,wordcon,wordcon-0083,test,debate,6,0.0,605.0,debate_a3r2
1.5B,wordcon,wordcon-0084,test,single,1,0.0,78.0,
1.5B,wordcon,wordcon-0084,test,prog,4,0.5,314.5,prog_k4
1.5B,wordcon,wordcon-0084,test,oracle,4,0.5,314.5,oracle_k4
1.5B,wordcon,wordcon-0084,test,judge,4,0.0,472.0,judge_k4
1.5B,wordcon,wordcon-0084,test,prog,8,1.0,630.0,prog_k8
1.5B,wordcon,wordcon-0084,test,oracle,8,1.0,630.0,oracle_k8
1.5B,wordcon,wordcon-0084,test,judge,8,0.0,856.0,judge_k8
1.5B,wordcon,wordcon-0084,test,seq,1,0.0,78.0,seq_r1
1.5B,wordcon,wordcon-0084,test,seq,2,0.0,198.0,seq_r2
1.5B,wordcon,wordcon-0084,test,seq,3,0.0,317.0,seq_r3
1.5B,wordcon,wordcon-0084,test,seq,4,0.0,461.0,seq_r4
1.5B,wordcon,wordcon-0084,test,long,2,0.0,109.0,long_m2
1.5B,wordcon,wordcon-0084,test,long,4,0.0,109.0,long_m4
1.5B,wordcon,wordcon-0084,test,debate,6,0.0,645.0,debate_a3r2
1.5B,wordcon,wordcon-0085,test,single,1,0.0,79.0,
1.5B,wordcon,wordcon-0085,test,prog,4,0.5,313.5,prog_k4
1.5B,wordcon,wordcon-0085,test,oracle,4,0.5,313.5,oracle_k4
1.5B,wordcon,wordcon-0085,test,judge,4,0.5,473.0,judge_k4
1.5B,wordcon,wordcon-0085,test,prog,8,1.0,634.0,prog_k8
1.5B,wordcon,wordcon-0085,test,oracle,8,1.0,634.0,oracle_k8
1.5B,wordcon,wordcon-0085,test,judge,8,0.0,870.0,judge_k8
1.5B,wordcon,wordcon-0085,test,seq,1,0.0,79.0,seq_r1
1.5B,wordcon,wordcon-0085,test,seq,2,0.0,202.0,seq_r2
1.5B,wordcon,wordcon-0085,test,seq,3,0.0,331.0,seq_r3
1.5B,wordcon,wordcon-0085,test,seq,4,0.0,465.0,seq_r4
1.5B,wordcon,wordcon-0085,test,long,2,0.0,114.0,long_m2
1.5B,wordcon,wordcon-0085,test,long,4,0.0,114.0,long_m4
1.5B,wordcon,wordcon-0085,test,debate,6,0.0,635.0,debate_a3r2
1.5B,wordcon,wordcon-0086,test,single,1,0.0,75.0,
1.5B,wordcon,wordcon-0086,test,prog,4,0.0,310.5,prog_k4
1.5B,wordcon,wordcon-0086,test,oracle,4,0.0,310.5,oracle_k4
1.5B,wordcon,wordcon-0086,test,judge,4,0.0,467.0,judge_k4
1.5B,wordcon,wordcon-0086,test,prog,8,0.0,630.0,prog_k8
1.5B,wordcon,wordcon-0086,test,oracle,8,0.0,630.0,oracle_k8
1.5B,wordcon,wordcon-0086,test,judge,8,0.0,863.0,judge_k8
1.5B,wordcon,wordcon-0086,test,seq,1,0.0,75.0,seq_r1
1.5B,wordcon,wordcon-0086,test,seq,2,0.0,190.0,seq_r2
1.5B,wordcon,wordcon-0086,test,seq,3,0.0,304.0,seq_r3
1.5B,wordcon,wordcon-0086,test,seq,4,0.0,417.0,seq_r4
1.5B,wordcon,wordcon-0086,test,long,2,0.0,112.0,long_m2
1.5B,wordcon,wordcon-0086,test,long,4,0.0,112.0,long_m4
1.5B,wordcon,wordcon-0086,test,debate,6,0.0,643.0,debate_a3r2
1.5B,wordcon,wordcon-0087,test,single,1,0.0,77.0,
1.5B,wordcon,wordcon-0087,test,prog,4,0.0,318.0,prog_k4
1.5B,wordcon,wordcon-0087,test,oracle,4,0.0,318.0,oracle_k4
1.5B,wordcon,wordcon-0087,test,judge,4,0.0,479.0,judge_k4
1.5B,wordcon,wordcon-0087,test,prog,8,1.0,636.0,prog_k8
1.5B,wordcon,wordcon-0087,test,oracle,8,1.0,636.0,oracle_k8
1.5B,wordcon,wordcon-0087,test,judge,8,0.0,868.0,judge_k8
1.5B,wordcon,wordcon-0087,test,seq,1,0.0,77.0,seq_r1
1.5B,wordcon,wordcon-0087,test,seq,2,0.0,199.0,seq_r2
1.5B,wordcon,wordcon-0087,test,seq,3,0.0,327.0,seq_r3
1.5B,wordcon,wordcon-0087,test,seq,4,0.0,458.0,seq_r4
1.5B,wordcon,wordcon-0087,test,long,2,0.0,112.0,long_m2
1.5B,wordcon,wordcon-0087,test,long,4,0.0,112.0,long_m4
1.5B,wordcon,wordcon-0087,test,debate,6,0.0,647.0,debate_a3r2
1.5B,wordcon,wordcon-0088,test,single,1,0.0,74.0,
1.5B,wordcon,wordcon-0088,test,prog,4,0.5,296.5,prog_k4
1.5B,wordcon,wordcon-0088,test,oracle,4,0.5,296.5,oracle_k4
1.5B,wordcon,wordcon-0088,test,judge,4,0.0,442.0,judge_k4
1.5B,wordcon,wordcon-0088,test,prog,8,1.0,594.0,prog_k8
1.5B,wordcon,wordcon-0088,test,oracle,8,1.0,594.0,oracle_k8
1.5B,wordcon,wordcon-0088,test,judge,8,0.0,798.0,judge_k8
1.5B,wordcon,wordcon-0088,test,seq,1,0.0,74.0,seq_r1
1.5B,wordcon,wordcon-0088,test,seq,2,0.0,188.0,seq_r2
1.5B,wordcon,wordcon-0088,test,seq,3,0.0,302.0,seq_r3
1.5B,wordcon,wordcon-0088,test,seq,4,0.0,416.0,seq_r4
1.5B,wordcon,wordcon-0088,test,long,2,0.0,107.0,long_m2
1.5B,wordcon,wordcon-0088,test,long,4,0.0,107.0,long_m4
1.5B,wordcon,wordcon-0088,test,debate,6,0.0,600.0,debate_a3r2
1.5B,wordcon,wordcon-0089,test,single,1,0.0,79.0,
1.5B,wordcon,wordcon-0089,test,prog,4,0.5,314.0,prog_k4
1.5B,wordcon,wordcon-0089,test,oracle,4,0.5,314.0,oracle_k4
1.5B,wordcon,wordcon-0089,test,judge,4,0.0,471.0,judge_k4
1.5B,wordcon,wordcon-0089,test,prog,8,1.0,628.0,prog_k8
1.5B,wordcon,wordcon-0089,test,oracle,8,1.0,628.0,oracle_k8
1.5B,wordcon,wordcon-0089,test,judge,8,0.0,852.0,judge_k8
1.5B,wordcon,wordcon-0089,test,seq,1,0.0,79.0,seq_r1
1.5B,wordcon,wordcon-0089,test,seq,2,0.0,201.0,seq_r2
1.5B,wordcon,wordcon-0089,test,seq,3,0.0,329.0,seq_r3
1.5B,wordcon,wordcon-0089,test,seq,4,0.0,464.0,seq_r4
1.5B,wordcon,wordcon-0089,test,long,2,0.0,113.0,long_m2
1.5B,wordcon,wordcon-0089,test,long,4,0.0,113.0,long_m4
1.5B,wordcon,wordcon-0089,test,debate,6,0.0,637.0,debate_a3r2
